eval_index,case_type,source,solve,model,score,population_count,cem_iteration,num_samples,contact_fraction,mean_contact_steps,block_motion_mean_px,population_ever_success_fraction,population_endpoint_success_fraction,endpoint_mse_mean,endpoint_nmse_population,pred_encoder_rho,pusher_iqr,pusher_informative,pusher_rho,pusher_top10_recall,pusher_oracle_best_rank_pct,pusher_selected_target_percentile,pusher_selection_regret,block_iqr,block_informative,block_rho,block_top10_recall,block_oracle_best_rank_pct,block_selected_target_percentile,block_selection_regret,theta_iqr,theta_informative,theta_rho,theta_top10_recall,theta_oracle_best_rank_pct,theta_selected_target_percentile,theta_selection_regret,object_iqr,object_informative,object_rho,object_top10_recall,object_oracle_best_rank_pct,object_selected_target_percentile,object_selection_regret,physical_iqr,physical_informative,physical_rho,physical_top10_recall,physical_oracle_best_rank_pct,physical_selected_target_percentile,physical_selection_regret,pusher_partial_rho,pusher_matched_accuracy,pusher_matched_pairs,block_partial_rho,block_matched_accuracy,block_matched_pairs,theta_partial_rho,theta_matched_accuracy,theta_matched_pairs
7,both_fail,lewm,0,factor,encoder_raw,5,12.0,300.0,0.7486666666666666,7.064,33.60909406494892,0.0,0.0,0.09875784851610661,0.631467014655785,0.8717949273145699,14.33746374826471,1.0,0.476992444525949,0.24666666666666665,0.3531772575250836,0.2662207357859532,7.584812050979943,6.718207353856985,0.8,0.8559988817936394,0.3833333333333333,0.18979933110367891,0.17892976588628762,0.2795635504003091,4.751916006095856,0.8,0.7207812546925777,0.4583333333333333,0.4423076923076923,0.1914715719063545,1.3038073185060655,12.710164139204768,0.8,0.8510635571782066,0.4833333333333333,0.205685618729097,0.1605351170568562,0.7078084136044305,24.5186555728352,1.0,0.8430486507355971,0.5266666666666666,0.12976588628762542,0.14983277591973243,5.306159324725149,0.3007852604325428,0.6511420751913699,8892.6,0.5299715525326391,0.764675700193203,165.6,0.2475994374781806,0.7313528679866339,684.8
7,both_fail,lewm,0,factor,predictor_raw,5,12.0,300.0,0.7486666666666666,7.064,33.60909406494892,0.0,0.0,0.09875784851610661,0.631467014655785,0.8717949273145699,14.33746374826471,1.0,0.3960012000133335,0.19999999999999998,0.4903010033444817,0.23076923076923075,6.006321003157868,6.718207353856985,0.8,0.6989240355219146,0.30833333333333335,0.27257525083612044,0.13377926421404682,0.17012857907310214,4.751916006095856,0.8,0.5676951337826832,0.29166666666666663,0.5008361204013377,0.2625418060200669,1.861076300412124,12.710164139204768,0.8,0.6899447830092846,0.29166666666666663,0.270066889632107,0.2182274247491639,1.1556424241832821,24.5186555728352,1.0,0.7443900487783197,0.4066666666666666,0.20334448160535118,0.07157190635451505,4.085935485366155,0.21189097890580796,0.6121019141274687,8892.6,0.3869541123092934,0.6931160192644459,165.6,0.1205696186538106,0.6471412500340008,684.8
7,both_fail,lewm,0,factor,encoder_factor_head_diagnostic_only,5,12.0,300.0,0.7486666666666666,7.064,33.60909406494892,0.0,0.0,0.09875784851610661,0.631467014655785,0.8717949273145699,14.33746374826471,1.0,0.7221816641867045,0.5466666666666666,0.15986622073578594,0.07491638795986623,0.5792182383964092,6.718207353856985,0.8,0.7674009575645714,0.4,0.25668896321070234,0.13795986622073578,0.3170038088689454,4.751916006095856,0.8,0.6969483597821167,0.3666666666666667,0.32943143812709025,0.2148829431438127,1.4485379096235236,12.710164139204768,0.8,0.7683288702335391,0.375,0.20317725752508362,0.18561872909698995,0.8899792631905247,24.5186555728352,1.0,0.9887057404271543,0.8733333333333334,0.006688963210702341,0.020735785953177256,0.3879140475252109,0.7689196790514414,0.9050899031650822,8892.6,0.6347278652571289,0.9277892174312622,165.6,0.513766440956528,0.8259195196469131,684.8
7,both_fail,lewm,0,lewm,encoder_raw,5,12.0,300.0,0.7486666666666666,7.064,33.60909406494892,0.0,0.0,0.24237354435026645,1.7763409100044627,0.5597539418006933,14.33746374826471,1.0,0.49256559441833014,0.24,0.5050167224080269,0.1826086956521739,6.268836914931479,6.718207353856985,0.8,0.8729646423721905,0.39166666666666666,0.14381270903010035,0.16806020066889632,0.2838216829960691,4.751916006095856,0.8,0.7102391870365427,0.43333333333333335,0.44648829431438125,0.19983277591973242,1.334138256338707,12.710164139204768,0.8,0.8509021493236513,0.44166666666666665,0.21237458193979933,0.16555183946488294,0.7423974840328319,24.5186555728352,1.0,0.8386929565525207,0.5266666666666666,0.25217391304347825,0.07625418060200669,4.017855445019406,0.4035889522992333,0.702781558952927,8892.6,0.5599678632788004,0.7728312608099036,165.6,0.15486647131146017,0.6660496188550327,684.8
7,both_fail,lewm,0,lewm,predictor_raw,5,12.0,300.0,0.7486666666666666,7.064,33.60909406494892,0.0,0.0,0.24237354435026645,1.7763409100044627,0.5597539418006933,14.33746374826471,1.0,0.5082656473960822,0.21333333333333332,0.379933110367893,0.2709030100334448,3.5712654641660047,6.718207353856985,0.8,0.24160043588273117,0.03333333333333333,0.5919732441471571,0.5535117056856187,10.71950744005926,4.751916006095856,0.8,0.045952908843059394,0.025,0.6137123745819398,0.5877926421404682,14.569195715891832,12.710164139204768,0.8,0.18922661106947303,0.016666666666666666,0.6964882943143813,0.5693979933110368,24.413140700649148,24.5186555728352,1.0,0.5076258180646451,0.22000000000000003,0.35451505016722407,0.3672240802675585,21.133700169762836,0.5171795289960943,0.7463386147764905,8892.6,0.23305719013577206,0.6382420627334061,165.6,-0.19800823793480385,0.40652786256620355,684.8
7,both_fail,lewm,0,ald_tf,encoder_raw,5,12.0,300.0,0.7486666666666666,7.064,33.60909406494892,0.0,0.0,0.21151802279055118,1.5405884990013687,0.5723608380279025,14.33746374826471,1.0,0.49256559441833014,0.24,0.5050167224080269,0.1826086956521739,6.268836914931479,6.718207353856985,0.8,0.8729646423721905,0.39166666666666666,0.14381270903010035,0.16806020066889632,0.2838216829960691,4.751916006095856,0.8,0.7102391870365427,0.43333333333333335,0.44648829431438125,0.19983277591973242,1.334138256338707,12.710164139204768,0.8,0.8509021493236513,0.44166666666666665,0.21237458193979933,0.16555183946488294,0.7423974840328319,24.5186555728352,1.0,0.8386929565525207,0.5266666666666666,0.25217391304347825,0.07625418060200669,4.017855445019406,0.4035889522992333,0.702781558952927,8892.6,0.5599678632788004,0.7728312608099036,165.6,0.15486647131146017,0.6660496188550327,684.8
7,both_fail,lewm,0,ald_tf,predictor_raw,5,12.0,300.0,0.7486666666666666,7.064,33.60909406494892,0.0,0.0,0.21151802279055118,1.5405884990013687,0.5723608380279025,14.33746374826471,1.0,0.35489105434504825,0.25333333333333335,0.39264214046822743,0.27224080267558526,3.7995988258637228,6.718207353856985,0.8,0.24131652970140197,0.075,0.5886287625418061,0.30936454849498324,2.7028620477886824,4.751916006095856,0.8,0.10023862749263805,0.075,0.6764214046822743,0.48494983277591974,6.260159864720491,12.710164139204768,0.8,0.2201725733191919,0.075,0.4765886287625418,0.4381270903010034,8.087459457207228,24.5186555728352,1.0,0.49080412004577817,0.26,0.30501672240802674,0.2374581939799331,7.914833544724139,0.277430274613081,0.6221190951434326,8892.6,0.20310037672959577,0.6240994608080416,165.6,-0.03166120675468834,0.50935427085702,684.8
7,both_fail,lewm,1,factor,encoder_raw,5,12.0,300.0,1.0,9.306666666666667,21.561372541563337,0.0,0.0,0.1752731829881668,2.243612735614204,0.3963623595817731,8.170854715126751,1.0,0.24217069078545314,0.026666666666666665,0.622742474916388,0.5484949832775919,6.220550952214604,1.7214986191089878,1.0,0.07598333314814609,0.04666666666666667,0.6588628762541806,0.42006688963210703,1.963433536649563,5.6528240020583125,1.0,-0.02458151757241748,0.13999999999999999,0.5866220735785953,0.35652173913043483,8.095986829466245,5.252387903113269,1.0,0.08861254013933488,0.1933333333333333,0.4602006688963211,0.30769230769230765,7.913529026880518,12.13791813227476,1.0,0.22463991822131354,0.10666666666666669,0.7812709030100333,0.31839464882943147,10.251814385085709,0.26575769020301704,0.5089247551360423,469.6,-0.0014198851368619702,0.4503222194778974,373.6,-0.11990032990225792,0.5948216788086611,290.8
7,both_fail,lewm,1,factor,predictor_raw,5,12.0,300.0,1.0,9.306666666666667,21.561372541563337,0.0,0.0,0.1752731829881668,2.243612735614204,0.3963623595817731,8.170854715126751,1.0,-0.004621651351681688,0.013333333333333332,0.6628762541806019,0.4802675585284281,5.803174211282948,1.7214986191089878,1.0,-0.4076940410449005,0.013333333333333332,0.6615384615384615,0.7451505016722407,3.860102210208823,5.6528240020583125,1.0,-0.12379844220491339,0.12666666666666665,0.4066889632107024,0.4040133779264214,8.388094237295373,5.252387903113269,1.0,-0.25012535694841054,0.04666666666666667,0.5491638795986622,0.45953177257525085,10.102305108268908,12.13791813227476,1.0,-0.09871656351737242,0.013333333333333332,0.9277591973244146,0.37926421404682276,12.023213725542442,0.06667379300214123,0.5307207775849309,469.6,-0.47154669099476204,0.3257500968950196,373.6,-0.17464143109789604,0.4348411007584028,290.8
7,both_fail,lewm,1,factor,encoder_factor_head_diagnostic_only,5,12.0,300.0,1.0,9.306666666666667,21.561372541563337,0.0,0.0,0.1752731829881668,2.243612735614204,0.3963623595817731,8.170854715126751,1.0,0.7891788130979231,0.4333333333333333,0.07090301003344482,0.14381270903010032,1.7347515403682228,1.7214986191089878,1.0,0.2163261369570773,0.2733333333333333,0.2715719063545151,0.35986622073578595,1.5371692836238726,5.6528240020583125,1.0,0.690414782386471,0.42000000000000004,0.3210702341137124,0.05618729096989966,3.7530400748041712,5.252387903113269,1.0,0.7756316403515594,0.5599999999999999,0.11304347826086955,0.03678929765886288,3.144318019192755,12.13791813227476,1.0,0.9703408260091779,0.7933333333333334,0.00802675585284281,0.008695652173913044,0.9968039655515618,0.7979494282893386,0.8446376198519756,469.6,0.4525269081882902,0.6192850314076294,373.6,0.7920618074489428,0.8848888501618648,290.8
7,both_fail,lewm,1,lewm,encoder_raw,5,12.0,300.0,1.0,9.306666666666667,21.561372541563337,0.0,0.0,0.2808251723647118,2.6948681333600546,0.4721984910943455,8.170854715126751,1.0,0.36206953410593445,0.05333333333333333,0.5418060200668896,0.37658862876254184,4.404713366658655,1.7214986191089878,1.0,0.31057100634451495,0.06000000000000001,0.5010033444816053,0.41739130434782606,1.9149005398631413,5.6528240020583125,1.0,-0.06243820486894299,0.06,0.7879598662207359,0.3879598662207358,9.300229819281864,5.252387903113269,1.0,0.10553601706685631,0.11333333333333333,0.5070234113712375,0.3578595317725753,9.069239019909718,12.13791813227476,1.0,0.349588417649085,0.10666666666666666,0.5698996655518396,0.3083612040133779,9.591686792558955,0.3744679108599914,0.5667197622254483,469.6,0.2010822470799452,0.5289829564334732,373.6,-0.18486087527283,0.5480146590997335,290.8
7,both_fail,lewm,1,lewm,predictor_raw,5,12.0,300.0,1.0,9.306666666666667,21.561372541563337,0.0,0.0,0.2808251723647118,2.6948681333600546,0.4721984910943455,8.170854715126751,1.0,0.28205824509161215,0.06000000000000001,0.6849498327759198,0.40602006688963216,5.957400865608297,1.7214986191089878,1.0,-0.035687063189591,0.013333333333333332,0.6040133779264213,0.44816053511705684,1.9605565600806731,5.6528240020583125,1.0,-0.26852378359759554,0.026666666666666665,0.8528428093645486,0.8361204013377928,16.211734241483228,5.252387903113269,1.0,-0.26274638607095635,0.006666666666666666,0.8408026755852843,0.8347826086956521,16.026399462328612,12.13791813227476,1.0,0.04892276580850896,0.013333333333333332,0.911705685618729,0.6668896321070235,18.10153473392749,0.4444325958509152,0.6746348646711601,469.6,-0.17765591676656187,0.4429593337622368,373.6,-0.45821554179155977,0.3386700619523093,290.8
7,both_fail,lewm,1,ald_tf,encoder_raw,5,12.0,300.0,1.0,9.306666666666667,21.561372541563337,0.0,0.0,0.20996553897857667,1.7485320330629708,0.45687405415615734,8.170854715126751,1.0,0.36206953410593445,0.05333333333333333,0.5418060200668896,0.37658862876254184,4.404713366658655,1.7214986191089878,1.0,0.31057100634451495,0.06000000000000001,0.5010033444816053,0.41739130434782606,1.9149005398631413,5.6528240020583125,1.0,-0.06243820486894299,0.06,0.7879598662207359,0.3879598662207358,9.300229819281864,5.252387903113269,1.0,0.10553601706685631,0.11333333333333333,0.5070234113712375,0.3578595317725753,9.069239019909718,12.13791813227476,1.0,0.349588417649085,0.10666666666666666,0.5698996655518396,0.3083612040133779,9.591686792558955,0.3744679108599914,0.5667197622254483,469.6,0.2010822470799452,0.5289829564334732,373.6,-0.18486087527283,0.5480146590997335,290.8
7,both_fail,lewm,1,ald_tf,predictor_raw,5,12.0,300.0,1.0,9.306666666666667,21.561372541563337,0.0,0.0,0.20996553897857667,1.7485320330629708,0.45687405415615734,8.170854715126751,1.0,0.07896461071789687,0.03333333333333333,0.737123745819398,0.5979933110367893,6.763667721841038,1.7214986191089878,1.0,-0.05357775086389849,0.013333333333333332,0.6260869565217391,0.5598662207357858,2.2293322175818746,5.6528240020583125,1.0,-0.45254022822475803,0.03333333333333333,0.8474916387959865,0.9217391304347826,17.488312276000954,5.252387903113269,1.0,-0.45250076111956794,0.0,0.7926421404682275,0.9190635451505017,17.571753154347537,12.13791813227476,1.0,-0.1560765786286514,0.006666666666666666,0.9110367892976589,0.782608695652174,20.45315528217916,0.3031070034477748,0.625779756229742,469.6,-0.18672185438676897,0.4197444898855035,373.6,-0.5532921356979567,0.2785759767470684,290.8
7,both_fail,ald_tf,0,factor,encoder_raw,5,12.0,300.0,0.7213333333333333,4.077333333333334,21.06074996343724,0.0,0.0,0.1029396627098322,0.5855101792939718,0.7144787247310932,15.164487226010952,1.0,0.0873870707110859,0.13333333333333333,0.5337792642140469,0.48695652173913045,9.495511468799958,4.115395423116608,0.8,0.33217073462791186,0.18333333333333332,0.5819397993311036,0.3219063545150502,0.11027022693960178,3.522689979955275,0.8,0.6830642174047851,0.30833333333333335,0.2382943143812709,0.1245819397993311,0.908587881400738,7.489706153442664,0.8,0.8351797525400939,0.45833333333333337,0.19481605351170567,0.08361204013377926,0.35492137909788335,18.358062030198468,1.0,0.5582136889610155,0.29333333333333333,0.3424749163879598,0.29632107023411375,7.112274129006342,0.17787397388034504,0.6971704942299024,9059.4,0.5228910089361565,0.8354373522458629,431.6,0.4705844040102204,0.7180766160291864,615.0
7,both_fail,ald_tf,0,factor,predictor_raw,5,12.0,300.0,0.7213333333333333,4.077333333333334,21.06074996343724,0.0,0.0,0.1029396627098322,0.5855101792939718,0.7144787247310932,15.164487226010952,1.0,0.3735406837853754,0.19333333333333333,0.6408026755852843,0.20535117056856186,6.544611393998798,4.115395423116608,0.8,0.1296904798531698,0.10833333333333334,0.5150501672240803,0.5543478260869565,0.7425383040999749,3.522689979955275,0.8,0.3485626716459793,0.10833333333333334,0.47157190635451507,0.36705685618729095,1.5113681200452307,7.489706153442664,0.8,0.4183434213019083,0.075,0.3737458193979933,0.3787625418060201,1.5899696949027495,18.358062030198468,1.0,0.6481962688474316,0.30666666666666664,0.5010033444816053,0.17324414715719064,5.149412706849074,0.5170192842423561,0.7341508076709072,9059.4,0.161364194092952,0.6874035224035224,431.6,0.08636351745361437,0.4955586580008308,615.0
7,both_fail,ald_tf,0,factor,encoder_factor_head_diagnostic_only,5,12.0,300.0,0.7213333333333333,4.077333333333334,21.06074996343724,0.0,0.0,0.1029396627098322,0.5855101792939718,0.7144787247310932,15.164487226010952,1.0,0.6934566783882306,0.54,0.1491638795986622,0.0822742474916388,1.1312247038690142,4.115395423116608,0.8,0.2622420162643158,0.16666666666666666,0.6521739130434784,0.44147157190635455,0.5453529929642315,3.522689979955275,0.8,0.42458518555451874,0.3,0.37792642140468224,0.1254180602006689,0.7204140784569253,7.489706153442664,0.8,0.4725540420272175,0.15,0.4423076923076923,0.2591973244147157,0.6018303421787006,18.358062030198468,1.0,0.9842377354022067,0.8733333333333333,0.048160535117056855,0.01605351170568562,0.8871263902547719,0.8529924561558587,0.9660630260821051,9059.4,0.39863081902361563,0.8793082351061074,431.6,0.5724254664741136,0.8625899523129554,615.0
7,both_fail,ald_tf,0,lewm,encoder_raw,5,12.0,300.0,0.7213333333333333,4.077333333333334,21.06074996343724,0.0,0.0,0.13258727230131626,0.6525193165583438,0.48369824559843283,15.164487226010952,1.0,0.11463839887873813,0.14666666666666667,0.6668896321070233,0.47491638795986624,9.32724556593155,4.115395423116608,0.8,0.3181985655304822,0.15,0.5535117056856187,0.3102006688963211,0.08472579762297812,3.522689979955275,0.8,0.658499192847985,0.2833333333333333,0.24247491638795984,0.13545150501672243,0.9280808372039713,7.489706153442664,0.8,0.8047452862648073,0.4166666666666667,0.2006688963210702,0.08193979933110368,0.348869905584493,18.358062030198468,1.0,0.589072079584603,0.3,0.45150501672240806,0.26755852842809363,6.939167047327222,0.2570271093234687,0.7539359459997492,9059.4,0.45900768599334996,0.8326993613163827,431.6,0.4461498795658243,0.671938113982878,615.0
7,both_fail,ald_tf,0,lewm,predictor_raw,5,12.0,300.0,0.7213333333333333,4.077333333333334,21.06074996343724,0.0,0.0,0.13258727230131626,0.6525193165583438,0.48369824559843283,15.164487226010952,1.0,0.5903114479049767,0.24666666666666667,0.4969899665551839,0.18193979933110369,3.8892921582816435,4.115395423116608,0.8,-0.07431462371778863,0.06666666666666667,0.4322742474916388,0.5108695652173914,0.4745491751524725,3.522689979955275,0.8,0.02134112344242313,0.1,0.40468227424749165,0.37959866220735783,1.6739765048522885,7.489706153442664,0.8,0.037558538241172196,0.008333333333333333,0.6095317725752509,0.3595317725752509,1.4845889507623047,18.358062030198468,1.0,0.6153058589539884,0.26,0.4287625418060201,0.1137123745819398,3.2866104780354157,0.6610764239018248,0.8209574480942804,9059.4,-0.017841604615617734,0.5665749557770834,431.6,-0.13713550587721188,0.382480294692185,615.0
7,both_fail,ald_tf,0,ald_tf,encoder_raw,5,12.0,300.0,0.7213333333333333,4.077333333333334,21.06074996343724,0.0,0.0,0.13025574274361135,0.6607075754678865,0.48912884134718426,15.164487226010952,1.0,0.11463839887873813,0.14666666666666667,0.6668896321070233,0.47491638795986624,9.32724556593155,4.115395423116608,0.8,0.3181985655304822,0.15,0.5535117056856187,0.3102006688963211,0.08472579762297812,3.522689979955275,0.8,0.658499192847985,0.2833333333333333,0.24247491638795984,0.13545150501672243,0.9280808372039713,7.489706153442664,0.8,0.8047452862648073,0.4166666666666667,0.2006688963210702,0.08193979933110368,0.348869905584493,18.358062030198468,1.0,0.589072079584603,0.3,0.45150501672240806,0.26755852842809363,6.939167047327222,0.2570271093234687,0.7539359459997492,9059.4,0.45900768599334996,0.8326993613163827,431.6,0.4461498795658243,0.671938113982878,615.0
7,both_fail,ald_tf,0,ald_tf,predictor_raw,5,12.0,300.0,0.7213333333333333,4.077333333333334,21.06074996343724,0.0,0.0,0.13025574274361135,0.6607075754678865,0.48912884134718426,15.164487226010952,1.0,0.41373330814786835,0.24666666666666667,0.5819397993311036,0.2755852842809364,4.637092849511062,4.115395423116608,0.8,-0.14227705103580407,0.049999999999999996,0.48411371237458195,0.6622073578595318,1.1054787681658493,3.522689979955275,0.8,0.014632601753702103,0.058333333333333334,0.5301003344481605,0.3770903010033445,1.757681256822265,7.489706153442664,0.8,0.008780423958444576,0.025,0.5510033444816054,0.4506688963210702,2.1992232957456577,18.358062030198468,1.0,0.4478457760641784,0.23333333333333334,0.4983277591973244,0.21939799331103677,4.219463653268638,0.48235032531820365,0.729644671003886,9059.4,-0.04208776055302785,0.5028171926576182,431.6,-0.2012549924506647,0.34500543372427506,615.0
7,both_fail,ald_tf,1,factor,encoder_raw,5,12.0,300.0,1.0,7.118666666666667,15.018869566356969,0.0,0.0,0.1373815879225731,6.019349151231521,0.29503077374952386,7.572971543312468,1.0,0.09468216186535457,0.06,0.6488294314381271,0.30568561872909694,4.500614374278408,1.8175481784151253,1.0,0.7338030100146785,0.3666666666666667,0.11438127090301002,0.043478260869565216,0.10858903839207353,0.8079884893448167,1.0,-0.02652524333163151,0.07333333333333333,0.7872909698996656,0.4602006688963211,0.829293441137396,2.064797040355976,1.0,0.49880771385049344,0.22000000000000003,0.29899665551839466,0.15986622073578594,0.7335635690018993,8.323420405026278,1.0,0.26822706719529205,0.14,0.3565217391304348,0.22809364548494981,4.347176967697608,0.1465603487961405,0.5981435792356519,686.4,0.7559910975230653,0.8612967808660897,377.6,-0.02868257071929925,0.46258050791760974,373.0
7,both_fail,ald_tf,1,factor,predictor_raw,5,12.0,300.0,1.0,7.118666666666667,15.018869566356969,0.0,0.0,0.1373815879225731,6.019349151231521,0.29503077374952386,7.572971543312468,1.0,0.10817595751063899,0.013333333333333332,0.8307692307692308,0.3204013377926421,3.538197887161324,1.8175481784151253,1.0,0.142823809153435,0.06666666666666668,0.5464882943143813,0.5391304347826087,0.9005750966735931,0.8079884893448167,1.0,0.5040915565728509,0.2666666666666667,0.5230769230769231,0.17123745819397995,0.44874152796685235,2.064797040355976,1.0,0.5706548739430438,0.2733333333333333,0.4822742474916388,0.3090301003344481,1.1449977141128755,8.323420405026278,1.0,0.2567552972810809,0.09333333333333334,0.6361204013377927,0.2588628762541806,3.7961946256915,-0.1682450319245251,0.41053802947039264,686.4,0.2354044902994079,0.5502933147369938,377.6,0.5213193552307283,0.7900660305480243,373.0
7,both_fail,ald_tf,1,factor,encoder_factor_head_diagnostic_only,5,12.0,300.0,1.0,7.118666666666667,15.018869566356969,0.0,0.0,0.1373815879225731,6.019349151231521,0.29503077374952386,7.572971543312468,1.0,0.886817474557199,0.6333333333333334,0.058862876254180595,0.02809364548494983,0.4503214913372301,1.8175481784151253,1.0,0.39342251482315793,0.21333333333333332,0.2782608695652174,0.2528428093645485,0.4962486493866846,0.8079884893448167,1.0,0.32067419279853826,0.2,0.40535117056856185,0.19665551839464882,0.4400021165562822,2.064797040355976,1.0,0.5625592853616472,0.33999999999999997,0.0976588628762542,0.11906354515050169,0.7319318554153967,8.323420405026278,1.0,0.9549679647305964,0.76,0.004013377926421405,0.005351170568561873,0.2952523711699272,0.9441561964676234,0.9719899440719832,686.4,0.601960177359904,0.7718176329954798,377.6,-0.12650910482136052,0.38135838328056526,373.0
7,both_fail,ald_tf,1,lewm,encoder_raw,5,12.0,300.0,1.0,7.118666666666667,15.018869566356969,0.0,0.0,0.1457420527935028,6.441239143192893,0.3132733392763784,7.572971543312468,1.0,-0.025390819369577912,0.0,0.6454849498327759,0.5926421404682275,6.871365232929383,1.8175481784151253,1.0,0.7096468279999069,0.29333333333333333,0.10501672240802676,0.06020066889632107,0.09067034271619949,0.8079884893448167,1.0,-0.2598255274754747,0.04666666666666667,0.8822742474916389,0.6053511705685619,1.1521926693677915,2.064797040355976,1.0,0.30217663610772705,0.12666666666666665,0.4133779264214047,0.36923076923076925,1.0385441015564212,8.323420405026278,1.0,0.12432404309810205,0.08,0.44013377926421404,0.5264214046822742,7.0229083589031065,0.13101316134662241,0.6411210028373753,686.4,0.7586579582260058,0.8496978312984043,377.6,-0.3298680959633037,0.34197317646435726,373.0
7,both_fail,ald_tf,1,lewm,predictor_raw,5,12.0,300.0,1.0,7.118666666666667,15.018869566356969,0.0,0.0,0.1457420527935028,6.441239143192893,0.3132733392763784,7.572971543312468,1.0,-0.2671748797208858,0.0,0.7759197324414716,0.6735785953177258,7.599762500059162,1.8175481784151253,1.0,0.0719520883565373,0.04,0.5377926421404682,0.47558528428093644,0.5159187575613222,0.8079884893448167,1.0,0.13556843964932946,0.1,0.8013377926421403,0.4120401337792642,0.6739294660563802,2.064797040355976,1.0,0.23906683407593418,0.15999999999999998,0.6287625418060201,0.3792642140468227,0.9855293130901324,8.323420405026278,1.0,-0.13410015666840744,0.03333333333333333,0.7270903010033445,0.6093645484949832,7.698290837566596,-0.3457838319391233,0.31679906723192275,686.4,0.15595018539457411,0.5334549190679962,377.6,0.39664140302185313,0.738504572624902,373.0
7,both_fail,ald_tf,1,ald_tf,encoder_raw,5,12.0,300.0,1.0,7.118666666666667,15.018869566356969,0.0,0.0,0.12835793495178222,6.799012960376561,0.5094883730664722,7.572971543312468,1.0,-0.025390819369577912,0.0,0.6454849498327759,0.5926421404682275,6.871365232929383,1.8175481784151253,1.0,0.7096468279999069,0.29333333333333333,0.10501672240802676,0.06020066889632107,0.09067034271619949,0.8079884893448167,1.0,-0.2598255274754747,0.04666666666666667,0.8822742474916389,0.6053511705685619,1.1521926693677915,2.064797040355976,1.0,0.30217663610772705,0.12666666666666665,0.4133779264214047,0.36923076923076925,1.0385441015564212,8.323420405026278,1.0,0.12432404309810205,0.08,0.44013377926421404,0.5264214046822742,7.0229083589031065,0.13101316134662241,0.6411210028373753,686.4,0.7586579582260058,0.8496978312984043,377.6,-0.3298680959633037,0.34197317646435726,373.0
7,both_fail,ald_tf,1,ald_tf,predictor_raw,5,12.0,300.0,1.0,7.118666666666667,15.018869566356969,0.0,0.0,0.12835793495178222,6.799012960376561,0.5094883730664722,7.572971543312468,1.0,0.17560417337970421,0.02,0.7792642140468228,0.32642140468227426,4.698864189799679,1.8175481784151253,1.0,0.3446293403260036,0.09333333333333334,0.45953177257525085,0.31438127090301005,0.7044131842625989,0.8079884893448167,1.0,0.18289820998011092,0.07999999999999999,0.8468227424749163,0.2882943143812709,0.6177686969102207,2.064797040355976,1.0,0.4598927543639374,0.1933333333333333,0.37658862876254184,0.22341137123745822,1.1178629706452496,8.323420405026278,1.0,0.307039055989511,0.08,0.6173913043478262,0.2602006688963211,4.929726184862228,0.12777950743651686,0.5501855256445365,686.4,0.3459751994402066,0.5927513341498363,377.6,0.14849740300887962,0.6095965497062343,373.0
11,lewm_fail_ald_success,lewm,0,factor,encoder_raw,5,12.0,300.0,0.9973333333333333,11.522,62.51559205566957,0.12866666666666665,0.04,0.4447825372219086,2.1549685625592745,0.690750717911499,11.358967598383732,1.0,0.09034474921003077,0.2333333333333333,0.5391304347826088,0.15317725752508363,0.23381790776940825,13.981631645756465,1.0,0.7922368722074227,0.6666666666666666,0.0688963210702341,0.01806020066889632,0.03207491397827823,3.9648469586400346,1.0,0.6213629207141974,0.48,0.20066889632107024,0.028762541806020066,0.05981590645109416,17.881568411008107,1.0,0.7788028831338973,0.6666666666666666,0.018729096989966557,0.0046822742474916385,0.016122796346296167,26.32119972720951,1.0,0.7286827768751868,0.6933333333333332,0.012709030100334449,0.007357859531772574,0.13666463786557365,-0.056112098007851864,0.5847507454622269,3797.4,0.6191442750193821,0.8928177609682784,432.0,-0.11689494069523092,0.5055708520285641,302.6
11,lewm_fail_ald_success,lewm,0,factor,predictor_raw,5,12.0,300.0,0.9973333333333333,11.522,62.51559205566957,0.12866666666666665,0.04,0.4447825372219086,2.1549685625592745,0.690750717911499,11.358967598383732,1.0,0.23710147890532113,0.24,0.4896321070234114,0.21471571906354514,0.44510341411558124,13.981631645756465,1.0,0.5357574292324433,0.40666666666666673,0.12709030100334448,0.1117056856187291,5.262457653941556,3.9648469586400346,1.0,0.30602121618600403,0.3066666666666667,0.325752508361204,0.18394648829431437,1.9688776958487846,17.881568411008107,1.0,0.5024631131643941,0.40666666666666673,0.06421404682274248,0.11638795986622075,7.155567325707264,26.32119972720951,1.0,0.5093703707818976,0.44666666666666666,0.07290969899665552,0.11906354515050169,7.487394673572714,0.17827760166446743,0.6363895351493156,3797.4,0.5222653766773604,0.8310388815418882,432.0,-0.31240604404589656,0.36124683243714323,302.6
11,lewm_fail_ald_success,lewm,0,factor,encoder_factor_head_diagnostic_only,5,12.0,300.0,0.9973333333333333,11.522,62.51559205566957,0.12866666666666665,0.04,0.4447825372219086,2.1549685625592745,0.690750717911499,11.358967598383732,1.0,0.44390050813639403,0.3933333333333333,0.36120401337792646,0.0822742474916388,0.16357479862768026,13.981631645756465,1.0,0.9009412399151746,0.6733333333333333,0.048160535117056855,0.018729096989966554,0.04151023252503776,3.9648469586400346,1.0,0.8075748936432945,0.5333333333333333,0.14046822742474915,0.06956521739130435,0.10141164331902597,17.881568411008107,1.0,0.9042863260140501,0.7,0.06622073578595318,0.013377926421404682,0.06715385176098751,26.32119972720951,1.0,0.9815294158330257,0.9199999999999999,0.01003344481605351,0.006020066889632107,0.11745258413853696,0.7649668568813788,0.8489557343157706,3797.4,0.7508609960826534,0.9519548463412082,432.0,0.3490061563640358,0.7093639863461059,302.6
11,lewm_fail_ald_success,lewm,0,lewm,encoder_raw,5,12.0,300.0,0.9973333333333333,11.522,62.51559205566957,0.12866666666666665,0.04,0.4808696687221527,2.501040962408793,0.49619979918776796,11.358967598383732,1.0,0.03759500268890108,0.23333333333333334,0.5418060200668896,0.0882943143812709,0.18749271927318054,13.981631645756465,1.0,0.7344566373692905,0.62,0.07491638795986623,0.024080267558528427,0.04705567555963912,3.9648469586400346,1.0,0.5727361782641891,0.4733333333333333,0.21070234113712374,0.03210702341137124,0.07163987136957288,17.881568411008107,1.0,0.7227686108568516,0.6133333333333333,0.022742474916387957,0.011371237458193979,0.04292752284613578,26.32119972720951,1.0,0.6524064580980325,0.6466666666666667,0.018729096989966554,0.006020066889632107,0.11714417586918553,-0.10099602177543691,0.5582863840613193,3797.4,0.5802457571233801,0.8676236208810681,432.0,-0.10724431692104253,0.5294821871037938,302.6
11,lewm_fail_ald_success,lewm,0,lewm,predictor_raw,5,12.0,300.0,0.9973333333333333,11.522,62.51559205566957,0.12866666666666665,0.04,0.4808696687221527,2.501040962408793,0.49619979918776796,11.358967598383732,1.0,0.34718696874409716,0.2666666666666667,0.40869565217391307,0.12709030100334448,0.40478312571887887,13.981631645756465,1.0,0.32872029158636945,0.2666666666666667,0.282943143812709,0.2367892976588629,7.43778363223268,3.9648469586400346,1.0,0.1539332976499097,0.22000000000000003,0.5016722408026756,0.33645484949832777,2.3571201282286585,17.881568411008107,1.0,0.3034891627807464,0.27999999999999997,0.14983277591973243,0.24280936454849494,9.71913573637826,26.32119972720951,1.0,0.3290148557206191,0.3466666666666667,0.1765886287625418,0.21137123745819397,10.010642795847009,0.2999785584391204,0.6531674681336415,3797.4,0.4135078971777363,0.7692602717757501,432.0,-0.3114687471703478,0.3814353225146864,302.6
11,lewm_fail_ald_success,lewm,0,ald_tf,encoder_raw,5,12.0,300.0,0.9973333333333333,11.522,62.51559205566957,0.12866666666666665,0.04,0.402953378111124,2.191991423842347,0.6008502514300684,11.358967598383732,1.0,0.03759500268890108,0.23333333333333334,0.5418060200668896,0.0882943143812709,0.18749271927318054,13.981631645756465,1.0,0.7344566373692905,0.62,0.07491638795986623,0.024080267558528427,0.04705567555963912,3.9648469586400346,1.0,0.5727361782641891,0.4733333333333333,0.21070234113712374,0.03210702341137124,0.07163987136957288,17.881568411008107,1.0,0.7227686108568516,0.6133333333333333,0.022742474916387957,0.011371237458193979,0.04292752284613578,26.32119972720951,1.0,0.6524064580980325,0.6466666666666667,0.018729096989966554,0.006020066889632107,0.11714417586918553,-0.10099602177543691,0.5582863840613193,3797.4,0.5802457571233801,0.8676236208810681,432.0,-0.10724431692104253,0.5294821871037938,302.6
11,lewm_fail_ald_success,lewm,0,ald_tf,predictor_raw,5,12.0,300.0,0.9973333333333333,11.522,62.51559205566957,0.12866666666666665,0.04,0.402953378111124,2.191991423842347,0.6008502514300684,11.358967598383732,1.0,0.34752661696241066,0.31333333333333335,0.4073578595317725,0.12441471571906355,0.21199110209035235,13.981631645756465,1.0,0.4605494260517367,0.3266666666666667,0.23344481605351172,0.15852842809364548,6.676352732235756,3.9648469586400346,1.0,0.25940951894047865,0.2266666666666667,0.45083612040133775,0.24615384615384617,2.280307425475539,17.881568411008107,1.0,0.4325046151336361,0.32,0.11170568561872911,0.1625418060200669,8.880892133628219,26.32119972720951,1.0,0.44264616273514157,0.39333333333333337,0.07558528428093644,0.13578595317725753,8.97960716946844,0.3004655405284327,0.6567889788587115,3797.4,0.49478209808897233,0.8151241717526936,432.0,-0.3146950399213444,0.37951839663389275,302.6
11,lewm_fail_ald_success,lewm,1,factor,encoder_raw,5,12.0,300.0,0.9126666666666667,6.7219999999999995,29.660397136438075,0.0,0.0,0.1444273442029953,0.7932183560677482,0.6185774508605651,11.218589778965057,1.0,0.04869307436749297,0.006666666666666666,0.6581939799331104,0.5618729096989966,14.143334856661374,6.213865453099946,1.0,0.5021257844209677,0.2333333333333333,0.474247491638796,0.27892976588628765,3.8440511310264163,3.341256409570066,1.0,0.40743827091960494,0.2666666666666667,0.6006688963210702,0.26220735785953175,2.787298571975211,9.39635313998598,1.0,0.48980417684060384,0.24,0.6040133779264215,0.2662207357859532,6.1976298800262315,18.693928997843287,1.0,0.3605255169501883,0.1,0.5103678929765887,0.35451505016722407,13.625676160555845,-0.07044790472925783,0.4411985047337798,3878.4,0.34550979178365243,0.6998390626032377,181.8,0.03643771260146149,0.5733562091464999,201.8
11,lewm_fail_ald_success,lewm,1,factor,predictor_raw,5,12.0,300.0,0.9126666666666667,6.7219999999999995,29.660397136438075,0.0,0.0,0.1444273442029953,0.7932183560677482,0.6185774508605651,11.218589778965057,1.0,-0.29338210424560274,0.0,0.8367892976588628,0.7444816053511706,18.667450490525304,6.213865453099946,1.0,0.25796182473238344,0.19333333333333336,0.4521739130434783,0.42675585284280937,5.949411515920739,3.341256409570066,1.0,0.07222435859153402,0.13333333333333336,0.5899665551839466,0.49966555183946487,4.980753977162317,9.39635313998598,1.0,0.19644945230244346,0.18666666666666668,0.6260869565217392,0.45016722408026755,10.496445670107661,18.693928997843287,1.0,-0.010664562939588219,0.04666666666666667,0.7331103678929767,0.6247491638795986,22.448607584501197,-0.3546105627488211,0.33342519366834944,3878.4,0.40687300453596864,0.7631894758236437,181.8,-0.2891479414777694,0.3342828644462343,201.8
11,lewm_fail_ald_success,lewm,1,factor,encoder_factor_head_diagnostic_only,5,12.0,300.0,0.9126666666666667,6.7219999999999995,29.660397136438075,0.0,0.0,0.1444273442029953,0.7932183560677482,0.6185774508605651,11.218589778965057,1.0,0.6964438271536351,0.5266666666666666,0.12575250836120402,0.17525083612040135,4.7744439511686245,6.213865453099946,1.0,0.6938862738462055,0.40666666666666673,0.21471571906354514,0.07224080267558528,1.4122192935945563,3.341256409570066,1.0,0.6513890460886353,0.32666666666666666,0.27826086956521745,0.07892976588628761,1.5465100161449474,9.39635313998598,1.0,0.7083811919691352,0.4133333333333333,0.20267558528428098,0.05886287625418061,2.525009486764109,18.693928997843287,1.0,0.9878564872943032,0.8666666666666666,0.00802675585284281,0.006688963210702341,0.5841648618009699,0.8752119766134735,0.957674589506766,3878.4,0.4950969981573327,0.6993656862308273,181.8,0.356288749067854,0.7635727734948758,201.8
11,lewm_fail_ald_success,lewm,1,lewm,encoder_raw,5,12.0,300.0,0.9126666666666667,6.7219999999999995,29.660397136438075,0.0,0.0,0.20350073352456094,0.9564913971117874,0.3882565806286735,11.218589778965057,1.0,0.18446302736697073,0.03333333333333333,0.5745819397993311,0.41137123745819404,9.929772479035861,6.213865453099946,1.0,0.4734134842946266,0.1733333333333333,0.5157190635451505,0.48361204013377923,4.158551287346631,3.341256409570066,1.0,0.39160553524915814,0.18666666666666668,0.602675585284281,0.43076923076923074,3.096790581222396,9.39635313998598,1.0,0.4656726063353238,0.18666666666666668,0.6347826086956522,0.4575250836120401,6.821622045593631,18.693928997843287,1.0,0.45882509805664506,0.13999999999999999,0.46020066889632105,0.29498327759197324,10.036105948497731,0.13972077513725734,0.5361024112007411,3878.4,0.30268891358809025,0.6590054900802874,181.8,0.034244313925913115,0.5707970167078666,201.8
11,lewm_fail_ald_success,lewm,1,lewm,predictor_raw,5,12.0,300.0,0.9126666666666667,6.7219999999999995,29.660397136438075,0.0,0.0,0.20350073352456094,0.9564913971117874,0.3882565806286735,11.218589778965057,1.0,0.08607935643729374,0.006666666666666666,0.8193979933110368,0.3832775919732442,10.528063542426246,6.213865453099946,1.0,-0.030494342637600556,0.07333333333333333,0.6107023411371237,0.5224080267558529,10.709041655497982,3.341256409570066,1.0,-0.20570662084648084,0.026666666666666665,0.6575250836120402,0.5839464882943144,6.313771532531827,9.39635313998598,1.0,-0.08452372121545734,0.05333333333333333,0.6849498327759198,0.5478260869565218,16.589093365054413,18.693928997843287,1.0,0.007006744519383548,0.04666666666666667,0.7819397993311037,0.5150501672240803,20.4018683313489,0.12706891359236655,0.5490999767352596,3878.4,0.2785272938518939,0.6565085870298768,181.8,-0.3473643801565748,0.3629951918724334,201.8
11,lewm_fail_ald_success,lewm,1,ald_tf,encoder_raw,5,12.0,300.0,0.9126666666666667,6.7219999999999995,29.660397136438075,0.0,0.0,0.11525513529777527,0.5122289235085841,0.7734929499216658,11.218589778965057,1.0,0.18446302736697073,0.03333333333333333,0.5745819397993311,0.41137123745819404,9.929772479035861,6.213865453099946,1.0,0.4734134842946266,0.1733333333333333,0.5157190635451505,0.48361204013377923,4.158551287346631,3.341256409570066,1.0,0.39160553524915814,0.18666666666666668,0.602675585284281,0.43076923076923074,3.096790581222396,9.39635313998598,1.0,0.4656726063353238,0.18666666666666668,0.6347826086956522,0.4575250836120401,6.821622045593631,18.693928997843287,1.0,0.45882509805664506,0.13999999999999999,0.46020066889632105,0.29498327759197324,10.036105948497731,0.13972077513725734,0.5361024112007411,3878.4,0.30268891358809025,0.6590054900802874,181.8,0.034244313925913115,0.5707970167078666,201.8
11,lewm_fail_ald_success,lewm,1,ald_tf,predictor_raw,5,12.0,300.0,0.9126666666666667,6.7219999999999995,29.660397136438075,0.0,0.0,0.11525513529777527,0.5122289235085841,0.7734929499216658,11.218589778965057,1.0,-0.03534803720041334,0.013333333333333332,0.7966555183946489,0.46020066889632105,10.095903078558049,6.213865453099946,1.0,0.2605353827467304,0.09333333333333334,0.5819397993311037,0.29565217391304344,3.9793752893351253,3.341256409570066,1.0,0.14377376770425054,0.06,0.6254180602006689,0.36321070234113717,3.0046289021114236,9.39635313998598,1.0,0.23062699492696778,0.08666666666666667,0.6635451505016723,0.30167224080267563,6.550284368471154,18.693928997843287,1.0,0.1852104134490383,0.08,0.6140468227424749,0.2762541806020067,9.93089887089744,-0.04566372643275346,0.46461160470884655,3878.4,0.2672070001877411,0.612459104703777,181.8,-0.16593841412888502,0.4854306167139333,201.8
11,lewm_fail_ald_success,ald_tf,0,factor,encoder_raw,5,12.0,300.0,0.9973333333333333,12.707333333333333,77.89011251295753,0.2373333333333333,0.1686666666666667,0.18888848423957824,0.5263587064465146,0.7307984517752086,11.346319195995259,1.0,0.26855010704734006,0.29333333333333333,0.38528428093645484,0.0882943143812709,0.20912411538568718,13.73803544532186,1.0,0.7900280476649277,0.44666666666666666,0.22006688963210702,0.06488294314381271,0.05225236973357169,3.962196806108723,1.0,0.6991396960117007,0.31333333333333335,0.3237458193979933,0.09565217391304348,0.07490069070733443,17.51108211550456,1.0,0.801124108925295,0.5866666666666667,0.02608695652173913,0.03812709030100334,0.05825531505413075,27.068804462776786,1.0,0.7630702700695557,0.49333333333333335,0.05752508361204013,0.030100334448160536,0.1796158822471136,-0.0021505233526870116,0.6281029035544998,7834.4,0.4816941917193116,0.9069833333129653,358.8,0.11125441357651929,0.5853698029517634,221.4
11,lewm_fail_ald_success,ald_tf,0,factor,predictor_raw,5,12.0,300.0,0.9973333333333333,12.707333333333333,77.89011251295753,0.2373333333333333,0.1686666666666667,0.18888848423957824,0.5263587064465146,0.7307984517752086,11.346319195995259,1.0,0.3351819464660718,0.22000000000000003,0.2782608695652174,0.17993311036789297,0.3143080227597394,13.73803544532186,1.0,0.6141184776885373,0.4066666666666666,0.22073578595317728,0.07023411371237459,0.06691826044890525,3.962196806108723,1.0,0.4779611710743916,0.26,0.15050167224080266,0.09765886287625418,0.07742807435385234,17.51108211550456,1.0,0.6067127159377582,0.4800000000000001,0.2040133779264214,0.045484949832775914,0.07544858941598222,27.068804462776786,1.0,0.5946627851420571,0.4133333333333333,0.09765886287625418,0.07625418060200669,0.30199306398301723,0.20247998451048818,0.6384141763443822,7834.4,0.4527064355256295,0.8533432234744185,358.8,-0.1544774694135304,0.39020051176606446,221.4
11,lewm_fail_ald_success,ald_tf,0,factor,encoder_factor_head_diagnostic_only,5,12.0,300.0,0.9973333333333333,12.707333333333333,77.89011251295753,0.2373333333333333,0.1686666666666667,0.18888848423957824,0.5263587064465146,0.7307984517752086,11.346319195995259,1.0,0.5743098682403952,0.4533333333333334,0.3010033444816053,0.05752508361204013,0.1630642654576571,13.73803544532186,1.0,0.8823740113904132,0.5066666666666666,0.16521739130434782,0.05150501672240802,0.047249983507786066,3.962196806108723,1.0,0.8280503211480446,0.3666666666666667,0.19464882943143813,0.10836120401337793,0.07924330052053338,17.51108211550456,1.0,0.8907640424331216,0.6066666666666667,0.026755852842809364,0.03612040133779264,0.057595538641544076,27.068804462776786,1.0,0.9708059189052822,0.7533333333333333,0.03411371237458194,0.01939799331103679,0.13289625590649684,0.6812853790340434,0.8698465233722812,7834.4,0.6798492414356248,0.9497615056664888,358.8,0.33938518582268135,0.7826039742407335,221.4
11,lewm_fail_ald_success,ald_tf,0,lewm,encoder_raw,5,12.0,300.0,0.9973333333333333,12.707333333333333,77.89011251295753,0.2373333333333333,0.1686666666666667,0.2147529900074005,0.6691500019841148,0.6281059759230649,11.346319195995259,1.0,0.1977878048311471,0.2333333333333333,0.4093645484949834,0.11973244147157192,0.2595874361829928,13.73803544532186,1.0,0.7320294992899785,0.3733333333333333,0.23812709030100332,0.11103678929765888,0.11065683437902482,3.962196806108723,1.0,0.6329172024977917,0.2533333333333333,0.3732441471571907,0.13110367892976588,0.10186834332579972,17.51108211550456,1.0,0.7415203747653394,0.4666666666666667,0.03612040133779264,0.0923076923076923,0.1436274323180492,27.068804462776786,1.0,0.6844815700437208,0.39333333333333337,0.07357859531772576,0.059531772575250844,0.31545132030833767,-0.07029692507215227,0.5889362796052666,7834.4,0.4521790089909808,0.8929684141152598,358.8,0.06138941401119278,0.5735087449488365,221.4
11,lewm_fail_ald_success,ald_tf,0,lewm,predictor_raw,5,12.0,300.0,0.9973333333333333,12.707333333333333,77.89011251295753,0.2373333333333333,0.1686666666666667,0.2147529900074005,0.6691500019841148,0.6281059759230649,11.346319195995259,1.0,0.34350675007500087,0.25999999999999995,0.22073578595317725,0.10969899665551838,0.4687233588349378,13.73803544532186,1.0,0.40795646087713927,0.3,0.2983277591973244,0.2688963210702341,2.5262914186651613,3.962196806108723,1.0,0.2899069862464496,0.21333333333333337,0.24949832775919734,0.27959866220735785,0.8426553270155284,17.51108211550456,1.0,0.41192138980549114,0.3733333333333333,0.15050167224080266,0.25752508361204013,3.3000490002939147,27.068804462776786,1.0,0.4146702074467495,0.35333333333333333,0.20267558528428092,0.23076923076923075,3.681008810936148,0.2603593622255376,0.6077750434190111,7834.4,0.3411679606786999,0.8218036257427259,358.8,-0.18194481920843916,0.33412326165462913,221.4
11,lewm_fail_ald_success,ald_tf,0,ald_tf,encoder_raw,5,12.0,300.0,0.9973333333333333,12.707333333333333,77.89011251295753,0.2373333333333333,0.1686666666666667,0.18311187997460365,0.5856484022603252,0.6809546970350195,11.346319195995259,1.0,0.1977878048311471,0.2333333333333333,0.4093645484949834,0.11973244147157192,0.2595874361829928,13.73803544532186,1.0,0.7320294992899785,0.3733333333333333,0.23812709030100332,0.11103678929765888,0.11065683437902482,3.962196806108723,1.0,0.6329172024977917,0.2533333333333333,0.3732441471571907,0.13110367892976588,0.10186834332579972,17.51108211550456,1.0,0.7415203747653394,0.4666666666666667,0.03612040133779264,0.0923076923076923,0.1436274323180492,27.068804462776786,1.0,0.6844815700437208,0.39333333333333337,0.07357859531772576,0.059531772575250844,0.31545132030833767,-0.07029692507215227,0.5889362796052666,7834.4,0.4521790089909808,0.8929684141152598,358.8,0.06138941401119278,0.5735087449488365,221.4
11,lewm_fail_ald_success,ald_tf,0,ald_tf,predictor_raw,5,12.0,300.0,0.9973333333333333,12.707333333333333,77.89011251295753,0.2373333333333333,0.1686666666666667,0.18311187997460365,0.5856484022603252,0.6809546970350195,11.346319195995259,1.0,0.3875475949732775,0.24000000000000005,0.21471571906354514,0.13846153846153847,0.23846540763518975,13.73803544532186,1.0,0.4706141601043373,0.3266666666666666,0.30836120401337797,0.2695652173913044,3.962692694746825,3.962196806108723,1.0,0.35283775703201303,0.22666666666666666,0.31906354515050167,0.3010033444816054,1.2914875197737767,17.51108211550456,1.0,0.4747910405383628,0.39999999999999997,0.11571906354515052,0.25685618729096993,5.185282469133826,27.068804462776786,1.0,0.4765939177101968,0.36666666666666664,0.18127090301003346,0.22140468227424748,5.335984328576313,0.28200908263795366,0.623004922444671,7834.4,0.37174888342324997,0.8442142713996962,358.8,-0.17247435340064163,0.359126280509973,221.4
11,lewm_fail_ald_success,ald_tf,1,factor,encoder_raw,5,12.0,300.0,0.3466666666666667,1.4926666666666668,5.841272853847211,0.9419999999999998,0.3086666666666667,0.062089260667562485,1.7564727405068887,0.5478529756988191,4.578119792241225,1.0,0.6418225547186112,0.4533333333333333,0.16989966555183947,0.059531772575250844,0.20573535085483097,0.2203161703136217,0.2,0.6488237980664365,0.3,0.4013377926421405,0.23076923076923078,0.1107501822637158,0.04407041986052283,0.2,0.5579602212598177,0.23333333333333334,0.1605351170568562,0.3411371237458194,0.05906566568354485,0.2692302950415503,0.2,0.6520855651951196,0.3333333333333333,0.4013377926421405,0.23076923076923078,0.165553608980076,4.843492726529517,1.0,0.7162666111282135,0.52,0.08294314381270904,0.02608695652173913,0.19874054703846616,0.7183133047095042,0.8229887480882505,20195.2,0.6020656839279158,0.8955823293172691,49.8,0.13116611186155586,0.4869402985074627,107.2
11,lewm_fail_ald_success,ald_tf,1,factor,predictor_raw,5,12.0,300.0,0.3466666666666667,1.4926666666666668,5.841272853847211,0.9419999999999998,0.3086666666666667,0.062089260667562485,1.7564727405068887,0.5478529756988191,4.578119792241225,1.0,0.15710832342581582,0.22000000000000003,0.474247491638796,0.2836120401337793,0.6576981252938789,0.2203161703136217,0.2,0.5697419938027616,0.23333333333333334,0.3177257525083612,0.3595317725752508,0.11396858342232562,0.04407041986052283,0.2,0.4388917981498997,0.2,0.44816053511705684,0.4698996655518395,0.059913965511190055,0.2692302950415503,0.2,0.5644707137570678,0.26666666666666666,0.3177257525083612,0.36622073578595316,0.169620309966331,4.843492726529517,1.0,0.224493072145246,0.24666666666666667,0.4668896321070234,0.27959866220735785,0.7264953213378813,0.21354924804994221,0.6430397649464379,20195.2,0.5504335404303804,0.7991967871485943,49.8,-0.025413266172334935,0.44402985074626866,107.2
11,lewm_fail_ald_success,ald_tf,1,factor,encoder_factor_head_diagnostic_only,5,12.0,300.0,0.3466666666666667,1.4926666666666668,5.841272853847211,0.9419999999999998,0.3086666666666667,0.062089260667562485,1.7564727405068887,0.5478529756988191,4.578119792241225,1.0,0.9056797887880002,0.62,0.050836120401337795,0.05150501672240802,0.10233350845445296,0.2203161703136217,0.2,0.21467198622979833,0.23333333333333334,0.3010033444816054,0.3595317725752508,0.11396858342232562,0.04407041986052283,0.2,0.23774827258024173,0.26666666666666666,0.09364548494983277,0.4698996655518395,0.059913965511190055,0.2692302950415503,0.2,0.218161110342753,0.26666666666666666,0.3010033444816054,0.36622073578595316,0.169620309966331,4.843492726529517,1.0,0.9457190974196543,0.6933333333333334,0.031438127090301006,0.027424749163879603,0.11698011973506044,0.9326653048846447,0.9468484685596472,20195.2,0.5063893476635418,0.8273092369477911,49.8,0.20432424460752022,0.5317164179104478,107.2
11,lewm_fail_ald_success,ald_tf,1,lewm,encoder_raw,5,12.0,300.0,0.3466666666666667,1.4926666666666668,5.841272853847211,0.9419999999999998,0.3086666666666667,0.04687427207827568,1.3066839023638475,0.6632101821899711,4.578119792241225,1.0,0.5769080149551884,0.39999999999999997,0.25484949832775916,0.07023411371237458,0.24530996252619303,0.2203161703136217,0.2,0.6733273313122381,0.3333333333333333,0.5183946488294314,0.23076923076923078,0.1107501822637158,0.04407041986052283,0.2,0.5314583633392672,0.16666666666666666,0.20066889632107024,0.3411371237458194,0.05906566568354485,0.2692302950415503,0.2,0.672595581963254,0.3333333333333333,0.5183946488294314,0.23076923076923078,0.165553608980076,4.843492726529517,1.0,0.6527691042802914,0.4533333333333333,0.23143812709030104,0.0688963210702341,0.31329381837294434,0.6556552030931211,0.8278523861183315,20195.2,0.6415784449833987,0.9116465863453815,49.8,0.011154148755621453,0.3805970149253731,107.2
11,lewm_fail_ald_success,ald_tf,1,lewm,predictor_raw,5,12.0,300.0,0.3466666666666667,1.4926666666666668,5.841272853847211,0.9419999999999998,0.3086666666666667,0.04687427207827568,1.3066839023638475,0.6632101821899711,4.578119792241225,1.0,0.16806986744297162,0.2266666666666667,0.4809364548494983,0.2408026755852843,0.45107002207598634,0.2203161703136217,0.2,0.625250882057753,0.2,0.4214046822742475,0.3595317725752508,0.11396858342232562,0.04407041986052283,0.2,0.48075971641739734,0.23333333333333334,0.4180602006688963,0.4698996655518395,0.059913965511190055,0.2692302950415503,0.2,0.6176474029699375,0.23333333333333334,0.4214046822742475,0.36622073578595316,0.169620309966331,4.843492726529517,1.0,0.23980817564639603,0.26,0.5130434782608695,0.23812709030100337,0.5198672181199887,0.2321235174888961,0.6594167665765666,20195.2,0.5857395006074844,0.8554216867469879,49.8,-0.02269979585121608,0.42350746268656714,107.2
11,lewm_fail_ald_success,ald_tf,1,ald_tf,encoder_raw,5,12.0,300.0,0.3466666666666667,1.4926666666666668,5.841272853847211,0.9419999999999998,0.3086666666666667,0.02992116417735815,0.5019615176232115,0.8180243882023823,4.578119792241225,1.0,0.5769080149551884,0.39999999999999997,0.25484949832775916,0.07023411371237458,0.24530996252619303,0.2203161703136217,0.2,0.6733273313122381,0.3333333333333333,0.5183946488294314,0.23076923076923078,0.1107501822637158,0.04407041986052283,0.2,0.5314583633392672,0.16666666666666666,0.20066889632107024,0.3411371237458194,0.05906566568354485,0.2692302950415503,0.2,0.672595581963254,0.3333333333333333,0.5183946488294314,0.23076923076923078,0.165553608980076,4.843492726529517,1.0,0.6527691042802914,0.4533333333333333,0.23143812709030104,0.0688963210702341,0.31329381837294434,0.6556552030931211,0.8278523861183315,20195.2,0.6415784449833987,0.9116465863453815,49.8,0.011154148755621453,0.3805970149253731,107.2
11,lewm_fail_ald_success,ald_tf,1,ald_tf,predictor_raw,5,12.0,300.0,0.3466666666666667,1.4926666666666668,5.841272853847211,0.9419999999999998,0.3086666666666667,0.02992116417735815,0.5019615176232115,0.8180243882023823,4.578119792241225,1.0,0.5483451149457216,0.38666666666666666,0.2327759197324415,0.12173913043478261,0.20076461074877822,0.2203161703136217,0.2,0.6230077460763456,0.23333333333333334,0.40468227424749165,0.3595317725752508,0.11396858342232562,0.04407041986052283,0.2,0.4677363696650078,0.16666666666666666,0.2608695652173913,0.4698996655518395,0.059913965511190055,0.2692302950415503,0.2,0.6153805466758774,0.26666666666666666,0.40468227424749165,0.36622073578595316,0.169620309966331,4.843492726529517,1.0,0.6118105312281247,0.4333333333333334,0.2836120401337793,0.12107023411371239,0.2695618067927806,0.6191108972025754,0.810904294925141,20195.2,0.6118947221395801,0.8554216867469879,49.8,-0.054322706581002626,0.41044776119402987,107.2
20,lewm_fail_ald_success,lewm,0,factor,encoder_raw,5,12.0,300.0,0.7893333333333333,9.432666666666668,33.02083242371583,0.036,0.03,0.24069354124367237,1.116133219136898,0.8306084481653144,21.276657903533305,1.0,0.4533099456555327,0.31333333333333335,0.3063545150501672,0.11103678929765885,1.384679188843182,3.8708021953301754,0.8,0.759774796821373,0.5333333333333333,0.08779264214046822,0.020903010033444816,0.010902245414412183,4.914115612916448,0.8,0.8757057497267801,0.425,0.18729096989966554,0.07357859531772575,0.1225598093363984,8.543057424506054,0.8,0.9613539316624302,0.7166666666666667,0.08110367892976589,0.02508361204013378,0.1045289693779094,27.79812812727756,1.0,0.8939393748714227,0.5866666666666667,0.024749163879598662,0.028762541806020066,0.545235879490541,0.28547014886122096,0.6944833910600055,9538.8,0.6421620665116813,0.9339030457795618,411.6,0.576393780426613,0.7570417011195956,352.0
20,lewm_fail_ald_success,lewm,0,factor,predictor_raw,5,12.0,300.0,0.7893333333333333,9.432666666666668,33.02083242371583,0.036,0.03,0.24069354124367237,1.116133219136898,0.8306084481653144,21.276657903533305,1.0,0.5430018555761731,0.2733333333333333,0.379933110367893,0.18929765886287625,1.6644946897381168,3.8708021953301754,0.8,0.5771306707657152,0.18333333333333332,0.2801003344481605,0.18729096989966557,0.26249138636794134,4.914115612916448,0.8,0.78435115628842,0.19166666666666665,0.4005016722408027,0.19732441471571907,0.3836585045132194,8.543057424506054,0.8,0.7901589063696863,0.24999999999999997,0.3536789297658863,0.15468227424749165,0.6172168055082594,27.79812812727756,1.0,0.8437107967866311,0.39333333333333337,0.19331103678929767,0.08963210702341137,1.2352016492897557,0.384152783155609,0.7093133841273922,9538.8,0.3379155170161655,0.7349983897410329,411.6,0.3241353445846061,0.5725696743446043,352.0
20,lewm_fail_ald_success,lewm,0,factor,encoder_factor_head_diagnostic_only,5,12.0,300.0,0.7893333333333333,9.432666666666668,33.02083242371583,0.036,0.03,0.24069354124367237,1.116133219136898,0.8306084481653144,21.276657903533305,1.0,0.5952077021262919,0.4066666666666666,0.2936454849498328,0.09297658862876254,1.3060158511833087,3.8708021953301754,0.8,0.6880404365470861,0.35,0.1697324414715719,0.03260869565217391,0.01516049191999929,4.914115612916448,0.8,0.8721946399378466,0.5,0.26672240802675584,0.05936454849498327,0.10334605178895359,8.543057424506054,0.8,0.9188250982409978,0.5916666666666667,0.15468227424749165,0.016722408026755852,0.08957345833605171,27.79812812727756,1.0,0.9705388058052316,0.74,0.02474916387959866,0.025418060200668897,0.45460813299718145,0.564704060407642,0.8580208774688292,9538.8,0.6293431125524684,0.943497250749208,411.6,0.4946763080156151,0.7323920152566932,352.0
20,lewm_fail_ald_success,lewm,0,lewm,encoder_raw,5,12.0,300.0,0.7893333333333333,9.432666666666668,33.02083242371583,0.036,0.03,0.372057281434536,1.7289817837081316,0.5093353448090817,21.276657903533305,1.0,0.44769110549250024,0.34,0.32441471571906355,0.08963210702341137,1.2521207475087985,3.8708021953301754,0.8,0.7925940880377759,0.5583333333333333,0.09113712374581939,0.005852842809364549,0.0005804148158122286,4.914115612916448,0.8,0.8664086978573872,0.44999999999999996,0.18561872909698995,0.06605351170568562,0.11286565612110278,8.543057424506054,0.8,0.9703565015728539,0.75,0.05852842809364548,0.019230769230769232,0.08451298556401382,27.79812812727756,1.0,0.9016358826567306,0.6200000000000001,0.02073578595317726,0.02073578595317726,0.39666465110504084,0.3002139252561878,0.718770864656715,9538.8,0.7000585500642089,0.9533984867446286,411.6,0.5666208522941943,0.7609281268267392,352.0
20,lewm_fail_ald_success,lewm,0,lewm,predictor_raw,5,12.0,300.0,0.7893333333333333,9.432666666666668,33.02083242371583,0.036,0.03,0.372057281434536,1.7289817837081316,0.5093353448090817,21.276657903533305,1.0,0.505349437215969,0.28666666666666674,0.5016722408026756,0.1979933110367893,1.6726657402952096,3.8708021953301754,0.8,0.12768741653813256,0.08333333333333333,0.4983277591973244,0.4682274247491639,2.02506659073453,4.914115612916448,0.8,0.4446069725576181,0.14166666666666666,0.5225752508361204,0.30685618729096986,1.081182594886422,8.543057424506054,0.8,0.36911182270637244,0.09166666666666666,0.4874581939799331,0.3227424749163879,3.0773161002480514,27.79812812727756,1.0,0.572284225380282,0.31333333333333335,0.44214046822742475,0.17725752508361206,3.2114521356386825,0.34221886537285184,0.6593435738033432,9538.8,-0.002469032512275794,0.49909755102448916,411.6,0.2157443931568231,0.5596872723048681,352.0
20,lewm_fail_ald_success,lewm,0,ald_tf,encoder_raw,5,12.0,300.0,0.7893333333333333,9.432666666666668,33.02083242371583,0.036,0.03,0.06377847902476788,0.27958175002144836,0.9103881552279087,21.276657903533305,1.0,0.44769110549250024,0.34,0.32441471571906355,0.08963210702341137,1.2521207475087985,3.8708021953301754,0.8,0.7925940880377759,0.5583333333333333,0.09113712374581939,0.005852842809364549,0.0005804148158122286,4.914115612916448,0.8,0.8664086978573872,0.44999999999999996,0.18561872909698995,0.06605351170568562,0.11286565612110278,8.543057424506054,0.8,0.9703565015728539,0.75,0.05852842809364548,0.019230769230769232,0.08451298556401382,27.79812812727756,1.0,0.9016358826567306,0.6200000000000001,0.02073578595317726,0.02073578595317726,0.39666465110504084,0.3002139252561878,0.718770864656715,9538.8,0.7000585500642089,0.9533984867446286,411.6,0.5666208522941943,0.7609281268267392,352.0
20,lewm_fail_ald_success,lewm,0,ald_tf,predictor_raw,5,12.0,300.0,0.7893333333333333,9.432666666666668,33.02083242371583,0.036,0.03,0.06377847902476788,0.27958175002144836,0.9103881552279087,21.276657903533305,1.0,0.41307898976655294,0.30000000000000004,0.3384615384615385,0.16722408026755853,1.5655340349350204,3.8708021953301754,0.8,0.7864007090663369,0.4,0.12792642140468227,0.07023411371237458,0.051744690751606676,4.914115612916448,0.8,0.7648719085631099,0.4083333333333333,0.21571906354515052,0.08193979933110368,0.1630223794240566,8.543057424506054,0.8,0.8906099330852366,0.5583333333333333,0.09949832775919731,0.03678929765886287,0.1858339848027621,27.79812812727756,1.0,0.8256005511172347,0.5533333333333335,0.04280936454849498,0.05351170568561873,0.7911347379222615,0.3948751572885548,0.6770432130861335,9538.8,0.6794990232130143,0.9046066820092615,411.6,0.20032950634944005,0.6397247428207029,352.0
20,lewm_fail_ald_success,lewm,1,factor,encoder_raw,5,12.0,300.0,0.9993333333333332,3.7153333333333327,6.06249107499515,0.0,0.0,0.051108884066343306,0.5573202796245612,0.7798136553050664,5.816057817262533,1.0,0.5280292104570757,0.27999999999999997,0.21471571906354514,0.037458193979933115,0.20926700294134393,0.5812565632131139,1.0,0.5565802996699064,0.4333333333333334,0.39531772575250834,0.05484949832775919,0.29659700493911856,0.273263778882803,1.0,0.15907310728836116,0.12666666666666665,0.5605351170568562,0.23076923076923075,0.34799639662735526,0.6637671525041233,1.0,0.46442471194343227,0.2533333333333333,0.35183946488294315,0.0762541806020067,0.4593194250279269,6.3917223394758444,1.0,0.6343441995410256,0.32666666666666666,0.22943143812709027,0.02608695652173913,0.3238462013269537,0.5454459015295641,0.836415542736642,3774.2,0.5620148730058349,0.7425103523971759,626.8,-0.1325343673319806,0.36017794036822526,204.0
20,lewm_fail_ald_success,lewm,1,factor,predictor_raw,5,12.0,300.0,0.9993333333333332,3.7153333333333327,6.06249107499515,0.0,0.0,0.051108884066343306,0.5573202796245612,0.7798136553050664,5.816057817262533,1.0,0.3942233135923733,0.13333333333333336,0.47558528428093644,0.19331103678929767,0.8829718977481702,0.5812565632131139,1.0,0.3313012811253458,0.2533333333333333,0.45953177257525085,0.21672240802675585,0.3457475886586371,0.273263778882803,1.0,-0.0967456082845365,0.06666666666666667,0.5993311036789298,0.5759197324414715,0.6719053201896509,0.6637671525041233,1.0,0.19408660096223299,0.13999999999999999,0.43076923076923074,0.42274247491638794,0.8323789323097408,6.3917223394758444,1.0,0.385178768652985,0.13999999999999999,0.42608695652173917,0.1979933110367893,1.370610603415594,0.46967955494978836,0.7052527750832338,3774.2,0.3712843676421612,0.6761745316417305,626.8,-0.2112270478984823,0.4066760469233227,204.0
20,lewm_fail_ald_success,lewm,1,factor,encoder_factor_head_diagnostic_only,5,12.0,300.0,0.9993333333333332,3.7153333333333327,6.06249107499515,0.0,0.0,0.051108884066343306,0.5573202796245612,0.7798136553050664,5.816057817262533,1.0,0.7259249580838453,0.28666666666666674,0.23545150501672243,0.08896321070234113,0.40149761615318375,0.5812565632131139,1.0,0.3440717741316629,0.11333333333333333,0.6876254180602007,0.15585284280936457,0.38524208252195685,0.273263778882803,1.0,0.3669744971709566,0.1,0.4688963210702341,0.2976588628762542,0.5182568519564923,0.6637671525041233,1.0,0.4658709780917355,0.14666666666666667,0.3739130434782609,0.16053511705685616,0.7182249579399022,6.3917223394758444,1.0,0.8148554891379275,0.34,0.19531772575250836,0.08361204013377926,0.7749823474507688,0.6813864482147499,0.891710184296203,3774.2,0.19069163830812644,0.5301905327493625,626.8,0.0039980988654907176,0.3843798725949067,204.0
20,lewm_fail_ald_success,lewm,1,lewm,encoder_raw,5,12.0,300.0,0.9993333333333332,3.7153333333333327,6.06249107499515,0.0,0.0,0.05806693434715271,0.6173566822739531,0.8318671418022682,5.816057817262533,1.0,0.5111902713560083,0.38,0.21872909698996654,0.09966555183946488,0.562606080567127,0.5812565632131139,1.0,0.5654755130937416,0.38,0.5371237458193979,0.02809364548494983,0.26224672950920563,0.273263778882803,1.0,0.21517126392476138,0.2,0.5772575250836119,0.22140468227424748,0.3418567664954988,0.6637671525041233,1.0,0.513248204412872,0.32666666666666666,0.3003344481605351,0.06488294314381271,0.4188295194661576,6.3917223394758444,1.0,0.6238624879279032,0.42666666666666664,0.1565217391304348,0.06220735785953178,0.6366953733909673,0.4987231073934327,0.7901811766307058,3774.2,0.5251331222766977,0.7174528166977707,626.8,-0.020707999550779538,0.41137103643521195,204.0
20,lewm_fail_ald_success,lewm,1,lewm,predictor_raw,5,12.0,300.0,0.9993333333333332,3.7153333333333327,6.06249107499515,0.0,0.0,0.05806693434715271,0.6173566822739531,0.8318671418022682,5.816057817262533,1.0,0.4084471160790676,0.07333333333333333,0.5311036789297658,0.19331103678929767,0.9022640745144083,0.5812565632131139,1.0,0.4138474427493638,0.18,0.6608695652173914,0.14247491638795987,0.36005371007402076,0.273263778882803,1.0,0.0376343737152635,0.013333333333333332,0.6709030100334449,0.44548494983277587,0.6694837857876578,0.6637671525041233,1.0,0.31085029833664823,0.09333333333333332,0.5404682274247492,0.30903010033444817,0.8442635193231315,6.3917223394758444,1.0,0.46434907054522834,0.1,0.5578595317725753,0.15451505016722408,1.4017873671952226,0.42271189351270433,0.7578025406054908,3774.2,0.344850219559029,0.6561559512990636,626.8,-0.08655439600174279,0.4169120076877332,204.0
20,lewm_fail_ald_success,lewm,1,ald_tf,encoder_raw,5,12.0,300.0,0.9993333333333332,3.7153333333333327,6.06249107499515,0.0,0.0,0.04552325829863548,0.4643813072173179,0.7824397284317943,5.816057817262533,1.0,0.5111902713560083,0.38,0.21872909698996654,0.09966555183946488,0.562606080567127,0.5812565632131139,1.0,0.5654755130937416,0.38,0.5371237458193979,0.02809364548494983,0.26224672950920563,0.273263778882803,1.0,0.21517126392476138,0.2,0.5772575250836119,0.22140468227424748,0.3418567664954988,0.6637671525041233,1.0,0.513248204412872,0.32666666666666666,0.3003344481605351,0.06488294314381271,0.4188295194661576,6.3917223394758444,1.0,0.6238624879279032,0.42666666666666664,0.1565217391304348,0.06220735785953178,0.6366953733909673,0.4987231073934327,0.7901811766307058,3774.2,0.5251331222766977,0.7174528166977707,626.8,-0.020707999550779538,0.41137103643521195,204.0
20,lewm_fail_ald_success,lewm,1,ald_tf,predictor_raw,5,12.0,300.0,0.9993333333333332,3.7153333333333327,6.06249107499515,0.0,0.0,0.04552325829863548,0.4643813072173179,0.7824397284317943,5.816057817262533,1.0,0.2803271147457194,0.07333333333333333,0.44749163879598663,0.30702341137123745,1.2397242642103765,0.5812565632131139,1.0,0.3537999311103457,0.17333333333333334,0.45618729096989963,0.16454849498327756,0.35011053784697044,0.273263778882803,1.0,-0.08787599862220691,0.013333333333333332,0.6153846153846153,0.7003344481605351,0.7612681599579584,0.6637671525041233,1.0,0.2124807608973433,0.08666666666666666,0.525752508361204,0.5525083612040134,0.9261047212663819,6.3917223394758444,1.0,0.3024122490249892,0.08666666666666666,0.37792642140468224,0.2896321070234114,1.8210887588344413,0.33569069906793664,0.668216489463064,3774.2,0.38348679901632293,0.6896946171728053,626.8,-0.16294482210467032,0.40801362383728235,204.0
20,lewm_fail_ald_success,ald_tf,0,factor,encoder_raw,5,12.0,300.0,0.7733333333333333,8.745333333333333,17.017881218683165,0.17133333333333334,0.16199999999999998,0.1460001040250063,0.6677574201068227,0.585948485276838,22.135308259574096,1.0,0.5360033978050011,0.29333333333333333,0.43143812709030094,0.1431438127090301,0.5587598463184855,0.5372469962208222,0.8,0.5910761598663652,0.44166666666666665,0.11622073578595317,0.04096989966555183,0.027853738717497356,5.499866613265142,0.8,0.6781649006002944,0.23333333333333334,0.4005016722408027,0.24163879598662208,0.1316679415451819,6.742394532861415,0.8,0.8733450233955032,0.4416666666666667,0.17391304347826086,0.09280936454849498,0.12213921470839943,26.924365309441242,1.0,0.7812255002728161,0.43999999999999995,0.13444816053511705,0.09498327759197325,0.5742238454780932,0.22986774902649126,0.6721762174677991,8771.8,0.5740913257459164,0.8306501603702442,882.2,0.5365030496391798,0.6576959468099592,257.6
20,lewm_fail_ald_success,ald_tf,0,factor,predictor_raw,5,12.0,300.0,0.7733333333333333,8.745333333333333,17.017881218683165,0.17133333333333334,0.16199999999999998,0.1460001040250063,0.6677574201068227,0.585948485276838,22.135308259574096,1.0,0.5269722552472805,0.29333333333333333,0.3979933110367893,0.19933110367892976,1.315129858979129,0.5372469962208222,0.8,0.12702113555281333,0.15,0.1931438127090301,0.7040133779264215,1.180668340434881,5.499866613265142,0.8,0.38549521405943843,0.225,0.43729096989966554,0.5903010033444815,5.287259057227098,6.742394532861415,0.8,0.4118738416136323,0.26666666666666666,0.3419732441471572,0.5811036789297659,6.430544932107699,26.924365309441242,1.0,0.5741080678674209,0.3933333333333333,0.24347826086956523,0.38193979933110367,6.3773184320581775,0.47836051883389163,0.6866486138943004,8771.8,0.08331271858033923,0.5100747919563353,882.2,0.14776516041343887,0.5445203563753757,257.6
20,lewm_fail_ald_success,ald_tf,0,factor,encoder_factor_head_diagnostic_only,5,12.0,300.0,0.7733333333333333,8.745333333333333,17.017881218683165,0.17133333333333334,0.16199999999999998,0.1460001040250063,0.6677574201068227,0.585948485276838,22.135308259574096,1.0,0.6366183844672069,0.3466666666666667,0.44749163879598663,0.1745819397993311,0.5177969299903031,0.5372469962208222,0.8,0.4731466859646547,0.3416666666666667,0.23411371237458195,0.06605351170568562,0.042727462334306084,5.499866613265142,0.8,0.6541576854440088,0.24166666666666667,0.532608695652174,0.2617056856187291,0.10151017342445143,6.742394532861415,0.8,0.7972548857657675,0.36666666666666664,0.24247491638795987,0.10618729096989966,0.10685517020447766,26.924365309441242,1.0,0.8376180400189451,0.5199999999999999,0.18060200668896323,0.11906354515050169,0.5210336935467735,0.4721985259116117,0.791214383845029,8771.8,0.5016436235677644,0.731450323739856,882.2,0.4646472829389165,0.6723111891610694,257.6
20,lewm_fail_ald_success,ald_tf,0,lewm,encoder_raw,5,12.0,300.0,0.7733333333333333,8.745333333333333,17.017881218683165,0.17133333333333334,0.16199999999999998,0.2493845582008362,1.2562012753754048,0.4980876642792979,22.135308259574096,1.0,0.563311234605046,0.31333333333333335,0.43946488294314373,0.13244147157190636,0.4701424762875689,0.5372469962208222,0.8,0.6292495000579563,0.4833333333333333,0.1245819397993311,0.03678929765886287,0.026182973463536024,5.499866613265142,0.8,0.6997496451253157,0.2833333333333334,0.37458193979933113,0.24414715719063546,0.14144115740178972,6.742394532861415,0.8,0.9058189211026391,0.525,0.13210702341137123,0.09949832775919731,0.1302416653110459,26.924365309441242,1.0,0.8168244514186055,0.49333333333333335,0.09899665551839465,0.0882943143812709,0.49208843592929385,0.27019161048994206,0.7144584902430275,8771.8,0.6268884761250337,0.8510324636672931,882.2,0.5512551435466987,0.6657965354057971,257.6
20,lewm_fail_ald_success,ald_tf,0,lewm,predictor_raw,5,12.0,300.0,0.7733333333333333,8.745333333333333,17.017881218683165,0.17133333333333334,0.16199999999999998,0.2493845582008362,1.2562012753754048,0.4980876642792979,22.135308259574096,1.0,0.5335752619473549,0.3466666666666667,0.37725752508361204,0.2976588628762542,0.7895990942912299,0.5372469962208222,0.8,-0.014418832382092031,0.08333333333333334,0.27675585284280935,0.5,0.4682296805820829,5.499866613265142,0.8,0.3523194156184682,0.19166666666666665,0.37792642140468224,0.44147157190635455,0.28416146583839835,6.742394532861415,0.8,0.3066885874308892,0.2,0.3971571906354515,0.41387959866220736,0.7150086808662015,26.924365309441242,1.0,0.5236997744419383,0.35333333333333333,0.23411371237458195,0.3023411371237458,1.2793586663770793,0.4720402005589136,0.695341786684795,8771.8,-0.08004275545252128,0.4836000652176604,882.2,0.1256003051402537,0.5082418497736014,257.6
20,lewm_fail_ald_success,ald_tf,0,ald_tf,encoder_raw,5,12.0,300.0,0.7733333333333333,8.745333333333333,17.017881218683165,0.17133333333333334,0.16199999999999998,0.06134267784655094,0.2617917058071305,0.9029341168497045,22.135308259574096,1.0,0.563311234605046,0.31333333333333335,0.43946488294314373,0.13244147157190636,0.4701424762875689,0.5372469962208222,0.8,0.6292495000579563,0.4833333333333333,0.1245819397993311,0.03678929765886287,0.026182973463536024,5.499866613265142,0.8,0.6997496451253157,0.2833333333333334,0.37458193979933113,0.24414715719063546,0.14144115740178972,6.742394532861415,0.8,0.9058189211026391,0.525,0.13210702341137123,0.09949832775919731,0.1302416653110459,26.924365309441242,1.0,0.8168244514186055,0.49333333333333335,0.09899665551839465,0.0882943143812709,0.49208843592929385,0.27019161048994206,0.7144584902430275,8771.8,0.6268884761250337,0.8510324636672931,882.2,0.5512551435466987,0.6657965354057971,257.6
20,lewm_fail_ald_success,ald_tf,0,ald_tf,predictor_raw,5,12.0,300.0,0.7733333333333333,8.745333333333333,17.017881218683165,0.17133333333333334,0.16199999999999998,0.06134267784655094,0.2617917058071305,0.9029341168497045,22.135308259574096,1.0,0.518431004788942,0.2666666666666667,0.4374581939799331,0.14581939799331103,0.49903158059852704,0.5372469962208222,0.8,0.5964922808111752,0.33333333333333337,0.21906354515050167,0.03177257525083612,0.025519537111675566,5.499866613265142,0.8,0.5945978107733153,0.2583333333333333,0.3804347826086957,0.2399665551839465,0.14001776851742384,6.742394532861415,0.8,0.8075856493227476,0.43333333333333335,0.1596989966555184,0.09866220735785952,0.12815484007481953,26.924365309441242,1.0,0.7407420971344126,0.42666666666666675,0.179933110367893,0.09632107023411371,0.5193080800512709,0.3246746020294266,0.6799010277821073,8771.8,0.5666747318904349,0.7566914775226655,882.2,0.3113217601867798,0.6052216742985193,257.6
20,lewm_fail_ald_success,ald_tf,1,factor,encoder_raw,5,12.0,300.0,0.9993333333333332,2.8760000000000003,1.9845170553105593,0.8633333333333333,0.22066666666666665,0.05603796988725662,0.8352627927945022,0.7749126783103024,5.945504777605482,1.0,0.5617227270060098,0.2866666666666667,0.20936454849498326,0.13846153846153847,0.8826139640224893,0.017397449039776434,1.0,0.24301540406911407,0.14666666666666667,0.6280936454849498,0.28829431438127096,6.763545195376987e-05,0.1030804974313601,1.0,0.28835722349605586,0.1,0.4020066889632107,0.5484949832775919,0.09932181353220122,0.16524585468281008,1.0,0.39388202372297654,0.11333333333333333,0.25752508361204013,0.5076923076923078,0.09909589278307607,6.229226429539228,1.0,0.5936829492893739,0.3,0.20468227424749164,0.14046822742474915,0.9783686061968104,0.7079863486898854,0.8358294914869508,7764.6,0.5473639025171176,0.8506401555062656,134.2,-0.014728276990106847,0.465809172764883,1072.0
20,lewm_fail_ald_success,ald_tf,1,factor,predictor_raw,5,12.0,300.0,0.9993333333333332,2.8760000000000003,1.9845170553105593,0.8633333333333333,0.22066666666666665,0.05603796988725662,0.8352627927945022,0.7749126783103024,5.945504777605482,1.0,0.22705363392926586,0.11333333333333333,0.525752508361204,0.3090301003344481,1.3587622609625623,0.017397449039776434,1.0,0.41245258280647557,0.1,0.7418060200668897,0.2561872909698996,6.708515163582366e-05,0.1030804974313601,1.0,0.06966166290736564,0.04666666666666667,0.4983277591973244,0.5264214046822742,0.09747379168347611,0.16524585468281008,1.0,0.18124414715719067,0.06666666666666667,0.44548494983277587,0.48494983277591974,0.09724732063403302,6.229226429539228,1.0,0.25761432904810055,0.12,0.5377926421404682,0.30167224080267563,1.4526683309878403,0.49043928475898957,0.7500053422180365,7764.6,0.5288290567415469,0.6947903713524215,134.2,-0.08358743160820419,0.45686097422411126,1072.0
20,lewm_fail_ald_success,ald_tf,1,factor,encoder_factor_head_diagnostic_only,5,12.0,300.0,0.9993333333333332,2.8760000000000003,1.9845170553105593,0.8633333333333333,0.22066666666666665,0.05603796988725662,0.8352627927945022,0.7749126783103024,5.945504777605482,1.0,0.7431730310502725,0.33999999999999997,0.1779264214046823,0.14113712374581938,0.6527244004607107,0.017397449039776434,1.0,0.04713302395576453,0.15999999999999998,0.5016722408026756,0.21137123745819397,6.46396318957535e-05,0.1030804974313601,1.0,0.2541084198111459,0.12000000000000002,0.3384615384615385,0.4180602006688964,0.07504524237282516,0.16524585468281008,1.0,0.30490682562573246,0.13333333333333336,0.21538461538461537,0.38528428093645484,0.07481632580364199,6.229226429539228,1.0,0.7597386819577927,0.35333333333333333,0.179933110367893,0.13645484949832776,0.7241994756555978,0.797625455292775,0.8600848167883154,7764.6,0.4337193124065081,0.8436858275614394,134.2,-0.024100108822344847,0.5041384784082276,1072.0
20,lewm_fail_ald_success,ald_tf,1,lewm,encoder_raw,5,12.0,300.0,0.9993333333333332,2.8760000000000003,1.9845170553105593,0.8633333333333333,0.22066666666666665,0.04260223433375358,0.5605082362774143,0.853426839388766,5.945504777605482,1.0,0.5622613121619409,0.32666666666666666,0.21872909698996654,0.11505016722408028,0.5838549166257353,0.017397449039776434,1.0,0.24981912375193865,0.15333333333333332,0.6073578595317726,0.26688963210702343,6.678698037350492e-05,0.1030804974313601,1.0,0.2977460455110843,0.12666666666666665,0.4160535117056856,0.47959866220735786,0.08214634040473574,0.16524585468281008,1.0,0.410301681202126,0.16666666666666666,0.2749163879598662,0.4461538461538462,0.08191957118403033,6.229226429539228,1.0,0.5948146968060749,0.33999999999999997,0.21538461538461537,0.11772575250836119,0.6624332372010109,0.7081623281083577,0.8340361359929546,7764.6,0.5527704603060808,0.8516992413479599,134.2,-0.0025278423250907124,0.47428735182647125,1072.0
20,lewm_fail_ald_success,ald_tf,1,lewm,predictor_raw,5,12.0,300.0,0.9993333333333332,2.8760000000000003,1.9845170553105593,0.8633333333333333,0.22066666666666665,0.04260223433375358,0.5605082362774143,0.853426839388766,5.945504777605482,1.0,0.3556966632962589,0.13333333333333333,0.46822742474916385,0.2160535117056856,1.1307842398096004,0.017397449039776434,1.0,0.34806235624840276,0.09333333333333334,0.7424749163879599,0.47424749163879587,9.242663011863621e-05,0.1030804974313601,1.0,0.17277063078478647,0.06,0.3906354515050167,0.5966555183946489,0.09798718278170977,0.16524585468281008,1.0,0.28279176435293724,0.06666666666666667,0.4280936454849498,0.5538461538461539,0.09778605321074949,6.229226429539228,1.0,0.38829915887954314,0.13999999999999999,0.4983277591973244,0.2080267558528428,1.2252290424115952,0.5724176286030361,0.8089342799861367,7764.6,0.5325008693787345,0.6834694962394359,134.2,-0.054608950859192595,0.4561996964278011,1072.0
20,lewm_fail_ald_success,ald_tf,1,ald_tf,encoder_raw,5,12.0,300.0,0.9993333333333332,2.8760000000000003,1.9845170553105593,0.8633333333333333,0.22066666666666665,0.033724894374608995,0.5014716541357469,0.7887766037090006,5.945504777605482,1.0,0.5622613121619409,0.32666666666666666,0.21872909698996654,0.11505016722408028,0.5838549166257353,0.017397449039776434,1.0,0.24981912375193865,0.15333333333333332,0.6073578595317726,0.26688963210702343,6.678698037350492e-05,0.1030804974313601,1.0,0.2977460455110843,0.12666666666666665,0.4160535117056856,0.47959866220735786,0.08214634040473574,0.16524585468281008,1.0,0.410301681202126,0.16666666666666666,0.2749163879598662,0.4461538461538462,0.08191957118403033,6.229226429539228,1.0,0.5948146968060749,0.33999999999999997,0.21538461538461537,0.11772575250836119,0.6624332372010109,0.7081623281083577,0.8340361359929546,7764.6,0.5527704603060808,0.8516992413479599,134.2,-0.0025278423250907124,0.47428735182647125,1072.0
20,lewm_fail_ald_success,ald_tf,1,ald_tf,predictor_raw,5,12.0,300.0,0.9993333333333332,2.8760000000000003,1.9845170553105593,0.8633333333333333,0.22066666666666665,0.033724894374608995,0.5014716541357469,0.7887766037090006,5.945504777605482,1.0,0.41772197468860756,0.14666666666666667,0.3986622073578595,0.2020066889632107,0.9527989443733225,0.017397449039776434,1.0,0.3063175368615207,0.10666666666666666,0.6896321070234114,0.36321070234113717,0.0007832060714311773,0.1030804974313601,1.0,0.2099737108190091,0.06,0.4093645484949834,0.4575250836120402,0.09294617315318077,0.16524585468281008,1.0,0.3239386215402394,0.08,0.4020066889632107,0.41739130434782606,0.09343582302353302,6.229226429539228,1.0,0.4500480227558084,0.15333333333333332,0.41739130434782606,0.19933110367892976,1.0428935167881006,0.5889398230171061,0.8086202900632473,7764.6,0.5085723133294107,0.7264538369778795,134.2,-0.0332588092496777,0.48828580483607925,1072.0
24,lewm_fail_ald_success,lewm,0,factor,encoder_raw,5,12.0,300.0,0.7586666666666666,5.4879999999999995,14.234917422760336,0.04666666666666667,0.044666666666666674,0.2867414951324463,0.7405609445932194,0.5935114144840004,14.241496220500201,1.0,-0.0826225568145329,0.12666666666666665,0.7732441471571907,0.2903010033444816,4.9396961726474125,1.3624236893800146,1.0,0.6399825417338394,0.27999999999999997,0.13712374581939799,0.3066889632107023,0.046619510211686845,1.8448684987445216,1.0,0.6108168525608144,0.3,0.13712374581939799,0.32341137123745817,0.026688032199959005,3.6594407627247976,1.0,0.7487281617715164,0.31333333333333335,0.13712374581939799,0.2859531772575251,0.07330754241164586,15.13595061813326,1.0,0.3535870902407684,0.27999999999999997,0.3076923076923077,0.1919732441471572,3.709405031697181,0.10257744349845963,0.7598944660800833,7174.8,0.5037198471130384,0.8313366693853108,512.4,0.4265644174782774,0.737679159844176,365.8
24,lewm_fail_ald_success,lewm,0,factor,predictor_raw,5,12.0,300.0,0.7586666666666666,5.4879999999999995,14.234917422760336,0.04666666666666667,0.044666666666666674,0.2867414951324463,0.7405609445932194,0.5935114144840004,14.241496220500201,1.0,0.13101283347592751,0.16,0.4107023411371237,0.28428093645484953,10.606651402089682,1.3624236893800146,1.0,0.31196621553378817,0.03333333333333334,0.40535117056856185,0.5725752508361204,0.6578734208551904,1.8448684987445216,1.0,0.3124315475195426,0.03333333333333333,0.40535117056856185,0.4869565217391304,1.2851441979684777,3.6594407627247976,1.0,0.33984964332315826,0.03333333333333334,0.40535117056856185,0.5250836120401339,1.9430176188236679,15.13595061813326,1.0,0.22105054500605564,0.12,0.34448160535117056,0.3826086956521739,11.24607033755147,0.3458439491455632,0.7673059977798677,7174.8,0.1782215421628343,0.5654646884161562,512.4,0.027406761958113125,0.5414411907226976,365.8
24,lewm_fail_ald_success,lewm,0,factor,encoder_factor_head_diagnostic_only,5,12.0,300.0,0.7586666666666666,5.4879999999999995,14.234917422760336,0.04666666666666667,0.044666666666666674,0.2867414951324463,0.7405609445932194,0.5935114144840004,14.241496220500201,1.0,0.7150946787457321,0.42000000000000004,0.34448160535117056,0.04147157190635452,0.5117948706467168,1.3624236893800146,1.0,0.028141170924737446,0.1,0.48762541806020077,0.5879598662207358,0.6010680398809788,1.8448684987445216,1.0,0.09452004388471628,0.13333333333333333,0.48762541806020077,0.47090301003344487,0.27328472352290273,3.6594407627247976,1.0,0.1348349172747738,0.12666666666666665,0.48762541806020077,0.4869565217391304,0.8743527634038815,15.13595061813326,1.0,0.9912534805288334,0.8600000000000001,0.006020066889632107,0.008695652173913044,0.08254895068872017,0.7664673948525355,0.9867047553097322,7174.8,0.4450110900918622,0.7406613206998711,512.4,0.26247955624455416,0.6576001542005876,365.8
24,lewm_fail_ald_success,lewm,0,lewm,encoder_raw,5,12.0,300.0,0.7586666666666666,5.4879999999999995,14.234917422760336,0.04666666666666667,0.044666666666666674,0.2994151845574379,0.8309158871110789,0.5498302611720748,14.241496220500201,1.0,0.04978274390413058,0.13999999999999999,0.6662207357859532,0.24816053511705688,4.14175667092592,1.3624236893800146,1.0,0.5450034201798413,0.24000000000000005,0.23879598662207355,0.3625418060200669,0.061668623327811686,1.8448684987445216,1.0,0.5161963152559832,0.2733333333333333,0.23879598662207355,0.3892976588628762,0.09064983988872533,3.6594407627247976,1.0,0.6527517007462172,0.27999999999999997,0.23879598662207355,0.34180602006688965,0.15231846321653703,15.13595061813326,1.0,0.4956623650465314,0.32,0.2849498327759198,0.1625418060200669,2.990476450780579,0.23721021149822957,0.846607381946354,7174.8,0.48403406847572805,0.8117667386345664,512.4,0.428104700951166,0.7697228967197841,365.8
24,lewm_fail_ald_success,lewm,0,lewm,predictor_raw,5,12.0,300.0,0.7586666666666666,5.4879999999999995,14.234917422760336,0.04666666666666667,0.044666666666666674,0.2994151845574379,0.8309158871110789,0.5498302611720748,14.241496220500201,1.0,0.22955437282636476,0.09333333333333334,0.7163879598662207,0.31438127090301,2.709816108626872,1.3624236893800146,1.0,0.13097728896271993,0.02,0.5765886287625418,0.5364548494983278,0.28215071110177564,1.8448684987445216,1.0,-0.059931807403603085,0.026666666666666665,0.5765886287625418,0.717056856187291,2.3234267251021175,3.6594407627247976,1.0,0.07711434269639675,0.02,0.5765886287625418,0.6394648829431439,2.6055774362038937,15.13595061813326,1.0,0.46102530028111427,0.24666666666666667,0.42541806020066886,0.3384615384615385,4.011794861468887,0.3102463156851734,0.7933357119891309,7174.8,0.27507512583298876,0.5880801275987303,512.4,-0.10580516907394341,0.45498139303292995,365.8
24,lewm_fail_ald_success,lewm,0,ald_tf,encoder_raw,5,12.0,300.0,0.7586666666666666,5.4879999999999995,14.234917422760336,0.04666666666666667,0.044666666666666674,0.14067103080451487,0.3966413842516029,0.8550008530264359,14.241496220500201,1.0,0.04978274390413058,0.13999999999999999,0.6662207357859532,0.24816053511705688,4.14175667092592,1.3624236893800146,1.0,0.5450034201798413,0.24000000000000005,0.23879598662207355,0.3625418060200669,0.061668623327811686,1.8448684987445216,1.0,0.5161963152559832,0.2733333333333333,0.23879598662207355,0.3892976588628762,0.09064983988872533,3.6594407627247976,1.0,0.6527517007462172,0.27999999999999997,0.23879598662207355,0.34180602006688965,0.15231846321653703,15.13595061813326,1.0,0.4956623650465314,0.32,0.2849498327759198,0.1625418060200669,2.990476450780579,0.23721021149822957,0.846607381946354,7174.8,0.48403406847572805,0.8117667386345664,512.4,0.428104700951166,0.7697228967197841,365.8
24,lewm_fail_ald_success,lewm,0,ald_tf,predictor_raw,5,12.0,300.0,0.7586666666666666,5.4879999999999995,14.234917422760336,0.04666666666666667,0.044666666666666674,0.14067103080451487,0.3966413842516029,0.8550008530264359,14.241496220500201,1.0,0.10187197635529284,0.12666666666666665,0.6461538461538462,0.2775919732441471,4.656021288969986,1.3624236893800146,1.0,0.3896035081541974,0.12666666666666665,0.3351170568561873,0.3297658862876255,0.02130994730357549,1.8448684987445216,1.0,0.3136478099805634,0.12000000000000002,0.3351170568561873,0.3832775919732441,0.09153331158787441,3.6594407627247976,1.0,0.45483518578504023,0.13333333333333336,0.3351170568561873,0.32173913043478264,0.1128432588914499,15.13595061813326,1.0,0.5023952710585673,0.3066666666666667,0.3478260869565217,0.18127090301003346,3.465265864499557,0.20816911146165498,0.8153746210204,7174.8,0.35207252455745125,0.6845945890467428,512.4,0.19161497855460183,0.6277845649783161,365.8
24,lewm_fail_ald_success,lewm,1,factor,encoder_raw,5,12.0,300.0,0.6046666666666667,2.413333333333333,6.960523508721108,0.01,0.002,0.07615000903606414,0.4561790980709409,0.822042251626446,6.4828830804854665,1.0,0.733565546818261,0.4333333333333333,0.22809364548494981,0.07157190635451505,0.6698787557571277,0.68342467792559,1.0,0.47259453663920964,0.12666666666666665,0.4889632107023411,0.5464882943143813,0.061702046211775,0.11808965905411843,1.0,0.29000261210562717,0.013333333333333332,0.4822742474916388,0.2361204013377926,0.18465710423254114,0.7898081286765166,0.8,0.7250468576299791,0.30833333333333335,0.2491638795986622,0.10033444816053513,0.16958251593156573,7.2562854444023674,1.0,0.8027456298450406,0.44000000000000006,0.12441471571906355,0.06488294314381271,0.7772266477441379,0.8002610506200435,0.9489453065481562,8316.8,0.6206313817427336,0.749343524251806,119.2,-0.1579645278817822,0.28573278808865005,474.2
24,lewm_fail_ald_success,lewm,1,factor,predictor_raw,5,12.0,300.0,0.6046666666666667,2.413333333333333,6.960523508721108,0.01,0.002,0.07615000903606414,0.4561790980709409,0.822042251626446,6.4828830804854665,1.0,0.695103723374704,0.33333333333333337,0.5217391304347826,0.21538461538461537,2.021036520026639,0.68342467792559,1.0,0.2289724140862191,0.09333333333333334,0.5337792642140469,0.6588628762541806,0.4372408790465746,0.11808965905411843,1.0,0.4360232655854853,0.18,0.3244147157190635,0.19933110367892976,0.13199546713366944,0.7898081286765166,0.8,0.5746648295347552,0.3,0.46153846153846156,0.3754180602006689,0.33334036823857094,7.2562854444023674,1.0,0.7488786319847998,0.3466666666666667,0.3779264214046823,0.24414715719063543,2.451261607749577,0.6643853070367375,0.8662221158529387,8316.8,0.4162406747621681,0.6366687736498108,119.2,0.0327754482708725,0.5306561103439351,474.2
24,lewm_fail_ald_success,lewm,1,factor,encoder_factor_head_diagnostic_only,5,12.0,300.0,0.6046666666666667,2.413333333333333,6.960523508721108,0.01,0.002,0.07615000903606414,0.4561790980709409,0.822042251626446,6.4828830804854665,1.0,0.9719430974452269,0.8600000000000001,0.047491638795986627,0.004013377926421405,0.028558864823880304,0.68342467792559,1.0,0.1391770098859265,0.07333333333333333,0.46287625418060196,0.49899665551839467,0.04443517116233007,0.11808965905411843,1.0,0.5264313955471621,0.25999999999999995,0.1491638795986622,0.10836120401337793,0.07692073932924577,0.7898081286765166,0.8,0.5729480179764463,0.5916666666666666,0.13043478260869565,0.011705685618729096,0.03350302823484508,7.2562854444023674,1.0,0.9929471160652007,0.8866666666666667,0.0006688963210702341,0.0020066889632107026,0.010903516858150119,0.9793172115089254,0.9915019939139518,8316.8,0.5759091533812,0.857157034743722,119.2,0.00896527186032858,0.5181880703157676,474.2
24,lewm_fail_ald_success,lewm,1,lewm,encoder_raw,5,12.0,300.0,0.6046666666666667,2.413333333333333,6.960523508721108,0.01,0.002,0.11241237819194794,1.0393395511882282,0.668362804132629,6.4828830804854665,1.0,0.587475626371261,0.1933333333333333,0.33444816053511706,0.09966555183946488,0.9694271101385125,0.68342467792559,1.0,0.6277550234438175,0.20666666666666664,0.4695652173913043,0.21304347826086953,0.017825648822127827,0.11808965905411843,1.0,0.08781455950154728,0.0,0.5645484949832775,0.6324414715719063,0.3151186659928659,0.7898081286765166,0.8,0.6834017053961194,0.10833333333333334,0.3377926421404682,0.415133779264214,0.24959560796171218,7.2562854444023674,1.0,0.6631781868333947,0.20666666666666664,0.21404682274247494,0.09698996655518395,1.1633601664962,0.7521946967558019,0.9134462655966848,8316.8,0.700220309028008,0.8165173288613691,119.2,-0.28560252783040196,0.2265423565154025,474.2
24,lewm_fail_ald_success,lewm,1,lewm,predictor_raw,5,12.0,300.0,0.6046666666666667,2.413333333333333,6.960523508721108,0.01,0.002,0.11241237819194794,1.0393395511882282,0.668362804132629,6.4828830804854665,1.0,0.21765610729008103,0.07333333333333333,0.7732441471571907,0.30501672240802674,2.2814724253925123,0.68342467792559,1.0,0.5534091145028881,0.15333333333333335,0.43946488294314384,0.2792642140468227,0.02426810968003479,0.11808965905411843,1.0,0.0031597952703821598,0.0,0.7357859531772576,0.5688963210702341,0.3056977434415069,0.7898081286765166,0.8,0.5169472322695872,0.06666666666666667,0.7107023411371238,0.35827759197324416,0.24587253084489716,7.2562854444023674,1.0,0.2978790431004789,0.08,0.6381270903010033,0.2923076923076923,2.472427020056748,0.26841809978727105,0.6920776694098669,8316.8,0.5747417941971177,0.6712896886824906,119.2,-0.07819312825944029,0.4748703122306856,474.2
24,lewm_fail_ald_success,lewm,1,ald_tf,encoder_raw,5,12.0,300.0,0.6046666666666667,2.413333333333333,6.960523508721108,0.01,0.002,0.05788616761565209,0.45205457183406794,0.8319755251005041,6.4828830804854665,1.0,0.587475626371261,0.1933333333333333,0.33444816053511706,0.09966555183946488,0.9694271101385125,0.68342467792559,1.0,0.6277550234438175,0.20666666666666664,0.4695652173913043,0.21304347826086953,0.017825648822127827,0.11808965905411843,1.0,0.08781455950154728,0.0,0.5645484949832775,0.6324414715719063,0.3151186659928659,0.7898081286765166,0.8,0.6834017053961194,0.10833333333333334,0.3377926421404682,0.415133779264214,0.24959560796171218,7.2562854444023674,1.0,0.6631781868333947,0.20666666666666664,0.21404682274247494,0.09698996655518395,1.1633601664962,0.7521946967558019,0.9134462655966848,8316.8,0.700220309028008,0.8165173288613691,119.2,-0.28560252783040196,0.2265423565154025,474.2
24,lewm_fail_ald_success,lewm,1,ald_tf,predictor_raw,5,12.0,300.0,0.6046666666666667,2.413333333333333,6.960523508721108,0.01,0.002,0.05788616761565209,0.45205457183406794,0.8319755251005041,6.4828830804854665,1.0,0.6394534161490684,0.22666666666666666,0.5799331103678929,0.18795986622073582,1.8678870091754654,0.68342467792559,1.0,0.3699128802417472,0.10666666666666669,0.5404682274247492,0.38695652173913037,0.0443037807362864,0.11808965905411843,1.0,0.2883929300356405,0.06666666666666668,0.5765886287625419,0.4297658862876254,0.2651933677949162,0.7898081286765166,0.8,0.6262245342413917,0.275,0.6162207357859532,0.3072742474916388,0.23375014822062015,7.2562854444023674,1.0,0.7061799353326148,0.24,0.43411371237458196,0.17391304347826086,2.038372899249363,0.6427160306181705,0.8485109671449742,8316.8,0.47845155248802956,0.6991176470588235,119.2,-0.0728655935582816,0.4745997125266778,474.2
24,lewm_fail_ald_success,ald_tf,0,factor,encoder_raw,5,12.0,300.0,0.6759999999999999,3.913333333333334,10.951685917920896,0.14333333333333334,0.12533333333333335,0.17794763743877412,0.5585027847439888,0.6782552569893672,14.823579132097453,1.0,-0.06388273915240987,0.12666666666666665,0.7846153846153846,0.24414715719063546,4.277042127010563,0.7552459805562608,1.0,0.6288610596522493,0.17333333333333334,0.23344481605351172,0.4327759197324415,0.07997357698972715,0.5140810287811295,1.0,0.5817109279528857,0.17333333333333334,0.23344481605351172,0.3926421404682275,0.01034862105084776,2.0657915971587455,1.0,0.6945793921994101,0.18,0.23344481605351172,0.40535117056856185,0.09032219804057492,14.900255290581773,1.0,0.3151813142105556,0.22000000000000003,0.3551839464882943,0.15384615384615383,3.144073697520933,0.3147659846416868,0.7993737629279604,9045.8,0.4269555081092774,0.8399518248113539,499.2,0.22511032507009618,0.7070367599756108,413.4
24,lewm_fail_ald_success,ald_tf,0,factor,predictor_raw,5,12.0,300.0,0.6759999999999999,3.913333333333334,10.951685917920896,0.14333333333333334,0.12533333333333335,0.17794763743877412,0.5585027847439888,0.6782552569893672,14.823579132097453,1.0,0.033166057400637786,0.10666666666666666,0.585953177257525,0.2555183946488294,9.15092570876949,0.7552459805562608,1.0,0.2849242408524296,0.03333333333333334,0.4187290969899665,0.5672240802675586,0.6208291805212705,0.5140810287811295,1.0,0.3261355309856846,0.04,0.4187290969899665,0.5083612040133779,0.5261891921112706,2.0657915971587455,1.0,0.354093470008657,0.04,0.4187290969899665,0.5792642140468228,1.1470183726325411,14.900255290581773,1.0,0.24866054067267415,0.15999999999999998,0.3959866220735786,0.23010033444816053,9.074653453871829,0.25605506556828156,0.7309501721246934,9045.8,0.12221291483094028,0.6269767616534232,499.2,0.140635662633204,0.6400395996986084,413.4
24,lewm_fail_ald_success,ald_tf,0,factor,encoder_factor_head_diagnostic_only,5,12.0,300.0,0.6759999999999999,3.913333333333334,10.951685917920896,0.14333333333333334,0.12533333333333335,0.17794763743877412,0.5585027847439888,0.6782552569893672,14.823579132097453,1.0,0.7499729531714246,0.54,0.2408026755852843,0.03210702341137124,0.3316914377196858,0.7552459805562608,1.0,-0.05418324376548276,0.07999999999999999,0.5632107023411371,0.5846153846153846,0.34391705647899856,0.5140810287811295,1.0,-0.028485775810841153,0.07999999999999999,0.5632107023411371,0.579933110367893,0.6136318466323407,2.0657915971587455,1.0,-0.008946865381216718,0.08666666666666666,0.5632107023411371,0.5806020066889632,0.9575489031113393,14.900255290581773,1.0,0.9881115105172442,0.8133333333333335,0.005351170568561873,0.007357859531772576,0.06594971330082115,0.8262046666934456,0.9802140387384359,9045.8,0.35647627410142235,0.7127006872788006,499.2,0.1188135625897325,0.5547681627368262,413.4
24,lewm_fail_ald_success,ald_tf,0,lewm,encoder_raw,5,12.0,300.0,0.6759999999999999,3.913333333333334,10.951685917920896,0.14333333333333334,0.12533333333333335,0.20465460270643235,0.6681744231131871,0.5699375653977573,14.823579132097453,1.0,0.0790487295869706,0.17333333333333334,0.6608695652173913,0.24414715719063546,4.277042127010563,0.7552459805562608,1.0,0.5135653918124062,0.16,0.2836120401337793,0.4327759197324415,0.07997357698972715,0.5140810287811295,1.0,0.4827423496797828,0.15333333333333335,0.2836120401337793,0.3926421404682275,0.01034862105084776,2.0657915971587455,1.0,0.5885516379552854,0.16,0.2836120401337793,0.40535117056856185,0.09032219804057492,14.900255290581773,1.0,0.4680778720967216,0.26666666666666666,0.33244147157190634,0.15384615384615383,3.144073697520933,0.431411542071711,0.8701686347059899,9045.8,0.388794201501615,0.8264569617850492,499.2,0.24195019606701237,0.7474092529727859,413.4
24,lewm_fail_ald_success,ald_tf,0,lewm,predictor_raw,5,12.0,300.0,0.6759999999999999,3.913333333333334,10.951685917920896,0.14333333333333334,0.12533333333333335,0.20465460270643235,0.6681744231131871,0.5699375653977573,14.823579132097453,1.0,0.23215049056100626,0.11333333333333333,0.671571906354515,0.2983277591973244,2.310506013021062,0.7552459805562608,1.0,0.062471389882586784,0.02,0.5418060200668897,0.5906354515050168,0.1585131274326265,0.5140810287811295,1.0,-0.05886989953983338,0.02,0.5418060200668897,0.7438127090301003,1.455011496332403,2.0657915971587455,1.0,0.04328012217301859,0.02,0.5418060200668897,0.6829431438127089,1.6135246237650294,14.900255290581773,1.0,0.49185488727652527,0.26,0.2989966555183946,0.27424749163879597,2.700740009255887,0.2899717943289878,0.7509867840750949,9045.8,0.25046895371879196,0.6404088252014866,499.2,-0.055403842376136714,0.48908462120357427,413.4
24,lewm_fail_ald_success,ald_tf,0,ald_tf,encoder_raw,5,12.0,300.0,0.6759999999999999,3.913333333333334,10.951685917920896,0.14333333333333334,0.12533333333333335,0.15481635741889477,0.5088847074634971,0.7290532589500435,14.823579132097453,1.0,0.0790487295869706,0.17333333333333334,0.6608695652173913,0.24414715719063546,4.277042127010563,0.7552459805562608,1.0,0.5135653918124062,0.16,0.2836120401337793,0.4327759197324415,0.07997357698972715,0.5140810287811295,1.0,0.4827423496797828,0.15333333333333335,0.2836120401337793,0.3926421404682275,0.01034862105084776,2.0657915971587455,1.0,0.5885516379552854,0.16,0.2836120401337793,0.40535117056856185,0.09032219804057492,14.900255290581773,1.0,0.4680778720967216,0.26666666666666666,0.33244147157190634,0.15384615384615383,3.144073697520933,0.431411542071711,0.8701686347059899,9045.8,0.388794201501615,0.8264569617850492,499.2,0.24195019606701237,0.7474092529727859,413.4
24,lewm_fail_ald_success,ald_tf,0,ald_tf,predictor_raw,5,12.0,300.0,0.6759999999999999,3.913333333333334,10.951685917920896,0.14333333333333334,0.12533333333333335,0.15481635741889477,0.5088847074634971,0.7290532589500435,14.823579132097453,1.0,0.20759012877920863,0.08666666666666666,0.6581939799331104,0.3237458193979933,4.385957081259329,0.7552459805562608,1.0,0.16781034068542522,0.026666666666666665,0.4949832775919732,0.5899665551839466,0.12221998225444194,0.5140810287811295,1.0,0.13346402415893055,0.03333333333333333,0.4949832775919732,0.5852842809364549,0.9360539112976621,2.0657915971587455,1.0,0.20714666497725723,0.03333333333333333,0.4949832775919732,0.6046822742474917,1.058273893552104,14.900255290581773,1.0,0.47639320436893745,0.22666666666666666,0.3377926421404682,0.2802675585284281,4.220940347281228,0.35585413294643975,0.8325933900114741,9045.8,0.19676307308746926,0.6452064550329661,499.2,0.05596182332982704,0.5660510013297708,413.4
24,lewm_fail_ald_success,ald_tf,1,factor,encoder_raw,5,12.0,300.0,0.5873333333333334,3.0946666666666665,9.659232754427276,0.9393333333333335,0.30733333333333335,0.059480239450931546,0.3612544498257505,0.854322220317045,4.715743598008126,1.0,0.785386030200243,0.6133333333333333,0.03545150501672241,0.01137123745819398,0.025947810707600622,1.0637763971856613,1.0,0.6858377045636534,0.22666666666666666,0.182943143812709,0.20936454849498326,3.5236765521870496e-05,0.1555821081860965,1.0,0.6049896065140589,0.16666666666666666,0.6260869565217391,0.2247491638795987,9.598946398408957e-05,1.3352893495253577,1.0,0.706431591103897,0.2333333333333333,0.11538461538461538,0.2080267558528428,0.0,5.740407392412173,1.0,0.8722430271999453,0.7266666666666667,0.017391304347826087,0.00802675585284281,0.010450419075019212,0.8651114978222398,0.9501851873124803,10645.6,0.44214804524615003,0.893836134608641,381.4,0.27504832714314054,0.9351233791344855,341.2
24,lewm_fail_ald_success,ald_tf,1,factor,predictor_raw,5,12.0,300.0,0.5873333333333334,3.0946666666666665,9.659232754427276,0.9393333333333335,0.30733333333333335,0.059480239450931546,0.3612544498257505,0.854322220317045,4.715743598008126,1.0,0.6249887220969121,0.29333333333333333,0.2782608695652174,0.11304347826086958,0.24467538790285842,1.0637763971856613,1.0,0.6629505250638091,0.18666666666666668,0.09698996655518394,0.20936454849498326,3.5236765521870496e-05,0.1555821081860965,1.0,0.6173226118716755,0.15999999999999998,0.5846153846153846,0.2247491638795987,9.598946398408957e-05,1.3352893495253577,1.0,0.6883163354822686,0.1933333333333333,0.010702341137123745,0.2080267558528428,0.0,5.740407392412173,1.0,0.7123270258558428,0.3933333333333333,0.24347826086956523,0.09632107023411371,0.229177996270277,0.6315911892095389,0.8274144709489221,10645.6,0.2896483347949711,0.8015943217538972,381.4,0.2406502297627297,0.8792987608903029,341.2
24,lewm_fail_ald_success,ald_tf,1,factor,encoder_factor_head_diagnostic_only,5,12.0,300.0,0.5873333333333334,3.0946666666666665,9.659232754427276,0.9393333333333335,0.30733333333333335,0.059480239450931546,0.3612544498257505,0.854322220317045,4.715743598008126,1.0,0.9512169229830582,0.7466666666666667,0.010702341137123745,0.01605351170568562,0.036699104151283836,1.0637763971856613,1.0,0.47616815883735286,0.18666666666666668,0.22040133779264215,0.20936454849498326,3.5236765521870496e-05,0.1555821081860965,1.0,0.40847047111410245,0.14666666666666667,0.6267558528428093,0.2247491638795987,9.598946398408957e-05,1.3352893495253577,1.0,0.4894412400211056,0.18666666666666668,0.13612040133779263,0.2080267558528428,0.0,5.740407392412173,1.0,0.9849550935481055,0.8333333333333334,0.006688963210702341,0.012040133779264214,0.02120171251870242,0.9736059091755473,0.9845453304536118,10645.6,0.4637987838414787,0.8764141379507571,381.4,0.06813350446505667,0.713596075875431,341.2
24,lewm_fail_ald_success,ald_tf,1,lewm,encoder_raw,5,12.0,300.0,0.5873333333333334,3.0946666666666665,9.659232754427276,0.9393333333333335,0.30733333333333335,0.07583673670887947,0.48674779518235384,0.7321165930096124,4.715743598008126,1.0,0.763879498750543,0.4933333333333333,0.07224080267558528,0.04080267558528428,0.08456253420737737,1.0637763971856613,1.0,0.6930133478116993,0.19999999999999998,0.15083612040133781,0.20936454849498326,3.5236765521870496e-05,0.1555821081860965,1.0,0.6101210778638839,0.16666666666666669,0.6374581939799331,0.2247491638795987,9.598946398408957e-05,1.3352893495253577,1.0,0.7148098343220842,0.19999999999999998,0.08528428093645485,0.2080267558528428,0.0,5.740407392412173,1.0,0.8533166179949767,0.6066666666666667,0.05150501672240802,0.034782608695652174,0.06906514257479596,0.833807038772799,0.9482303255891915,10645.6,0.42400594862129937,0.9028812388978231,381.4,0.2379715711306293,0.9410842886369842,341.2
24,lewm_fail_ald_success,ald_tf,1,lewm,predictor_raw,5,12.0,300.0,0.5873333333333334,3.0946666666666665,9.659232754427276,0.9393333333333335,0.30733333333333335,0.07583673670887947,0.48674779518235384,0.7321165930096124,4.715743598008126,1.0,0.36643313814597944,0.15999999999999998,0.4334448160535117,0.294314381270903,0.8121736261386749,1.0637763971856613,1.0,0.6642228499143428,0.23333333333333334,0.21137123745819397,0.20936454849498326,3.5236765521870496e-05,0.1555821081860965,1.0,0.6329916244562995,0.2066666666666667,0.5464882943143812,0.2247491638795987,9.598946398408957e-05,1.3352893495253577,1.0,0.6937941537971909,0.23333333333333334,0.09698996655518395,0.2080267558528428,0.0,5.740407392412173,1.0,0.46522179135323727,0.23333333333333334,0.3872909698996656,0.27357859531772577,0.7966762345060936,0.25954509526094816,0.6659793458208002,10645.6,0.3160351352155085,0.8461702003066716,381.4,0.19486702672800038,0.8829162854236975,341.2
24,lewm_fail_ald_success,ald_tf,1,ald_tf,encoder_raw,5,12.0,300.0,0.5873333333333334,3.0946666666666665,9.659232754427276,0.9393333333333335,0.30733333333333335,0.053726997971534726,0.3121167864840746,0.8221979460513417,4.715743598008126,1.0,0.763879498750543,0.4933333333333333,0.07224080267558528,0.04080267558528428,0.08456253420737737,1.0637763971856613,1.0,0.6930133478116993,0.19999999999999998,0.15083612040133781,0.20936454849498326,3.5236765521870496e-05,0.1555821081860965,1.0,0.6101210778638839,0.16666666666666669,0.6374581939799331,0.2247491638795987,9.598946398408957e-05,1.3352893495253577,1.0,0.7148098343220842,0.19999999999999998,0.08528428093645485,0.2080267558528428,0.0,5.740407392412173,1.0,0.8533166179949767,0.6066666666666667,0.05150501672240802,0.034782608695652174,0.06906514257479596,0.833807038772799,0.9482303255891915,10645.6,0.42400594862129937,0.9028812388978231,381.4,0.2379715711306293,0.9410842886369842,341.2
24,lewm_fail_ald_success,ald_tf,1,ald_tf,predictor_raw,5,12.0,300.0,0.5873333333333334,3.0946666666666665,9.659232754427276,0.9393333333333335,0.30733333333333335,0.053726997971534726,0.3121167864840746,0.8221979460513417,4.715743598008126,1.0,0.5860327336970411,0.2533333333333333,0.2802675585284281,0.18528428093645485,0.41546672185593747,1.0637763971856613,1.0,0.5874157105836181,0.16666666666666666,0.11438127090301002,0.25953177257525084,0.036001104808237296,0.1555821081860965,1.0,0.5617667297710367,0.21333333333333332,0.5364548494983278,0.2775919732441472,0.005352699665148098,1.3352893495253577,1.0,0.6189915585771443,0.16666666666666666,0.010033444816053512,0.25083612040133774,0.041222578243879426,5.740407392412173,1.0,0.6684276047511639,0.3066666666666667,0.2662207357859532,0.16923076923076924,0.44119190846723555,0.5608192649469037,0.7955795337607963,10645.6,0.2062906763740727,0.7371906822810741,381.4,0.23028461196380162,0.8817375877765763,341.2
27,both_fail,lewm,0,factor,encoder_raw,5,12.0,300.0,0.8559999999999999,8.358666666666668,31.056878800928747,0.0,0.0,0.22062853053212167,0.6890780528295363,0.7986888743208258,23.89360491723921,1.0,0.26452373915265726,0.27999999999999997,0.4153846153846154,0.179933110367893,14.598633792481547,7.231167421402047,1.0,0.11535160547107944,0.026666666666666665,0.7986622073578595,0.44749163879598663,5.615433384953093,7.0319435001020825,1.0,-0.526408105491804,0.006666666666666666,0.8682274247491639,0.7819397993311037,22.307340014710036,9.862486539336935,1.0,-0.12858151433455445,0.026666666666666665,0.9785953177257525,0.6461538461538462,22.599775018106968,28.676689226390994,1.0,0.17905674507494526,0.18,0.797324414715719,0.25150501672240805,28.507125058819895,0.4539313984705817,0.755957997209701,2741.2,0.1831823716870865,0.5674279979612751,227.0,-0.6242156805137707,0.2440695517791378,276.8
27,both_fail,lewm,0,factor,predictor_raw,5,12.0,300.0,0.8559999999999999,8.358666666666668,31.056878800928747,0.0,0.0,0.22062853053212167,0.6890780528295363,0.7986888743208258,23.89360491723921,1.0,0.20445293836598183,0.2533333333333333,0.3157190635451505,0.13979933110367895,12.445344447584219,7.231167421402047,1.0,0.09482002893457629,0.013333333333333332,0.8809364548494983,0.4936454849498328,5.891903061950648,7.0319435001020825,1.0,-0.5321912321978937,0.013333333333333332,0.8448160535117056,0.7150501672240803,22.511963067386795,9.862486539336935,1.0,-0.1118078117288794,0.013333333333333332,0.8535117056856187,0.5531772575250836,23.080867747781284,28.676689226390994,1.0,0.13803122256913966,0.13999999999999999,0.7478260869565216,0.22809364548494987,26.834928443596887,0.3837357003856589,0.6756444931264038,2741.2,0.12132648803794947,0.6348047289182427,227.0,-0.5934842869277512,0.2870350404230486,276.8
27,both_fail,lewm,0,factor,encoder_factor_head_diagnostic_only,5,12.0,300.0,0.8559999999999999,8.358666666666668,31.056878800928747,0.0,0.0,0.22062853053212167,0.6890780528295363,0.7986888743208258,23.89360491723921,1.0,0.820549828331426,0.5733333333333334,0.034782608695652174,0.08160535117056857,5.977108786116231,7.231167421402047,1.0,0.2400254060741796,0.13333333333333333,0.3377926421404682,0.5876254180602006,6.318761662231719,7.0319435001020825,1.0,0.25961765488928673,0.27999999999999997,0.46220735785953176,0.07324414715719063,1.7970365834099866,9.862486539336935,1.0,0.38936999370693315,0.26666666666666666,0.14448160535117055,0.2230769230769231,2.7927998640855463,28.676689226390994,1.0,0.9935055278391982,0.9466666666666667,0.0013377926421404682,0.0013377926421404682,0.07862489843315927,0.9297753964151939,0.9922624924461516,2741.2,0.6304850332390372,0.8468016270919559,227.0,0.41676480741197175,0.8157439215455066,276.8
27,both_fail,lewm,0,lewm,encoder_raw,5,12.0,300.0,0.8559999999999999,8.358666666666668,31.056878800928747,0.0,0.0,0.25338576138019564,0.778767314737029,0.4450771230791453,23.89360491723921,1.0,0.15351868354092824,0.22666666666666666,0.30301003344481603,0.3217391304347826,20.603675075942103,7.231167421402047,1.0,0.06235321350678548,0.06666666666666668,0.8956521739130435,0.4374581939799331,4.940083527680203,7.0319435001020825,1.0,-0.35203767250589413,0.006666666666666666,0.8020066889632107,0.8234113712374581,24.90366705855103,9.862486539336935,1.0,-0.14161692445154436,0.03333333333333333,0.9625418060200669,0.6347826086956522,24.520752204675073,28.676689226390994,1.0,0.05436700407782309,0.16666666666666669,0.7518394648829432,0.40267558528428093,36.43314352884856,0.31620474745491006,0.7894336103091939,2741.2,0.02338552317436258,0.6387486627702479,227.0,-0.4446780471577284,0.29635522492068544,276.8
27,both_fail,lewm,0,lewm,predictor_raw,5,12.0,300.0,0.8559999999999999,8.358666666666668,31.056878800928747,0.0,0.0,0.25338576138019564,0.778767314737029,0.4450771230791453,23.89360491723921,1.0,0.11290578784208713,0.15333333333333332,0.32909698996655523,0.3605351170568562,20.587124964849913,7.231167421402047,1.0,-0.2850099836170409,0.03333333333333333,0.7491638795986623,0.7431438127090301,10.063988961234244,7.0319435001020825,1.0,-0.4609415184985247,0.006666666666666666,0.6381270903010033,0.703010033444816,23.958411939038648,9.862486539336935,1.0,-0.43420190577831896,0.013333333333333332,0.8247491638795987,0.7906354515050167,28.69940251871673,28.676689226390994,1.0,-0.11143252702807808,0.11333333333333333,0.6722408026755853,0.49565217391304356,40.59524373179803,0.23580655637005954,0.5831763726402214,2741.2,-0.36292403808545004,0.4815769524465609,227.0,-0.5474161921242436,0.37133815797313385,276.8
27,both_fail,lewm,0,ald_tf,encoder_raw,5,12.0,300.0,0.8559999999999999,8.358666666666668,31.056878800928747,0.0,0.0,0.21566307544708252,0.7087036524943626,0.40324501383348704,23.89360491723921,1.0,0.15351868354092824,0.22666666666666666,0.30301003344481603,0.3217391304347826,20.603675075942103,7.231167421402047,1.0,0.06235321350678548,0.06666666666666668,0.8956521739130435,0.4374581939799331,4.940083527680203,7.0319435001020825,1.0,-0.35203767250589413,0.006666666666666666,0.8020066889632107,0.8234113712374581,24.90366705855103,9.862486539336935,1.0,-0.14161692445154436,0.03333333333333333,0.9625418060200669,0.6347826086956522,24.520752204675073,28.676689226390994,1.0,0.05436700407782309,0.16666666666666669,0.7518394648829432,0.40267558528428093,36.43314352884856,0.31620474745491006,0.7894336103091939,2741.2,0.02338552317436258,0.6387486627702479,227.0,-0.4446780471577284,0.29635522492068544,276.8
27,both_fail,lewm,0,ald_tf,predictor_raw,5,12.0,300.0,0.8559999999999999,8.358666666666668,31.056878800928747,0.0,0.0,0.21566307544708252,0.7087036524943626,0.40324501383348704,23.89360491723921,1.0,0.11441247124968054,0.22666666666666666,0.41137123745819404,0.2929765886287625,18.04282361450594,7.231167421402047,1.0,-0.28692537852603733,0.02,0.7745819397993312,0.8093645484949832,13.741052205260246,7.0319435001020825,1.0,-0.4797485295324827,0.026666666666666665,0.694314381270903,0.5913043478260869,19.11656914946804,9.862486539336935,1.0,-0.4833382661175101,0.006666666666666666,0.9210702341137124,0.8207357859531772,27.534622973172127,28.676689226390994,1.0,-0.11393219924665832,0.13999999999999999,0.5832775919732441,0.43143812709030094,36.88616283590945,0.2248694955149985,0.5582560365740058,2741.2,-0.35830881869628606,0.4355638477468628,227.0,-0.5494703063375821,0.3126846733842706,276.8
27,both_fail,lewm,1,factor,encoder_raw,5,12.0,300.0,0.8133333333333332,3.4366666666666665,25.517117098009965,0.0,0.0,0.13957958817481994,2.3644492702803,0.6429477844259103,23.69028860717407,1.0,0.5024532901140534,0.17333333333333334,0.48762541806020065,0.15451505016722406,17.315251318651214,1.8905559117796904,1.0,0.02004535009305024,0.15333333333333332,0.5431438127090301,0.3966555183946488,3.0511084575192093,6.218138995944669,1.0,0.15977165559980694,0.18666666666666668,0.35384615384615387,0.2903010033444816,11.725068051991215,5.913676182581144,1.0,0.2636818473675865,0.23333333333333334,0.33444816053511706,0.2234113712374582,11.251005360745523,27.605138483518736,1.0,0.5639259736275795,0.17333333333333334,0.3050167224080268,0.10969899665551838,21.31834904152537,0.4939996855871228,0.8421185479832592,3436.2,-0.0034019461539234186,0.5042098340106014,140.6,0.03150083768481452,0.45118732616411894,268.4
27,both_fail,lewm,1,factor,predictor_raw,5,12.0,300.0,0.8133333333333332,3.4366666666666665,25.517117098009965,0.0,0.0,0.13957958817481994,2.3644492702803,0.6429477844259103,23.69028860717407,1.0,0.7331939243769374,0.36,0.548494983277592,0.10635451505016721,16.365731851434727,1.8905559117796904,1.0,0.12404875913619766,0.20666666666666664,0.47959866220735786,0.2996655518394649,4.16216534436492,6.218138995944669,1.0,0.19190550438987844,0.22666666666666666,0.2983277591973244,0.15384615384615383,13.667376258685035,5.913676182581144,1.0,0.23920842541880355,0.27999999999999997,0.2602006688963211,0.24548494983277588,14.304370454285053,27.605138483518736,1.0,0.7029238991544351,0.3333333333333333,0.31705685618729096,0.12842809364548496,23.422194667848412,0.6648906983788728,0.8012894401727145,3436.2,-0.0021549937030597237,0.46152440696907354,140.6,0.0339029339784699,0.4009053160306351,268.4
27,both_fail,lewm,1,factor,encoder_factor_head_diagnostic_only,5,12.0,300.0,0.8133333333333332,3.4366666666666665,25.517117098009965,0.0,0.0,0.13957958817481994,2.3644492702803,0.6429477844259103,23.69028860717407,1.0,0.9116641498151123,0.7466666666666667,0.024749163879598662,0.013377926421404682,5.258874105365669,1.8905559117796904,1.0,0.07606935218343626,0.16666666666666666,0.6836120401337793,0.2602006688963211,2.816991623080248,6.218138995944669,1.0,0.403616360394398,0.47333333333333333,0.08695652173913043,0.009364548494983277,2.706281817877104,5.913676182581144,1.0,0.41498951639065806,0.5533333333333333,0.08294314381270904,0.0822742474916388,1.9981022921924492,27.605138483518736,1.0,0.9742485792742333,0.9400000000000001,0.0013377926421404682,0.0006688963210702341,0.009068759686751093,0.9026220045518452,0.9476697121406976,3436.2,0.23009351486647991,0.728721446689758,140.6,0.5921203440618567,0.7986914992310676,268.4
27,both_fail,lewm,1,lewm,encoder_raw,5,12.0,300.0,0.8133333333333332,3.4366666666666665,25.517117098009965,0.0,0.0,0.3338278591632843,3.9250859868830283,0.24743315261696325,23.69028860717407,1.0,0.5505035101363089,0.22666666666666666,0.46488294314381273,0.1692307692307692,18.757040277404123,1.8905559117796904,1.0,0.13398864389958945,0.18666666666666665,0.4214046822742475,0.41739130434782606,3.1670032021323093,6.218138995944669,1.0,0.21685911929931317,0.2733333333333333,0.40267558528428093,0.1591973244147157,11.425982597293958,5.913676182581144,1.0,0.30847692566277785,0.30666666666666664,0.36187290969899666,0.07759197324414716,11.067814650661365,27.605138483518736,1.0,0.598374709222517,0.24,0.2729096989966555,0.12642140468227425,22.57694729019412,0.42541416948659644,0.7644914704657112,3436.2,0.12399476193510557,0.5731901309165228,140.6,0.12496443331306768,0.487446739135066,268.4
27,both_fail,lewm,1,lewm,predictor_raw,5,12.0,300.0,0.8133333333333332,3.4366666666666665,25.517117098009965,0.0,0.0,0.3338278591632843,3.9250859868830283,0.24743315261696325,23.69028860717407,1.0,-0.08473000811120125,0.006666666666666666,0.9090301003344482,0.3565217391304348,27.029947168851084,1.8905559117796904,1.0,-0.04610709533925349,0.12,0.806020066889632,0.525752508361204,2.932745842739422,6.218138995944669,1.0,-0.01604984429085845,0.026666666666666665,0.5765886287625419,0.40936454849498327,18.75164131637323,5.913676182581144,1.0,0.037081378087750604,0.06666666666666668,0.6314381270903009,0.3438127090301003,18.15921601034775,27.605138483518736,1.0,-0.03754255047278303,0.006666666666666666,0.7953177257525084,0.32976588628762543,37.941255541327465,0.08821619941211686,0.6527848034522818,3436.2,-0.10515759164158427,0.5677469884572097,140.6,-0.12097589928375074,0.44739928193745787,268.4
27,both_fail,lewm,1,ald_tf,encoder_raw,5,12.0,300.0,0.8133333333333332,3.4366666666666665,25.517117098009965,0.0,0.0,0.22720409631729127,2.5779306345385784,0.46909446351255646,23.69028860717407,1.0,0.5505035101363089,0.22666666666666666,0.46488294314381273,0.1692307692307692,18.757040277404123,1.8905559117796904,1.0,0.13398864389958945,0.18666666666666665,0.4214046822742475,0.41739130434782606,3.1670032021323093,6.218138995944669,1.0,0.21685911929931317,0.2733333333333333,0.40267558528428093,0.1591973244147157,11.425982597293958,5.913676182581144,1.0,0.30847692566277785,0.30666666666666664,0.36187290969899666,0.07759197324414716,11.067814650661365,27.605138483518736,1.0,0.598374709222517,0.24,0.2729096989966555,0.12642140468227425,22.57694729019412,0.42541416948659644,0.7644914704657112,3436.2,0.12399476193510557,0.5731901309165228,140.6,0.12496443331306768,0.487446739135066,268.4
27,both_fail,lewm,1,ald_tf,predictor_raw,5,12.0,300.0,0.8133333333333332,3.4366666666666665,25.517117098009965,0.0,0.0,0.22720409631729127,2.5779306345385784,0.46909446351255646,23.69028860717407,1.0,0.24921441349348328,0.21333333333333332,0.6501672240802676,0.22408026755852842,25.579084915821205,1.8905559117796904,1.0,0.18810380778694308,0.18666666666666668,0.6575250836120402,0.33076923076923076,2.387347857876329,6.218138995944669,1.0,0.26872422724286904,0.15333333333333332,0.32240802675585284,0.3080267558528428,14.999094473682977,5.913676182581144,1.0,0.3799461019130611,0.24666666666666667,0.3130434782608696,0.2491638795986622,13.861271182794402,27.605138483518736,1.0,0.32331372570806344,0.20666666666666664,0.4120401337792643,0.19999999999999998,32.192448460744245,0.1544319186027089,0.6763478986001156,3436.2,0.16180372979705368,0.5506801198886138,140.6,0.19409646825989593,0.4620905357909303,268.4
27,both_fail,ald_tf,0,factor,encoder_raw,5,12.0,300.0,0.9373333333333334,9.148,36.13926086038653,0.0,0.0,0.18892001286149024,1.3570366144496653,0.7498805986733186,13.861385450113783,1.0,-0.04989824331381458,0.06666666666666668,0.6441471571906355,0.4434782608695652,10.858644932124223,4.485200521489884,1.0,0.2541086722265901,0.06666666666666667,0.5518394648829431,0.5471571906354515,4.343316024424018,3.225385388147835,1.0,-0.742198383493527,0.0,0.9224080267558528,0.9371237458193982,9.655657752034,5.268844640531394,1.0,-0.13767619281930857,0.03333333333333333,0.8193979933110368,0.8200668896321069,10.852578017077633,14.196835737985328,1.0,-0.06578873098589985,0.026666666666666665,0.8220735785953177,0.668227424749164,15.777553167762392,-0.08991721107149787,0.505773832587262,1086.6,-0.08771103887179332,0.4098711466544547,241.8,-0.7385742444802648,0.13126382344560422,571.6
27,both_fail,ald_tf,0,factor,predictor_raw,5,12.0,300.0,0.9373333333333334,9.148,36.13926086038653,0.0,0.0,0.18892001286149024,1.3570366144496653,0.7498805986733186,13.861385450113783,1.0,0.05318814653496149,0.09333333333333334,0.696989966555184,0.4688963210702342,11.070892645335153,4.485200521489884,1.0,0.2356279792568133,0.04,0.7612040133779264,0.40936454849498316,3.5605893626564877,3.225385388147835,1.0,-0.5680990465667964,0.026666666666666665,0.8729096989966555,0.691638795986622,7.627833111193628,5.268844640531394,1.0,-0.0744160986849375,0.03333333333333333,0.6408026755852843,0.5692307692307692,8.042026714469731,14.196835737985328,1.0,0.19938452649473884,0.08666666666666667,0.5732441471571905,0.46220735785953176,13.179249578365418,0.08814291915824296,0.5485489723917241,1086.6,0.02511607708108001,0.48926668235000353,241.8,-0.5212186255861745,0.2789341546828409,571.6
27,both_fail,ald_tf,0,factor,encoder_factor_head_diagnostic_only,5,12.0,300.0,0.9373333333333334,9.148,36.13926086038653,0.0,0.0,0.18892001286149024,1.3570366144496653,0.7498805986733186,13.861385450113783,1.0,0.37786064289603216,0.24,0.5090301003344482,0.40267558528428093,3.196523476951618,4.485200521489884,1.0,0.1693791127279106,0.10666666666666669,0.7351170568561873,0.4193979933110367,3.3922640735135103,3.225385388147835,1.0,0.16833448957288852,0.13999999999999999,0.6354515050167224,0.2896321070234114,2.5548322732778987,5.268844640531394,1.0,0.3084297128253154,0.16666666666666666,0.57123745819398,0.2836120401337793,2.8007005874110247,14.196835737985328,1.0,0.9896357070634119,0.8799999999999999,0.012040133779264214,0.006688963210702341,0.06355428292317597,0.7102156752098752,0.93631460547807,1086.6,0.6146594177292541,0.8697908008089115,241.8,0.5248114568146101,0.8926050111975685,571.6
27,both_fail,ald_tf,0,lewm,encoder_raw,5,12.0,300.0,0.9373333333333334,9.148,36.13926086038653,0.0,0.0,0.1955677166581154,1.0981703448354845,0.645136412626807,13.861385450113783,1.0,0.08376297514416826,0.12,0.5712374581939799,0.44749163879598663,14.676063760394337,4.485200521489884,1.0,0.08897877980208725,0.06,0.6896321070234114,0.5418060200668896,4.313787232052982,3.225385388147835,1.0,-0.685619654006328,0.006666666666666666,0.8494983277591974,0.9023411371237458,10.117833011440808,5.268844640531394,1.0,-0.2465909693068476,0.03333333333333333,0.836789297658863,0.8060200668896321,11.285224484113405,14.196835737985328,1.0,-0.05159470660785119,0.06,0.6963210702341136,0.6354515050167224,20.027618463068276,0.12338761599830002,0.5961326100868238,1086.6,-0.10019401612451533,0.4556618981459404,241.8,-0.6407659770324752,0.23676391924443907,571.6
27,both_fail,ald_tf,0,lewm,predictor_raw,5,12.0,300.0,0.9373333333333334,9.148,36.13926086038653,0.0,0.0,0.1955677166581154,1.0981703448354845,0.645136412626807,13.861385450113783,1.0,0.3246018289092101,0.26,0.2882943143812709,0.16856187290969898,7.262942473936363,4.485200521489884,1.0,-0.1555308244172168,0.006666666666666666,0.7665551839464884,0.9244147157190635,13.158325205693748,3.225385388147835,1.0,-0.43415730243754275,0.006666666666666666,0.7879598662207358,0.6474916387959866,6.166457436283649,5.268844640531394,1.0,-0.34060092402989284,0.0,0.8247491638795987,0.9545150501672242,16.17838688259701,14.196835737985328,1.0,0.05118279091989912,0.11333333333333333,0.5290969899665552,0.7264214046822742,17.507659575093903,0.3161756752518997,0.6174858979384109,1086.6,-0.031704040149087696,0.44032615393963603,241.8,-0.38546277378804933,0.4128509911274194,571.6
27,both_fail,ald_tf,0,ald_tf,encoder_raw,5,12.0,300.0,0.9373333333333334,9.148,36.13926086038653,0.0,0.0,0.24950207620859147,1.7202688673580062,0.4323136923743597,13.861385450113783,1.0,0.08376297514416826,0.12,0.5712374581939799,0.44749163879598663,14.676063760394337,4.485200521489884,1.0,0.08897877980208725,0.06,0.6896321070234114,0.5418060200668896,4.313787232052982,3.225385388147835,1.0,-0.685619654006328,0.006666666666666666,0.8494983277591974,0.9023411371237458,10.117833011440808,5.268844640531394,1.0,-0.2465909693068476,0.03333333333333333,0.836789297658863,0.8060200668896321,11.285224484113405,14.196835737985328,1.0,-0.05159470660785119,0.06,0.6963210702341136,0.6354515050167224,20.027618463068276,0.12338761599830002,0.5961326100868238,1086.6,-0.10019401612451533,0.4556618981459404,241.8,-0.6407659770324752,0.23676391924443907,571.6
27,both_fail,ald_tf,0,ald_tf,predictor_raw,5,12.0,300.0,0.9373333333333334,9.148,36.13926086038653,0.0,0.0,0.24950207620859147,1.7202688673580062,0.4323136923743597,13.861385450113783,1.0,0.20000897787753197,0.16,0.5525083612040134,0.3765886287625418,9.522051361130163,4.485200521489884,1.0,-0.011081854159552018,0.04,0.8461538461538461,0.5725752508361204,5.985089390686708,3.225385388147835,1.0,-0.22702136650446286,0.02,0.6836120401337793,0.37926421404682276,4.45939606684695,5.268844640531394,1.0,-0.08909118089006728,0.03333333333333334,0.7953177257525084,0.579933110367893,7.298089698153274,14.196835737985328,1.0,0.3127690752119468,0.22666666666666666,0.5953177257525084,0.29498327759197324,10.886471277843967,0.3515938771761071,0.6366744023966462,1086.6,0.1513998478348823,0.5185681159830223,241.8,-0.15529111525839942,0.5069477299971424,571.6
27,both_fail,ald_tf,1,factor,encoder_raw,5,12.0,300.0,1.0,19.118666666666666,109.86446714498042,0.0,0.0,0.313077475130558,1.6987073797166368,0.35934666765703244,21.674357491195263,1.0,0.30102807268277504,0.07333333333333333,0.4581939799331104,0.642809364548495,31.05647354618342,40.65973934916944,1.0,-0.4928917423961554,0.013333333333333332,0.720401337792642,0.6561872909698996,63.29119427634057,7.323429908607567,1.0,0.23572884522264892,0.13999999999999999,0.4080267558528428,0.4434782608695652,5.171558243456711,36.63655187235418,1.0,-0.48820515604122966,0.04,0.6695652173913043,0.6749163879598662,60.84509248312187,47.49097632260263,1.0,-0.13337546842413864,0.10666666666666666,0.5076923076923077,0.6795986622073579,86.52943095705173,0.2528792877629239,0.5965098492786806,3061.8,-0.3334173649160214,0.5976497155917626,227.6,-0.02556397852231636,0.38226884009452383,370.2
27,both_fail,ald_tf,1,factor,predictor_raw,5,12.0,300.0,1.0,19.118666666666666,109.86446714498042,0.0,0.0,0.313077475130558,1.6987073797166368,0.35934666765703244,21.674357491195263,1.0,-0.17543377148634987,0.026666666666666665,0.8535117056856187,0.6642140468227424,34.68408551492795,40.65973934916944,1.0,-0.18330559228435872,0.06666666666666667,0.4107023411371237,0.6040133779264215,68.34521941696687,7.323429908607567,1.0,-0.06926708074534163,0.026666666666666665,0.7270903010033445,0.3745819397993311,4.851740828618693,36.63655187235418,1.0,-0.2195127501416682,0.08,0.671571906354515,0.6227424749163879,65.57930020891015,47.49097632260263,1.0,-0.14988806542294913,0.06666666666666667,0.6903010033444816,0.6802675585284281,94.89125065158454,-0.2763033830922376,0.42478822140105665,3061.8,0.026015338460857886,0.5758271909162234,227.6,0.030638975733829142,0.5513930473998181,370.2
27,both_fail,ald_tf,1,factor,encoder_factor_head_diagnostic_only,5,12.0,300.0,1.0,19.118666666666666,109.86446714498042,0.0,0.0,0.313077475130558,1.6987073797166368,0.35934666765703244,21.674357491195263,1.0,0.6937829086989856,0.5066666666666666,0.1117056856187291,0.01806020066889632,1.9461961087820114,40.65973934916944,1.0,0.5321256458405094,0.21333333333333332,0.2555183946488294,0.2448160535117057,5.331839675606228,7.323429908607567,1.0,-0.1052704141157124,0.06,0.4247491638795987,0.3826086956521739,5.711759324540727,36.63655187235418,1.0,0.6406127179190879,0.3466666666666667,0.13979933110367893,0.10234113712374582,3.4259389634715447,47.49097632260263,1.0,0.9897125079167546,0.9066666666666666,0.0,0.0,0.0,0.8333612307189767,0.9163788756562378,3061.8,0.781859680278368,0.9119199416213079,227.6,-0.25302016409474104,0.7093208638883591,370.2
27,both_fail,ald_tf,1,lewm,encoder_raw,5,12.0,300.0,1.0,19.118666666666666,109.86446714498042,0.0,0.0,0.16747562438249589,1.2489124258518227,0.45172635251502796,21.674357491195263,1.0,0.08329105878954211,0.013333333333333332,0.6053511705685619,0.765886287625418,41.50061982140936,40.65973934916944,1.0,-0.6937613084589829,0.0,0.8046822742474916,0.8849498327759198,81.14486834171099,7.323429908607567,1.0,0.1245332059245103,0.15999999999999998,0.44816053511705684,0.5953177257525084,9.529171211948292,36.63655187235418,1.0,-0.7425231835909287,0.0,0.8040133779264214,0.9010033444816055,83.05637951698387,47.49097632260263,1.0,-0.40819617995755514,0.0,0.688294314381271,0.9036789297658862,119.18486426613967,0.08162261589310135,0.5691593584540313,3061.8,-0.5574748680524568,0.5038224265803087,227.6,-0.1324532839477289,0.3404782669662758,370.2
27,both_fail,ald_tf,1,lewm,predictor_raw,5,12.0,300.0,1.0,19.118666666666666,109.86446714498042,0.0,0.0,0.16747562438249589,1.2489124258518227,0.45172635251502796,21.674357491195263,1.0,0.09676703074478606,0.1,0.5505016722408027,0.4662207357859532,29.88094867769009,40.65973934916944,1.0,-0.30316719074656384,0.006666666666666666,0.6274247491638796,0.6842809364548496,64.02307591373672,7.323429908607567,1.0,0.06893134368159645,0.16,0.4080267558528428,0.33578595317725757,5.3823735591515485,36.63655187235418,1.0,-0.34615753508372316,0.006666666666666666,0.6742474916387959,0.7003344481605351,61.78778943621286,47.49097632260263,1.0,-0.2345556728408093,0.013333333333333332,0.7183946488294314,0.6494983277591974,86.29660304164938,0.04759720366448422,0.5678475548035838,3061.8,-0.3453281209399418,0.4219241083904862,227.6,-0.173165688676215,0.3808511871850196,370.2
27,both_fail,ald_tf,1,ald_tf,encoder_raw,5,12.0,300.0,1.0,19.118666666666666,109.86446714498042,0.0,0.0,0.17899002134799957,1.4107181279628034,0.35906754519494666,21.674357491195263,1.0,0.08329105878954211,0.013333333333333332,0.6053511705685619,0.765886287625418,41.50061982140936,40.65973934916944,1.0,-0.6937613084589829,0.0,0.8046822742474916,0.8849498327759198,81.14486834171099,7.323429908607567,1.0,0.1245332059245103,0.15999999999999998,0.44816053511705684,0.5953177257525084,9.529171211948292,36.63655187235418,1.0,-0.7425231835909287,0.0,0.8040133779264214,0.9010033444816055,83.05637951698387,47.49097632260263,1.0,-0.40819617995755514,0.0,0.688294314381271,0.9036789297658862,119.18486426613967,0.08162261589310135,0.5691593584540313,3061.8,-0.5574748680524568,0.5038224265803087,227.6,-0.1324532839477289,0.3404782669662758,370.2
27,both_fail,ald_tf,1,ald_tf,predictor_raw,5,12.0,300.0,1.0,19.118666666666666,109.86446714498042,0.0,0.0,0.17899002134799957,1.4107181279628034,0.35906754519494666,21.674357491195263,1.0,0.12663625151390573,0.04,0.671571906354515,0.5404682274247492,29.241129362698835,40.65973934916944,1.0,-0.24338483760930676,0.006666666666666666,0.6963210702341136,0.7424749163879598,53.81620630463524,7.323429908607567,1.0,-0.10575433060367337,0.06000000000000001,0.6240802675585284,0.4729096989966555,6.147263618941659,36.63655187235418,1.0,-0.2896365515172391,0.0,0.7986622073578596,0.7505016722408027,52.345809886901485,47.49097632260263,1.0,-0.07111021233569262,0.006666666666666666,0.8294314381270903,0.6775919732441471,76.21480417734676,0.1129261829021863,0.5523849127103033,3061.8,-0.29824420676512803,0.2639341895876937,227.6,-0.2935152722881384,0.40568252282878897,370.2
51,both_success,lewm,0,factor,encoder_raw,5,12.0,300.0,0.4806666666666667,1.7073333333333334,11.94628263987046,0.304,0.22400000000000003,0.07111169584095478,0.6346093872962483,0.7280480280024267,30.4713305787326,1.0,0.7157337520028264,0.5333333333333333,0.21939799331103677,0.23478260869565215,92.78445443815454,1.1595644710991508,0.6,0.7409339291434035,0.25555555555555554,0.17725752508361203,0.16610925306577481,0.027750267167076514,0.06815081077816051,0.6,0.4973448962510513,0.12222222222222222,0.2753623188405797,0.29431438127090304,0.016179203308916944,1.253987030479136,0.6,0.7465074421820302,0.2777777777777778,0.17725752508361203,0.16833890746934224,0.043762585976928,32.72658669138515,1.0,0.7730121244084962,0.5333333333333333,0.19331103678929765,0.24214046822742477,92.0134973664282,0.7183974846762565,0.8362373377592919,17986.2,0.6844179846702119,0.9422204799900099,284.8,-0.2513853017280716,0.3354801851449756,449.2
51,both_success,lewm,0,factor,predictor_raw,5,12.0,300.0,0.4806666666666667,1.7073333333333334,11.94628263987046,0.304,0.22400000000000003,0.07111169584095478,0.6346093872962483,0.7280480280024267,30.4713305787326,1.0,0.7193917265747397,0.38666666666666666,0.08294314381270904,0.22809364548494981,0.947107607113305,1.1595644710991508,0.6,0.5246265431182445,0.15555555555555556,0.4615384615384615,0.41750278706800453,0.11091802477811358,0.06815081077816051,0.6,0.45443854402797706,0.12222222222222223,0.3311036789297659,0.4264214046822743,0.03956499254021984,1.253987030479136,0.6,0.5415630335873224,0.16666666666666666,0.4615384615384615,0.3573021181716834,0.15031613281926795,32.72658669138515,1.0,0.7320374670829677,0.39333333333333337,0.07290969899665552,0.21672240802675585,1.0278869538909867,0.6069309141101356,0.7693051942800271,17986.2,0.2597721256920941,0.545223463940325,284.8,0.04095058312818132,0.42662565414253145,449.2
51,both_success,lewm,0,factor,encoder_factor_head_diagnostic_only,5,12.0,300.0,0.4806666666666667,1.7073333333333334,11.94628263987046,0.304,0.22400000000000003,0.07111169584095478,0.6346093872962483,0.7280480280024267,30.4713305787326,1.0,0.8759498830188249,0.6066666666666667,0.05886287625418061,0.2581939799331104,91.3469363992715,1.1595644710991508,0.6,0.7446067497711489,0.18888888888888888,0.2140468227424749,0.22519509476031216,0.04729532697991623,0.06815081077816051,0.6,0.516093228759234,0.05555555555555555,0.28762541806020064,0.34448160535117056,0.025845305563235874,1.253987030479136,0.6,0.7510628122861135,0.20000000000000004,0.2140468227424749,0.221850613154961,0.07297374804408664,32.72658669138515,1.0,0.9278257078045783,0.6133333333333334,0.05351170568561873,0.26421404682274247,91.38131031518408,0.863837516162012,0.9600985341398902,17986.2,0.6842630754206507,0.9713224046027157,284.8,-0.2216616481112643,0.2963827665951256,449.2
51,both_success,lewm,0,lewm,encoder_raw,5,12.0,300.0,0.4806666666666667,1.7073333333333334,11.94628263987046,0.304,0.22400000000000003,0.09199333153665065,0.7841037083638509,0.7308268581769568,30.4713305787326,1.0,0.6382001951067093,0.5,0.2789297658862876,0.24414715719063543,92.80513327761369,1.1595644710991508,0.6,0.7546912820044196,0.2555555555555556,0.13600891861761427,0.18394648829431437,0.0340164234919696,0.06815081077816051,0.6,0.4997328153227348,0.13333333333333333,0.302118171683389,0.30434782608695654,0.018940190740768168,1.253987030479136,0.6,0.759328067901181,0.26666666666666666,0.13600891861761427,0.1806020066889632,0.05278972973367232,32.72658669138515,1.0,0.6948710058333554,0.5,0.2555183946488294,0.25083612040133774,92.03959249214141,0.6463404500837535,0.8065357731973044,17986.2,0.7205836522104998,0.939074542361923,284.8,-0.268999790997602,0.33268205579048243,449.2
51,both_success,lewm,0,lewm,predictor_raw,5,12.0,300.0,0.4806666666666667,1.7073333333333334,11.94628263987046,0.304,0.22400000000000003,0.09199333153665065,0.7841037083638509,0.7308268581769568,30.4713305787326,1.0,0.742052600584451,0.5066666666666667,0.18795986622073577,0.07290969899665552,5.165689180353818,1.1595644710991508,0.6,0.42593783852682865,0.16666666666666666,0.21739130434782608,0.2753623188405797,0.21359085172658046,0.06815081077816051,0.6,0.4898366142654642,0.18888888888888888,0.2608695652173913,0.18729096989966554,0.007224661597381915,1.253987030479136,0.6,0.46287355486289156,0.19999999999999998,0.21739130434782608,0.25641025641025644,0.2206486288248969,32.72658669138515,1.0,0.6947339414882386,0.5,0.16923076923076924,0.07491638795986622,5.2886680247348705,0.7231838475950343,0.8238506798119298,17986.2,-0.12958827514833346,0.30014985211167605,284.8,0.09979854587398324,0.6527777220727011,449.2
51,both_success,lewm,0,ald_tf,encoder_raw,5,12.0,300.0,0.4806666666666667,1.7073333333333334,11.94628263987046,0.304,0.22400000000000003,0.03858066909015179,0.4013585314508795,0.9481957026436035,30.4713305787326,1.0,0.6382001951067093,0.5,0.2789297658862876,0.24414715719063543,92.80513327761369,1.1595644710991508,0.6,0.7546912820044196,0.2555555555555556,0.13600891861761427,0.18394648829431437,0.0340164234919696,0.06815081077816051,0.6,0.4997328153227348,0.13333333333333333,0.302118171683389,0.30434782608695654,0.018940190740768168,1.253987030479136,0.6,0.759328067901181,0.26666666666666666,0.13600891861761427,0.1806020066889632,0.05278972973367232,32.72658669138515,1.0,0.6948710058333554,0.5,0.2555183946488294,0.25083612040133774,92.03959249214141,0.6463404500837535,0.8065357731973044,17986.2,0.7205836522104998,0.939074542361923,284.8,-0.268999790997602,0.33268205579048243,449.2
51,both_success,lewm,0,ald_tf,predictor_raw,5,12.0,300.0,0.4806666666666667,1.7073333333333334,11.94628263987046,0.304,0.22400000000000003,0.03858066909015179,0.4013585314508795,0.9481957026436035,30.4713305787326,1.0,0.6548722541361571,0.54,0.11237458193979935,0.030100334448160536,2.0507805717956327,1.1595644710991508,0.6,0.7295589820617517,0.24444444444444446,0.2129319955406912,0.17279821627647715,0.04289349297186413,0.06815081077816051,0.6,0.47447231171568727,0.11111111111111112,0.29208472686733555,0.23857302118171683,0.010871429900151554,1.253987030479136,0.6,0.7341581889578425,0.2555555555555556,0.2129319955406912,0.1716833890746934,0.053598038372950234,32.72658669138515,1.0,0.6959103101145568,0.5333333333333333,0.10501672240802676,0.03545150501672241,1.2857247715068891,0.6374050274677243,0.7967024178904143,17986.2,0.6699767618876259,0.8592596117339842,284.8,-0.27075501969532073,0.31531011086114163,449.2
51,both_success,lewm,1,factor,encoder_raw,5,12.0,300.0,1.0,3.2513333333333336,9.752812540116514,0.9713333333333333,0.3406666666666667,0.03605329692363739,0.8243859239674084,0.8743495261746645,4.571964821314081,1.0,0.715747146458105,0.5466666666666666,0.10434782608695652,0.06220735785953178,0.11956082797394733,0.7312360550338467,1.0,0.6334033447341607,0.17333333333333334,0.5591973244147157,0.20668896321070235,0.004169958540769707,0.2051278992129686,1.0,0.519304152744934,0.16,0.7505016722408027,0.22675585284280936,0.0059382218064685625,0.9591670610917611,1.0,0.6272806974366446,0.17333333333333334,0.5819397993311036,0.20735785953177258,0.00624239224592222,5.239318410861264,1.0,0.8355815638668794,0.6266666666666667,0.01939799331103679,0.047491638795986627,0.09010570501103013,0.8469704604881653,0.8857095151447447,8260.0,0.4875517977700758,0.9251211506850137,132.8,-0.05261659933292837,0.5119030745075076,199.0
51,both_success,lewm,1,factor,predictor_raw,5,12.0,300.0,1.0,3.2513333333333336,9.752812540116514,0.9713333333333333,0.3406666666666667,0.03605329692363739,0.8243859239674084,0.8743495261746645,4.571964821314081,1.0,0.5374457938421537,0.26,0.21337792642140468,0.2816053511705686,0.47399842342764414,0.7312360550338467,1.0,0.6087502305581174,0.2333333333333333,0.4494983277591974,0.0822742474916388,0.0021522849589604683,0.2051278992129686,1.0,0.49407633418149094,0.21333333333333332,0.4187290969899665,0.10033444816053512,0.005131855033081047,0.9591670610917611,1.0,0.5999129768108535,0.2333333333333333,0.5304347826086957,0.08294314381270904,0.0034183518907254656,5.239318410861264,1.0,0.6569366326292514,0.32666666666666666,0.0903010033444816,0.23545150501672243,0.4417192601095302,0.6046358675245365,0.7651916892824807,8260.0,0.4292722336131474,0.9158095764423646,132.8,-0.09152204744236316,0.42033618366099185,199.0
51,both_success,lewm,1,factor,encoder_factor_head_diagnostic_only,5,12.0,300.0,1.0,3.2513333333333336,9.752812540116514,0.9713333333333333,0.3406666666666667,0.03605329692363739,0.8243859239674084,0.8743495261746645,4.571964821314081,1.0,0.7951710232750601,0.4333333333333333,0.11170568561872911,0.10836120401337793,0.24082281933872682,0.7312360550338467,1.0,0.5452563576417131,0.14666666666666667,0.682943143812709,0.10769230769230768,0.0025329830975030997,0.2051278992129686,1.0,0.44381046482357045,0.13333333333333336,0.7043478260869565,0.12642140468227425,0.005300325315010014,0.9591670610917611,1.0,0.5406995061809043,0.14666666666666667,0.6983277591973244,0.10836120401337793,0.003967520311197065,5.239318410861264,1.0,0.8945494377998072,0.4999999999999999,0.05886287625418061,0.08294314381270904,0.20909282444108448,0.8739332339950747,0.892526044314331,8260.0,0.3791898913212832,0.858603586675238,132.8,0.027303662329749328,0.5797935449981485,199.0
51,both_success,lewm,1,lewm,encoder_raw,5,12.0,300.0,1.0,3.2513333333333336,9.752812540116514,0.9713333333333333,0.3406666666666667,0.034606995061039925,0.6680399556083072,0.7033657522070743,4.571964821314081,1.0,0.6630579099977532,0.47333333333333333,0.11304347826086955,0.10100334448160535,0.18144551463121392,0.7312360550338467,1.0,0.6520930942548511,0.17333333333333334,0.5418060200668897,0.11505016722408028,0.0030697465877982193,0.2051278992129686,1.0,0.5283845507099914,0.14666666666666667,0.7819397993311037,0.13244147157190636,0.005534965747916475,0.9591670610917611,1.0,0.6439759357402107,0.17333333333333334,0.5698996655518396,0.11571906354515052,0.004738924234398645,5.239318410861264,1.0,0.7866229899928873,0.54,0.03076923076923077,0.07692307692307691,0.15048692365677313,0.786803684584662,0.8438363323843525,8260.0,0.5028093831068217,0.9584799120488373,132.8,-0.12540008027582566,0.44892923265046025,199.0
51,both_success,lewm,1,lewm,predictor_raw,5,12.0,300.0,1.0,3.2513333333333336,9.752812540116514,0.9713333333333333,0.3406666666666667,0.034606995061039925,0.6680399556083072,0.7033657522070743,4.571964821314081,1.0,0.6983663374037489,0.42000000000000004,0.20936454849498326,0.08227424749163881,0.2736764178508997,0.7312360550338467,1.0,0.3654032600362226,0.07333333333333333,0.734448160535117,0.4040133779264214,0.14099047094084682,0.2051278992129686,1.0,0.25777459749552767,0.07333333333333333,0.6260869565217392,0.3705685618729097,0.011343073062974671,0.9591670610917611,1.0,0.35875740841564907,0.07333333333333333,0.7491638795986623,0.3946488294314381,0.14846775590250544,5.239318410861264,1.0,0.7655458393982155,0.47333333333333333,0.13578595317725753,0.07625418060200669,0.38644665854456567,0.782306961792165,0.8489226706332337,8260.0,0.3231029149850642,0.6707467523102257,132.8,-0.04555841747915458,0.5448806048550294,199.0
51,both_success,lewm,1,ald_tf,encoder_raw,5,12.0,300.0,1.0,3.2513333333333336,9.752812540116514,0.9713333333333333,0.3406666666666667,0.024771085008978844,0.46411826656596744,0.9171959176751174,4.571964821314081,1.0,0.6630579099977532,0.47333333333333333,0.11304347826086955,0.10100334448160535,0.18144551463121392,0.7312360550338467,1.0,0.6520930942548511,0.17333333333333334,0.5418060200668897,0.11505016722408028,0.0030697465877982193,0.2051278992129686,1.0,0.5283845507099914,0.14666666666666667,0.7819397993311037,0.13244147157190636,0.005534965747916475,0.9591670610917611,1.0,0.6439759357402107,0.17333333333333334,0.5698996655518396,0.11571906354515052,0.004738924234398645,5.239318410861264,1.0,0.7866229899928873,0.54,0.03076923076923077,0.07692307692307691,0.15048692365677313,0.786803684584662,0.8438363323843525,8260.0,0.5028093831068217,0.9584799120488373,132.8,-0.12540008027582566,0.44892923265046025,199.0
51,both_success,lewm,1,ald_tf,predictor_raw,5,12.0,300.0,1.0,3.2513333333333336,9.752812540116514,0.9713333333333333,0.3406666666666667,0.024771085008978844,0.46411826656596744,0.9171959176751174,4.571964821314081,1.0,0.4769013877931977,0.18,0.26086956521739124,0.2648829431438127,0.700399269103171,0.7312360550338467,1.0,0.7018479760886233,0.2533333333333333,0.46421404682274253,0.09832775919732441,0.004190978879632957,0.2051278992129686,1.0,0.587182613140146,0.22666666666666666,0.5752508361204014,0.11839464882943145,0.006016196909460484,0.9591670610917611,1.0,0.6941105567839643,0.2533333333333333,0.5230769230769232,0.09832775919732441,0.006341387687777392,5.239318410861264,1.0,0.6180970010777898,0.24666666666666667,0.14448160535117055,0.21137123745819403,0.6710431415821089,0.5507349785008993,0.7241618604913704,8260.0,0.46541966172275295,0.8902268042762591,132.8,-0.10166900641454343,0.45247255160298633,199.0
51,both_success,ald_tf,0,factor,encoder_raw,5,12.0,300.0,0.39333333333333337,1.2266666666666666,7.879373619289136,0.318,0.2626666666666667,0.05410558432340622,0.6111527789123222,0.6724299036465924,29.737028680384462,1.0,0.6917401844566099,0.5066666666666667,0.09297658862876254,0.29698996655518395,91.3855684661332,0.15886670681185922,0.6,0.5804416949494865,0.24444444444444446,0.3088071348940914,0.2129319955406912,0.04288397953222899,0.02652629537591298,0.6,0.35627602814394893,0.15555555555555556,0.6064659977703456,0.2820512820512821,0.022279651046742604,0.20951832760061778,0.6,0.5753495440567747,0.25555555555555554,0.3088071348940914,0.21516164994425865,0.06499865456105973,30.750093196189294,1.0,0.7540048021148961,0.4933333333333333,0.09297658862876254,0.29498327759197324,91.42428242489343,0.7119138918516468,0.841466380993721,20548.2,0.597865833322398,0.8445432255992861,216.0,-0.34493669555248724,0.22683499674209961,210.4
51,both_success,ald_tf,0,factor,predictor_raw,5,12.0,300.0,0.39333333333333337,1.2266666666666666,7.879373619289136,0.318,0.2626666666666667,0.05410558432340622,0.6111527789123222,0.6724299036465924,29.737028680384462,1.0,0.736948099423327,0.37333333333333335,0.13043478260869565,0.2120401337792642,1.2653240279830014,0.15886670681185922,0.6,0.3581721833082019,0.15555555555555556,0.5496098104793757,0.3433667781493868,0.14503057594203328,0.02652629537591298,0.6,0.4315223028461912,0.2111111111111111,0.3612040133779264,0.21850613154960982,0.014037529631362476,0.20951832760061778,0.6,0.3822891906671297,0.13333333333333333,0.5496098104793757,0.36008918617614266,0.15890312955548389,30.750093196189294,1.0,0.7417765975177503,0.37333333333333335,0.13043478260869565,0.18862876254180602,1.3603806717398814,0.6792319339344408,0.7929760813100766,20548.2,0.04478222445690306,0.45996404632040955,216.0,0.14008064994831235,0.5398253525215314,210.4
51,both_success,ald_tf,0,factor,encoder_factor_head_diagnostic_only,5,12.0,300.0,0.39333333333333337,1.2266666666666666,7.879373619289136,0.318,0.2626666666666667,0.05410558432340622,0.6111527789123222,0.6724299036465924,29.737028680384462,1.0,0.8317537765105876,0.5666666666666667,0.07157190635451505,0.27157190635451506,91.40474164513856,0.15886670681185922,0.6,0.5545617720727795,0.15555555555555556,0.37792642140468224,0.23968784838350055,0.04955173525509978,0.02652629537591298,0.6,0.35768509709188084,0.09999999999999999,0.52396878483835,0.31995540691192864,0.025059800592761177,0.20951832760061778,0.6,0.5445995002080227,0.16666666666666666,0.37792642140468224,0.24637681159420288,0.07444655982994908,30.750093196189294,1.0,0.8892986969851538,0.5466666666666666,0.07157190635451505,0.2782608695652174,91.44912434706012,0.8489242650049759,0.9506379735275647,20548.2,0.573804896428336,0.8559756702650582,216.0,-0.283006261607676,0.24454909927407295,210.4
51,both_success,ald_tf,0,lewm,encoder_raw,5,12.0,300.0,0.39333333333333337,1.2266666666666666,7.879373619289136,0.318,0.2626666666666667,0.06807555258274078,0.8499927690294806,0.5953599740637172,29.737028680384462,1.0,0.6249725309833819,0.5,0.1645484949832776,0.3003344481605351,91.42016807202319,0.15886670681185922,0.6,0.6182866200033421,0.26666666666666666,0.2608695652173913,0.14492753623188406,0.021556076021048014,0.02652629537591298,0.6,0.39013373145340324,0.17777777777777778,0.6187290969899665,0.18729096989966557,0.009215959445148067,0.20951832760061778,0.6,0.6131525451488692,0.2777777777777778,0.2608695652173913,0.14492753623188406,0.030607059448284207,30.750093196189294,1.0,0.6876174202034491,0.5000000000000001,0.1645484949832776,0.2889632107023411,91.43824707371576,0.6460317119008047,0.8115863664798291,20548.2,0.6489802622580098,0.8688368133507857,216.0,-0.3487530054872823,0.23348683056411798,210.4
51,both_success,ald_tf,0,lewm,predictor_raw,5,12.0,300.0,0.39333333333333337,1.2266666666666666,7.879373619289136,0.318,0.2626666666666667,0.06807555258274078,0.8499927690294806,0.5953599740637172,29.737028680384462,1.0,0.6756552406137846,0.40666666666666673,0.1331103678929766,0.07023411371237458,5.064524708970181,0.15886670681185922,0.6,0.21774287546577528,0.09999999999999999,0.29096989966555187,0.5596432552954292,0.11982118820344767,0.02652629537591298,0.6,0.4170465051741097,0.19999999999999998,0.27647714604236345,0.24637681159420288,0.0239618937355512,0.20951832760061778,0.6,0.2647230627650777,0.1111111111111111,0.29096989966555187,0.39910813823857305,0.143618105921087,30.750093196189294,1.0,0.6177878420871343,0.4066666666666666,0.1331103678929766,0.07892976588628763,5.150410338546417,0.648280779296773,0.8127957595170405,20548.2,-0.2821312574555281,0.3060241386431454,216.0,0.2278601193450521,0.7332723782255303,210.4
51,both_success,ald_tf,0,ald_tf,encoder_raw,5,12.0,300.0,0.39333333333333337,1.2266666666666666,7.879373619289136,0.318,0.2626666666666667,0.02896999232470989,0.4514258917700956,0.9201257049935354,29.737028680384462,1.0,0.6249725309833819,0.5,0.1645484949832776,0.3003344481605351,91.42016807202319,0.15886670681185922,0.6,0.6182866200033421,0.26666666666666666,0.2608695652173913,0.14492753623188406,0.021556076021048014,0.02652629537591298,0.6,0.39013373145340324,0.17777777777777778,0.6187290969899665,0.18729096989966557,0.009215959445148067,0.20951832760061778,0.6,0.6131525451488692,0.2777777777777778,0.2608695652173913,0.14492753623188406,0.030607059448284207,30.750093196189294,1.0,0.6876174202034491,0.5000000000000001,0.1645484949832776,0.2889632107023411,91.43824707371576,0.6460317119008047,0.8115863664798291,20548.2,0.6489802622580098,0.8688368133507857,216.0,-0.3487530054872823,0.23348683056411798,210.4
51,both_success,ald_tf,0,ald_tf,predictor_raw,5,12.0,300.0,0.39333333333333337,1.2266666666666666,7.879373619289136,0.318,0.2626666666666667,0.02896999232470989,0.4514258917700956,0.9201257049935354,29.737028680384462,1.0,0.6758116867965199,0.6,0.13177257525083613,0.014715719063545149,0.5585025092816353,0.15886670681185922,0.6,0.6448534908143442,0.38888888888888884,0.32441471571906355,0.0758082497212932,0.01155222502577817,0.02652629537591298,0.6,0.49282167653189973,0.3,0.4102564102564103,0.1282051282051282,0.004933872355511267,0.20951832760061778,0.6,0.661517275541499,0.4222222222222222,0.32441471571906355,0.07692307692307693,0.01632112136337757,30.750093196189294,1.0,0.7284057822864698,0.5933333333333334,0.13177257525083613,0.014046822742474919,0.5680099481232517,0.6750029551045001,0.8147786699549757,20548.2,0.6048439806008349,0.7949991246665342,216.0,-0.24681723966339453,0.35583652336081667,210.4
51,both_success,ald_tf,1,factor,encoder_raw,5,12.0,300.0,1.0,2.703333333333333,7.425968594009109,0.9853333333333334,0.21400000000000002,0.02370280884206295,0.6303935890726333,0.8017515660335223,5.237995161918291,1.0,0.7570266716256986,0.6200000000000001,0.15183946488294314,0.014046822742474915,0.09098043611589825,0.5281079477947438,1.0,0.18372028389832584,0.09333333333333334,0.6889632107023411,0.2548494983277592,0.0008590567599107939,0.14271531843476054,1.0,0.1325147372718139,0.09333333333333334,0.7103678929765886,0.2548494983277592,0.00020457255000789427,0.6834821283263259,1.0,0.1820787101074319,0.09333333333333334,0.6889632107023411,0.25418060200668896,0.0010550443237324866,5.434497730179527,1.0,0.8320986619778017,0.6866666666666668,0.020735785953177256,0.00802675585284281,0.05857389647346735,0.8481734258517903,0.8869559451282392,6149.8,0.2724431615747728,0.6943235441767068,110.0,-0.049920225082728045,0.4790095929478869,118.6
51,both_success,ald_tf,1,factor,predictor_raw,5,12.0,300.0,1.0,2.703333333333333,7.425968594009109,0.9853333333333334,0.21400000000000002,0.02370280884206295,0.6303935890726333,0.8017515660335223,5.237995161918291,1.0,0.6582076689740998,0.29333333333333333,0.44548494983277587,0.10769230769230768,0.49032868753375525,0.5281079477947438,1.0,0.24375115279058654,0.10666666666666666,0.7297658862876254,0.28093645484949836,0.0034869832627413668,0.14271531843476054,1.0,0.19190728785875397,0.10666666666666666,0.737123745819398,0.2849498327759198,0.001438708567628105,0.6834821283263259,1.0,0.2413761041789353,0.10666666666666666,0.7297658862876254,0.28160535117056856,0.004917106844183271,5.434497730179527,1.0,0.7335866398515538,0.3333333333333333,0.33979933110367894,0.09297658862876254,0.46178421041177514,0.7518909139866464,0.858467236097931,6149.8,0.2316188640808697,0.6687420814209217,110.0,-0.0349818272281352,0.5907298898587465,118.6
51,both_success,ald_tf,1,factor,encoder_factor_head_diagnostic_only,5,12.0,300.0,1.0,2.703333333333333,7.425968594009109,0.9853333333333334,0.21400000000000002,0.02370280884206295,0.6303935890726333,0.8017515660335223,5.237995161918291,1.0,0.8607935222147101,0.5533333333333333,0.1277591973244147,0.026086956521739136,0.1351345489998403,0.5281079477947438,1.0,0.09583709097289285,0.08,0.8160535117056856,0.4635451505016722,0.0017845319007336706,0.14271531843476054,1.0,0.048861013543475475,0.08,0.7933110367892976,0.46421404682274253,0.0005621845169736815,0.6834821283263259,1.0,0.0944503644556402,0.08,0.8160535117056856,0.4628762541806021,0.00233813143152115,5.434497730179527,1.0,0.910432696754382,0.6066666666666667,0.07157190635451505,0.020066889632107024,0.10401109646519804,0.9018993816316675,0.9205814621080112,6149.8,0.20428002686750216,0.7149151068559955,110.0,-0.026965053420757855,0.44872122835825196,118.6
51,both_success,ald_tf,1,lewm,encoder_raw,5,12.0,300.0,1.0,2.703333333333333,7.425968594009109,0.9853333333333334,0.21400000000000002,0.02937452420592308,1.0048346126720744,0.8537291226362314,5.237995161918291,1.0,0.7205441337012323,0.5866666666666667,0.16588628762541807,0.022073578595317726,0.1305567079253144,0.5281079477947438,1.0,0.22210560880441915,0.10666666666666666,0.6989966555183946,0.2555183946488294,0.0009029847710352052,0.14271531843476054,1.0,0.16408958650780228,0.10666666666666666,0.7210702341137123,0.2561872909698996,0.00024141029437486396,0.6834821283263259,1.0,0.21928677749270836,0.10666666666666666,0.6989966555183946,0.2555183946488294,0.0011358100792238676,5.434497730179527,1.0,0.7990206954549464,0.6533333333333333,0.034782608695652174,0.01605351170568562,0.09823093403837488,0.8151359441931716,0.8772189346230416,6149.8,0.282497040380699,0.706326765394913,110.0,-0.08703554054927948,0.5219581520851938,118.6
51,both_success,ald_tf,1,lewm,predictor_raw,5,12.0,300.0,1.0,2.703333333333333,7.425968594009109,0.9853333333333334,0.21400000000000002,0.02937452420592308,1.0048346126720744,0.8537291226362314,5.237995161918291,1.0,0.7070861676240847,0.4600000000000001,0.15719063545150502,0.17324414715719064,0.7335981209464917,0.5281079477947438,1.0,0.08283825375837507,0.07333333333333333,0.7638795986622074,0.4321070234113712,0.10786487823356794,0.14271531843476054,1.0,0.03997244413826819,0.08,0.7698996655518394,0.3872909698996655,0.0024342410199932447,0.6834821283263259,1.0,0.08193308814542384,0.07333333333333333,0.7638795986622074,0.4234113712374582,0.11029053426737497,5.434497730179527,1.0,0.7682648918321314,0.5133333333333334,0.09030100334448161,0.15719063545150502,0.8104270712477032,0.7591668438187533,0.8404921883382009,6149.8,0.15989084355219774,0.5675478999330655,110.0,0.015255589528737245,0.5030470813047946,118.6
51,both_success,ald_tf,1,ald_tf,encoder_raw,5,12.0,300.0,1.0,2.703333333333333,7.425968594009109,0.9853333333333334,0.21400000000000002,0.023095421493053436,0.87680970912063,0.6960986049330763,5.237995161918291,1.0,0.7205441337012323,0.5866666666666667,0.16588628762541807,0.022073578595317726,0.1305567079253144,0.5281079477947438,1.0,0.22210560880441915,0.10666666666666666,0.6989966555183946,0.2555183946488294,0.0009029847710352052,0.14271531843476054,1.0,0.16408958650780228,0.10666666666666666,0.7210702341137123,0.2561872909698996,0.00024141029437486396,0.6834821283263259,1.0,0.21928677749270836,0.10666666666666666,0.6989966555183946,0.2555183946488294,0.0011358100792238676,5.434497730179527,1.0,0.7990206954549464,0.6533333333333333,0.034782608695652174,0.01605351170568562,0.09823093403837488,0.8151359441931716,0.8772189346230416,6149.8,0.282497040380699,0.706326765394913,110.0,-0.08703554054927948,0.5219581520851938,118.6
51,both_success,ald_tf,1,ald_tf,predictor_raw,5,12.0,300.0,1.0,2.703333333333333,7.425968594009109,0.9853333333333334,0.21400000000000002,0.023095421493053436,0.87680970912063,0.6960986049330763,5.237995161918291,1.0,0.42632864809608995,0.17333333333333334,0.5953177257525084,0.20535117056856186,0.855341697896332,0.5281079477947438,1.0,0.30471618573539705,0.10666666666666666,0.6722408026755853,0.4535117056856187,0.014940255449284836,0.14271531843476054,1.0,0.2503729152546139,0.1,0.6963210702341137,0.45953177257525085,0.007402864033326305,0.6834821283263259,1.0,0.3022664696274403,0.10666666666666666,0.6722408026755853,0.4535117056856187,0.022334534496424942,5.434497730179527,1.0,0.5076437738197092,0.22000000000000003,0.5157190635451505,0.179933110367893,0.8442146484265937,0.5333789408907715,0.7661924632733059,6149.8,0.25455206254758783,0.6948033801874164,110.0,-0.061229288631700594,0.5286301961801054,118.6
53,both_fail,lewm,0,factor,encoder_raw,5,12.0,300.0,0.7213333333333334,4.622,21.76535917346411,0.0,0.0,0.14583352003246547,0.5451234957167508,0.8202447907180807,16.0387146091113,1.0,0.20406849206389008,0.17333333333333334,0.585953177257525,0.16588628762541807,5.908285912856965,3.050480898729167,0.8,0.7224683868986723,0.4,0.12792642140468227,0.08653846153846154,0.33118677904727734,6.593329768588875,0.8,0.2152917468679093,0.3666666666666667,0.5811036789297659,0.09573578595317726,2.504719583774896,9.55448209408747,0.8,0.5631491571187514,0.625,0.16220735785953178,0.04807692307692308,0.16525542477739552,21.091431702748903,1.0,0.522033762077896,0.44000000000000006,0.22474916387959865,0.06287625418060201,3.4146264694362474,0.25825552787904293,0.7295668207284682,9711.8,0.7236858094557468,0.873051089870196,321.6,0.15552781041400388,0.6472804020598139,231.2
53,both_fail,lewm,0,factor,predictor_raw,5,12.0,300.0,0.7213333333333334,4.622,21.76535917346411,0.0,0.0,0.14583352003246547,0.5451234957167508,0.8202447907180807,16.0387146091113,1.0,0.2826944299381104,0.2,0.6535117056856187,0.2729096989966555,9.005589029173347,3.050480898729167,0.8,0.41593282065630205,0.25833333333333336,0.181438127090301,0.16555183946488294,0.4473934884536348,6.593329768588875,0.8,0.07889275091877146,0.275,0.6220735785953178,0.2608695652173913,5.402448029533728,9.55448209408747,0.8,0.2644460986293532,0.32499999999999996,0.19063545150501673,0.22157190635451504,3.179190579942585,21.091431702748903,1.0,0.45652533917043525,0.4133333333333333,0.305685618729097,0.18595317725752508,8.92307770988478,0.3331536725415065,0.7249583529260335,9711.8,0.4051744843169817,0.7320133979195267,321.6,-0.007770215229451982,0.4806149732620321,231.2
53,both_fail,lewm,0,factor,encoder_factor_head_diagnostic_only,5,12.0,300.0,0.7213333333333334,4.622,21.76535917346411,0.0,0.0,0.14583352003246547,0.5451234957167508,0.8202447907180807,16.0387146091113,1.0,0.7565938927024439,0.5133333333333333,0.0762541806020067,0.07357859531772575,2.0891980057021002,3.050480898729167,0.8,0.46866580030816307,0.225,0.3528428093645485,0.14423076923076922,0.477444659869379,6.593329768588875,0.8,0.5677174913637713,0.3666666666666667,0.5769230769230769,0.14255852842809363,2.971874861139376,9.55448209408747,0.8,0.7930081493942052,0.43333333333333335,0.05183946488294314,0.08653846153846154,0.7786685829639767,21.091431702748903,1.0,0.9850137214163345,0.8333333333333333,0.006688963210702341,0.0046822742474916385,0.0862690888306469,0.9169891124570262,0.9747852999037547,9711.8,0.8421888533333661,0.8617016121683241,321.6,0.5914204938366965,0.8486482471776589,231.2
53,both_fail,lewm,0,lewm,encoder_raw,5,12.0,300.0,0.7213333333333334,4.622,21.76535917346411,0.0,0.0,0.2993554163724184,1.0743817184070887,0.49491990499127486,16.0387146091113,1.0,0.31974164049446874,0.2733333333333333,0.39464882943143814,0.16187290969899665,5.814061645566989,3.050480898729167,0.8,0.7793309255616703,0.31666666666666665,0.25334448160535117,0.08653846153846154,0.33118677904727734,6.593329768588875,0.8,0.255121803580549,0.30833333333333335,0.5794314381270903,0.09573578595317726,2.504719583774896,9.55448209408747,0.8,0.6817104441720804,0.5,0.09949832775919733,0.04807692307692308,0.16525542477739552,21.091431702748903,1.0,0.6606487646719221,0.5199999999999999,0.13444816053511705,0.058193979933110374,3.320402202146272,0.46929588713823883,0.768871117629389,9711.8,0.8097563351123249,0.8624908583610136,321.6,0.21020368706129106,0.6622610913052089,231.2
53,both_fail,lewm,0,lewm,predictor_raw,5,12.0,300.0,0.7213333333333334,4.622,21.76535917346411,0.0,0.0,0.2993554163724184,1.0743817184070887,0.49491990499127486,16.0387146091113,1.0,0.232488094312159,0.16,0.676923076923077,0.38595317725752504,11.082103027753938,3.050480898729167,0.8,0.18587037692596028,0.05,0.4581939799331104,0.544314381270903,2.277824555104785,6.593329768588875,0.8,-0.319710869358909,0.125,0.6061872909698997,0.8185618729096991,15.745701402097172,9.55448209408747,0.8,-0.0751583896906071,0.11666666666666667,0.4306020066889632,0.7207357859531773,15.35287501915718,21.091431702748903,1.0,0.22721221346903855,0.2066666666666667,0.49899665551839467,0.5210702341137123,20.738539259837047,0.382589926346242,0.6390430188596398,9711.8,0.22239782022031335,0.48426022820893383,321.6,-0.41522862102432334,0.28099376114082,231.2
53,both_fail,lewm,0,ald_tf,encoder_raw,5,12.0,300.0,0.7213333333333334,4.622,21.76535917346411,0.0,0.0,0.15432197786867619,0.641187600746135,0.7587848889800048,16.0387146091113,1.0,0.31974164049446874,0.2733333333333333,0.39464882943143814,0.16187290969899665,5.814061645566989,3.050480898729167,0.8,0.7793309255616703,0.31666666666666665,0.25334448160535117,0.08653846153846154,0.33118677904727734,6.593329768588875,0.8,0.255121803580549,0.30833333333333335,0.5794314381270903,0.09573578595317726,2.504719583774896,9.55448209408747,0.8,0.6817104441720804,0.5,0.09949832775919733,0.04807692307692308,0.16525542477739552,21.091431702748903,1.0,0.6606487646719221,0.5199999999999999,0.13444816053511705,0.058193979933110374,3.320402202146272,0.46929588713823883,0.768871117629389,9711.8,0.8097563351123249,0.8624908583610136,321.6,0.21020368706129106,0.6622610913052089,231.2
53,both_fail,lewm,0,ald_tf,predictor_raw,5,12.0,300.0,0.7213333333333334,4.622,21.76535917346411,0.0,0.0,0.15432197786867619,0.641187600746135,0.7587848889800048,16.0387146091113,1.0,0.2250760119556884,0.16666666666666669,0.6220735785953178,0.2334448160535117,7.653829824461122,3.050480898729167,0.8,0.4774995951764114,0.35,0.18645484949832777,0.3160535117056856,1.1718556904293562,6.593329768588875,0.8,0.12169875823553762,0.2583333333333333,0.6220735785953178,0.3444816053511706,4.621378155516472,9.55448209408747,0.8,0.3209965333706937,0.375,0.1471571906354515,0.28010033444816057,3.12258290790105,21.091431702748903,1.0,0.45321819131323676,0.37333333333333335,0.2588628762541806,0.16321070234113713,7.526032367539327,0.2590255560122089,0.6965576777872726,9711.8,0.4399396690949815,0.6682602552133112,321.6,0.04915784105727851,0.5132835710041592,231.2
53,both_fail,lewm,1,factor,encoder_raw,5,12.0,300.0,1.0,4.728666666666666,18.838483370073615,0.0,0.0,0.03857618160545826,1.7327780266309396,0.9117865269837407,10.590805271858173,1.0,-0.37127323399588147,0.0,0.8635451505016721,0.688294314381271,12.427314359646127,2.6535400969679266,1.0,0.20902041248401354,0.15333333333333332,0.3832775919732442,0.20535117056856186,0.38714810101092256,1.980239937469955,1.0,-0.29556790813906936,0.02,0.9725752508361204,0.6909698996655518,5.651145775577102,2.9272946814961833,1.0,-0.029263038229010312,0.04666666666666667,0.8468227424749163,0.588628762541806,1.0126500875995315,13.238729140597219,1.0,-0.3707326057782347,0.0,0.8528428093645484,0.6709030100334448,12.66301734831681,-0.48820502014915146,0.21098339149838147,2097.4,0.32432050691552905,0.5907095707666121,127.4,0.059350985991695346,0.4842781134750444,223.0
53,both_fail,lewm,1,factor,predictor_raw,5,12.0,300.0,1.0,4.728666666666666,18.838483370073615,0.0,0.0,0.03857618160545826,1.7327780266309396,0.9117865269837407,10.590805271858173,1.0,-0.39372784142046025,0.0,0.8675585284280937,0.7505016722408027,14.811134898050579,2.6535400969679266,1.0,0.17595928843653819,0.13333333333333333,0.45418060200668897,0.3846153846153846,0.47411813130166996,1.980239937469955,1.0,-0.45315605728952535,0.0,0.9812709030100335,0.820066889632107,7.724144450325886,2.9272946814961833,1.0,-0.18755755063945154,0.013333333333333332,0.8836120401337795,0.7424749163879598,3.172618792639063,13.238729140597219,1.0,-0.4041653796153291,0.0,0.8481605351170568,0.7531772575250837,17.206806591760795,-0.3975995926504317,0.27471795472502836,2097.4,0.14637446945195237,0.5738876223365816,127.4,-0.19957472067721518,0.437400610188334,223.0
53,both_fail,lewm,1,factor,encoder_factor_head_diagnostic_only,5,12.0,300.0,1.0,4.728666666666666,18.838483370073615,0.0,0.0,0.03857618160545826,1.7327780266309396,0.9117865269837407,10.590805271858173,1.0,0.964396002140556,0.7866666666666666,0.008695652173913042,0.012040133779264214,0.8990101165001014,2.6535400969679266,1.0,0.4551438569363536,0.18,0.339799331103679,0.37658862876254184,0.6590266959911666,1.980239937469955,1.0,0.2003365384955008,0.09333333333333334,0.5230769230769231,0.4521739130434783,5.040360235256328,2.9272946814961833,1.0,0.5606653876901835,0.13999999999999999,0.3739130434782608,0.3036789297658863,0.673743142259001,13.238729140597219,1.0,0.9681052878310294,0.7866666666666666,0.007357859531772574,0.00802675585284281,0.7958061598302539,0.9458998100303246,0.9463107546854349,2097.4,0.3718417267449448,0.6779512948391336,127.4,0.12798125272421218,0.6323483507115222,223.0
53,both_fail,lewm,1,lewm,encoder_raw,5,12.0,300.0,1.0,4.728666666666666,18.838483370073615,0.0,0.0,0.08292585909366608,3.55351275822634,0.6445078581740863,10.590805271858173,1.0,-0.33845411351656446,0.0,0.8842809364548495,0.6755852842809364,12.2831325593234,2.6535400969679266,1.0,0.15361988705349833,0.15333333333333332,0.39732441471571905,0.1979933110367893,0.15692823606982423,1.980239937469955,1.0,-0.19846860861004081,0.04666666666666667,0.9076923076923077,0.7558528428093645,6.227550278502126,2.9272946814961833,1.0,-0.019565066002835398,0.06666666666666667,0.7832775919732441,0.6053511705685619,1.358834725583458,13.238729140597219,1.0,-0.3400645315805103,0.0,0.8882943143812708,0.6675585284280936,12.865020185978008,-0.44598793566159295,0.23714930656864547,2097.4,0.2497680593001006,0.5994074489200616,127.4,0.07456938189387316,0.438079399429783,223.0
53,both_fail,lewm,1,lewm,predictor_raw,5,12.0,300.0,1.0,4.728666666666666,18.838483370073615,0.0,0.0,0.08292585909366608,3.55351275822634,0.6445078581740863,10.590805271858173,1.0,0.014044112810743631,0.0,0.8709030100334448,0.42608695652173917,7.5276431171599585,2.6535400969679266,1.0,0.18052632068398541,0.16666666666666666,0.5284280936454849,0.4441471571906355,0.8131325070732061,1.980239937469955,1.0,-0.04257043347893611,0.05333333333333333,0.8234113712374581,0.3906354515050167,4.827705084826563,2.9272946814961833,1.0,0.14461311859475243,0.10666666666666666,0.705685618729097,0.27959866220735785,0.6151938029112752,13.238729140597219,1.0,0.015142302368237659,0.006666666666666666,0.8775919732441471,0.41404682274247495,7.3658898211423836,-0.1522975846423818,0.4054063134422516,2097.4,0.19948461813890267,0.6044513145511536,127.4,0.06457426995489365,0.4644127296403512,223.0
53,both_fail,lewm,1,ald_tf,encoder_raw,5,12.0,300.0,1.0,4.728666666666666,18.838483370073615,0.0,0.0,0.08343998044729233,3.0496711516658657,0.544677473754296,10.590805271858173,1.0,-0.33845411351656446,0.0,0.8842809364548495,0.6755852842809364,12.2831325593234,2.6535400969679266,1.0,0.15361988705349833,0.15333333333333332,0.39732441471571905,0.1979933110367893,0.15692823606982423,1.980239937469955,1.0,-0.19846860861004081,0.04666666666666667,0.9076923076923077,0.7558528428093645,6.227550278502126,2.9272946814961833,1.0,-0.019565066002835398,0.06666666666666667,0.7832775919732441,0.6053511705685619,1.358834725583458,13.238729140597219,1.0,-0.3400645315805103,0.0,0.8882943143812708,0.6675585284280936,12.865020185978008,-0.44598793566159295,0.23714930656864547,2097.4,0.2497680593001006,0.5994074489200616,127.4,0.07456938189387316,0.438079399429783,223.0
53,both_fail,lewm,1,ald_tf,predictor_raw,5,12.0,300.0,1.0,4.728666666666666,18.838483370073615,0.0,0.0,0.08343998044729233,3.0496711516658657,0.544677473754296,10.590805271858173,1.0,0.12611562350692784,0.006666666666666666,0.8989966555183948,0.2929765886287625,7.241072157283966,2.6535400969679266,1.0,0.06227802531139235,0.10666666666666666,0.5096989966555183,0.4775919732441471,0.37710358015210066,1.980239937469955,1.0,0.12429764775164169,0.14666666666666667,0.62809364548495,0.36187290969899666,5.4979818577006725,2.9272946814961833,1.0,0.26514854609495664,0.20666666666666664,0.5217391304347826,0.20535117056856186,0.8494416488642809,13.238729140597219,1.0,0.13345019389104323,0.013333333333333332,0.8755852842809364,0.2802675585284281,7.313566707219397,-0.042962988179040616,0.4431345309423076,2097.4,0.13292559753290462,0.5536429428923261,127.4,0.10555222848211909,0.4596106411349378,223.0
53,both_fail,ald_tf,0,factor,encoder_raw,5,12.0,300.0,0.6479999999999999,1.7486666666666668,6.680534473751962,0.0,0.0,0.04429496992379427,1.0490306973044994,0.6767953101566183,13.110357086426163,1.0,0.31877488085336053,0.32666666666666666,0.43344481605351176,0.1745819397993311,3.4469777967685693,1.3121482705875223,0.8,0.6994059185563921,0.26666666666666666,0.41304347826086957,0.1488294314381271,0.3969821928338576,1.9869738921073021,0.8,0.04978460333816639,0.25,0.5066889632107023,0.17558528428093645,2.6612235668341757,3.3372136673924,0.8,0.4370996422653714,0.35,0.3704013377926421,0.11120401337792642,0.31956868913447023,16.23111387952601,1.0,0.40456887050087,0.3466666666666667,0.43344481605351176,0.13244147157190636,3.383937035367738,0.29844055670077274,0.524597173663018,10153.8,0.6523472642647422,0.8574149425074011,505.8,-0.24398662176763367,0.4874328762259797,171.4
53,both_fail,ald_tf,0,factor,predictor_raw,5,12.0,300.0,0.6479999999999999,1.7486666666666668,6.680534473751962,0.0,0.0,0.04429496992379427,1.0490306973044994,0.6767953101566183,13.110357086426163,1.0,0.1940740674896388,0.17333333333333334,0.6468227424749163,0.5010033444816053,8.009938493589534,1.3121482705875223,0.8,0.3576184344436354,0.11666666666666667,0.38294314381270905,0.4205685618729097,0.750071295158641,1.9869738921073021,0.8,-0.2648432365867877,0.0,0.8210702341137124,0.7224080267558528,6.0510070772722235,3.3372136673924,0.8,0.08469949158180619,0.016666666666666666,0.7040133779264215,0.5911371237458194,4.0624413018973025,16.23111387952601,1.0,0.23493123256925075,0.17333333333333334,0.6468227424749163,0.49096989966555177,10.941195822398967,0.44583196612730125,0.5890734589471973,10153.8,0.42938786457965117,0.8165387277270928,505.8,-0.5030582210844707,0.2444559091110815,171.4
53,both_fail,ald_tf,0,factor,encoder_factor_head_diagnostic_only,5,12.0,300.0,0.6479999999999999,1.7486666666666668,6.680534473751962,0.0,0.0,0.04429496992379427,1.0490306973044994,0.6767953101566183,13.110357086426163,1.0,0.956564868309483,0.7933333333333332,0.025418060200668897,0.006020066889632107,0.32464208664509453,1.3121482705875223,0.8,0.5061160480001445,0.22499999999999998,0.8929765886287626,0.1488294314381271,0.3969821928338576,1.9869738921073021,0.8,0.6995543086138516,0.35833333333333334,0.45903010033444813,0.17558528428093645,2.6612235668341757,3.3372136673924,0.8,0.8861360949059879,0.5166666666666666,0.11956521739130435,0.11120401337792642,0.31956868913447023,16.23111387952601,1.0,0.9839689537406411,0.8266666666666665,0.025418060200668897,0.006020066889632107,0.26160132524426344,0.8753846201142776,0.9505133918736522,10153.8,0.718605645579552,0.8946893954823201,505.8,0.09355633115842492,0.7659721297652332,171.4
53,both_fail,ald_tf,0,lewm,encoder_raw,5,12.0,300.0,0.6479999999999999,1.7486666666666668,6.680534473751962,0.0,0.0,0.1395257119089365,2.4917986294453636,0.16777771648074125,13.110357086426163,1.0,0.6671377134370751,0.3666666666666667,0.3498327759197324,0.11906354515050169,2.7908061327932767,1.3121482705875223,0.8,0.6220995338449118,0.175,0.6864548494983278,0.18729096989966557,0.4056411975721254,1.9869738921073021,0.8,0.37235764462695997,0.2,0.5158862876254181,0.21237458193979933,2.6918609586932245,3.3372136673924,0.8,0.700084663793686,0.3,0.31187290969899667,0.14799331103678928,0.3588650857317872,16.23111387952601,1.0,0.7260622424224563,0.3933333333333333,0.3498327759197324,0.11103678929765888,2.7592024886702986,0.5605001519702166,0.6114910754169676,10153.8,0.5812695295215125,0.8449290153138257,505.8,-0.2408870585074907,0.44956286335596685,171.4
53,both_fail,ald_tf,0,lewm,predictor_raw,5,12.0,300.0,0.6479999999999999,1.7486666666666668,6.680534473751962,0.0,0.0,0.1395257119089365,2.4917986294453636,0.16777771648074125,13.110357086426163,1.0,0.02558099534439272,0.16,0.7050167224080267,0.5565217391304348,9.45336656944257,1.3121482705875223,0.8,-0.4374314159699736,0.0,0.657190635451505,0.6839464882943144,1.395728985539921,1.9869738921073021,0.8,-0.5951530160062947,0.0,0.9548494983277592,0.8461538461538461,8.101709325946606,3.3372136673924,0.8,-0.44910231119859445,0.0,0.8051839464882943,0.7959866220735786,6.758801240952964,16.23111387952601,1.0,-0.03748886098734429,0.16,0.7050167224080267,0.5919732441471572,14.541711849496533,0.5856568372977978,0.6899993831294279,10153.8,-0.3854649222107097,0.41485917985371634,505.8,-0.6605575460964803,0.17345559845559846,171.4
53,both_fail,ald_tf,0,ald_tf,encoder_raw,5,12.0,300.0,0.6479999999999999,1.7486666666666668,6.680534473751962,0.0,0.0,0.08863910250365734,1.6070644582914846,0.48603636855677895,13.110357086426163,1.0,0.6671377134370751,0.3666666666666667,0.3498327759197324,0.11906354515050169,2.7908061327932767,1.3121482705875223,0.8,0.6220995338449118,0.175,0.6864548494983278,0.18729096989966557,0.4056411975721254,1.9869738921073021,0.8,0.37235764462695997,0.2,0.5158862876254181,0.21237458193979933,2.6918609586932245,3.3372136673924,0.8,0.700084663793686,0.3,0.31187290969899667,0.14799331103678928,0.3588650857317872,16.23111387952601,1.0,0.7260622424224563,0.3933333333333333,0.3498327759197324,0.11103678929765888,2.7592024886702986,0.5605001519702166,0.6114910754169676,10153.8,0.5812695295215125,0.8449290153138257,505.8,-0.2408870585074907,0.44956286335596685,171.4
53,both_fail,ald_tf,0,ald_tf,predictor_raw,5,12.0,300.0,0.6479999999999999,1.7486666666666668,6.680534473751962,0.0,0.0,0.08863910250365734,1.6070644582914846,0.48603636855677895,13.110357086426163,1.0,0.23454385048722762,0.16666666666666669,0.7204013377926421,0.35183946488294315,6.141954727904702,1.3121482705875223,0.8,-0.08968748500437641,0.008333333333333333,0.6279264214046822,0.588628762541806,1.1990371541444598,1.9869738921073021,0.8,-0.26718043032655914,0.0,0.9439799331103679,0.6145484949832776,5.32215535933651,3.3372136673924,0.8,-0.06746478023536245,0.0,0.790133779264214,0.5510033444816054,3.7825554429474075,16.23111387952601,1.0,0.21137577084189824,0.16666666666666669,0.7204013377926421,0.3759197324414716,8.84930336955422,0.5231985895647363,0.6301673031644602,10153.8,0.031009205823494698,0.6331434093596071,505.8,-0.49224807038617896,0.22372076510007544,171.4
53,both_fail,ald_tf,1,factor,encoder_raw,5,12.0,300.0,1.0,5.831333333333334,10.91536336667819,0.0,0.0,0.03786427117884159,0.6156797705463809,0.519886405929681,11.581075333877308,1.0,-0.14783246750395618,0.0,0.8628762541806021,0.5779264214046823,11.844515342883977,1.293951522534504,1.0,0.2898162634302966,0.10666666666666666,0.4187290969899665,0.3351170568561873,0.8572805599206067,2.7603958930750827,1.0,-0.4255503141622826,0.006666666666666666,0.9772575250836122,0.6695652173913043,6.27442595480227,3.854197044792251,1.0,-0.23099454544899994,0.02,0.7217391304347827,0.6147157190635452,3.4077799895531853,14.81813571572358,1.0,-0.16025411470651257,0.006666666666666666,0.8889632107023411,0.5926421404682275,13.95988565492524,-0.028913152839091405,0.38700819465850206,3031.2,0.3443956202722581,0.6849183951505801,263.6,-0.3131183201915552,0.37314134507262275,316.8
53,both_fail,ald_tf,1,factor,predictor_raw,5,12.0,300.0,1.0,5.831333333333334,10.91536336667819,0.0,0.0,0.03786427117884159,0.6156797705463809,0.519886405929681,11.581075333877308,1.0,-0.6591126568072978,0.0,0.9491638795986622,0.9183946488294314,24.20525764941539,1.293951522534504,1.0,0.04725883620929122,0.29333333333333333,0.048160535117056855,0.5478260869565217,1.20574598862991,2.7603958930750827,1.0,-0.42632518139090436,0.08666666666666667,0.6173913043478262,0.6026755852842809,7.093123973094999,3.854197044792251,1.0,-0.3123647151635018,0.08666666666666667,0.7023411371237458,0.5558528428093645,4.574943436555219,14.81813571572358,1.0,-0.6107198524428049,0.0,0.9518394648829431,0.8635451505016724,27.48779140845869,-0.5212733900271849,0.2983823217672752,3031.2,0.2386605442569724,0.6680693467461859,263.6,-0.2667535826606292,0.33187564966011607,316.8
53,both_fail,ald_tf,1,factor,encoder_factor_head_diagnostic_only,5,12.0,300.0,1.0,5.831333333333334,10.91536336667819,0.0,0.0,0.03786427117884159,0.6156797705463809,0.519886405929681,11.581075333877308,1.0,0.917205075167596,0.76,0.00802675585284281,0.015384615384615385,0.6027439868737285,1.293951522534504,1.0,0.1702674502239621,0.06666666666666667,0.9237458193979933,0.49565217391304356,1.0895941277439942,2.7603958930750827,1.0,0.5601496247369316,0.22666666666666666,0.6367892976588629,0.07759197324414716,3.4530901062366572,3.854197044792251,1.0,0.6655454639964861,0.3466666666666666,0.20066889632107024,0.03879598662207358,0.818757708810961,14.81813571572358,1.0,0.9756916841132968,0.7733333333333333,0.004013377926421405,0.0020066889632107026,0.12909201817276675,0.9505190443315701,0.9615697369461911,3031.2,0.5163079664622836,0.7489843925480184,263.6,0.4494814852251028,0.7812184493287,316.8
53,both_fail,ald_tf,1,lewm,encoder_raw,5,12.0,300.0,1.0,5.831333333333334,10.91536336667819,0.0,0.0,0.060966549813747405,0.8109614639518152,0.33992088271547394,11.581075333877308,1.0,0.45256166059851255,0.14666666666666667,0.6294314381270903,0.2448160535117057,6.661246778891302,1.293951522534504,1.0,0.31088413058985304,0.06666666666666667,0.6996655518394649,0.3578595317725753,0.9005669705571288,2.7603958930750827,1.0,0.055775287834186324,0.06000000000000001,0.9478260869565218,0.2729096989966555,4.70951481669703,3.854197044792251,1.0,0.24888694973720354,0.08666666666666667,0.7217391304347827,0.2140468227424749,1.8861552620844684,14.81813571572358,1.0,0.46940203099604494,0.16666666666666666,0.582608695652174,0.21270903010033443,7.254992363463849,0.41406254078877874,0.5183898540554958,3031.2,0.34315814898991076,0.6937863263289497,263.6,-0.06459162983051178,0.5491843662122214,316.8
53,both_fail,ald_tf,1,lewm,predictor_raw,5,12.0,300.0,1.0,5.831333333333334,10.91536336667819,0.0,0.0,0.060966549813747405,0.8109614639518152,0.33992088271547394,11.581075333877308,1.0,-0.08579428660318447,0.0,0.7866220735785954,0.6107023411371237,13.693279635188214,1.293951522534504,1.0,0.06174424160268447,0.16666666666666666,0.27424749163879597,0.44013377926421404,1.5082305275914378,2.7603958930750827,1.0,-0.40560077334192596,0.04666666666666667,0.6321070234113713,0.6862876254180602,7.359003305121918,3.854197044792251,1.0,-0.300506538961544,0.04666666666666667,0.7177257525083612,0.7511705685618729,5.143307307543666,14.81813571572358,1.0,-0.153959577328637,0.0,0.9010033444816052,0.6688963210702341,17.54417726521995,0.06496194607859783,0.5767997624423068,3031.2,0.034883184170810155,0.5632826168695457,263.6,-0.45794022454738326,0.2234630540358335,316.8
53,both_fail,ald_tf,1,ald_tf,encoder_raw,5,12.0,300.0,1.0,5.831333333333334,10.91536336667819,0.0,0.0,0.05145300030708313,0.6766657551038672,0.4736288110019665,11.581075333877308,1.0,0.45256166059851255,0.14666666666666667,0.6294314381270903,0.2448160535117057,6.661246778891302,1.293951522534504,1.0,0.31088413058985304,0.06666666666666667,0.6996655518394649,0.3578595317725753,0.9005669705571288,2.7603958930750827,1.0,0.055775287834186324,0.06000000000000001,0.9478260869565218,0.2729096989966555,4.70951481669703,3.854197044792251,1.0,0.24888694973720354,0.08666666666666667,0.7217391304347827,0.2140468227424749,1.8861552620844684,14.81813571572358,1.0,0.46940203099604494,0.16666666666666666,0.582608695652174,0.21270903010033443,7.254992363463849,0.41406254078877874,0.5183898540554958,3031.2,0.34315814898991076,0.6937863263289497,263.6,-0.06459162983051178,0.5491843662122214,316.8
53,both_fail,ald_tf,1,ald_tf,predictor_raw,5,12.0,300.0,1.0,5.831333333333334,10.91536336667819,0.0,0.0,0.05145300030708313,0.6766657551038672,0.4736288110019665,11.581075333877308,1.0,-0.008960721785797621,0.0,0.8474916387959865,0.5451505016722409,10.743873872597767,1.293951522534504,1.0,0.13987462082912033,0.14666666666666667,0.5872909698996656,0.5752508361204014,1.0332753640182786,2.7603958930750827,1.0,-0.03568697429971444,0.026666666666666665,0.77123745819398,0.5438127090301004,5.596514880225793,3.854197044792251,1.0,0.10484374270825232,0.039999999999999994,0.7137123745819398,0.5290969899665552,2.9058637190743806,14.81813571572358,1.0,0.056268447427193634,0.0,0.8782608695652174,0.5391304347826087,12.357327914160226,0.03176459807246894,0.5096326953428185,3031.2,0.2256959622545877,0.6467261625832033,263.6,-0.12369093381419823,0.3743323777734468,316.8
60,both_success,lewm,0,factor,encoder_raw,5,12.0,300.0,0.37,1.54,8.459065258235762,0.29466666666666663,0.23533333333333334,0.2735590092837811,0.9891500676703359,0.42355415639553246,14.23610179694533,1.0,0.6268418960025011,0.5533333333333333,0.025418060200668897,0.031438127090301006,4.486626428247507,0.8630847022560768,0.6,0.733773823216557,0.22222222222222224,0.04013377926421405,0.22853957636566333,0.0,0.1444906580234763,0.6,0.724376968350111,0.2333333333333333,0.04013377926421405,0.22853957636566333,0.0,1.0689459344840788,0.6,0.7419938666759975,0.24444444444444446,0.04013377926421405,0.22853957636566333,0.0,14.936552298435908,1.0,0.7699060676301486,0.6199999999999999,0.025418060200668897,0.02608695652173913,4.466364406629142,0.8138530782962524,0.8823641966574843,21168.4,0.31838255678908395,0.8850237416904084,124.8,0.2049252135140028,0.8492745497170114,128.2
60,both_success,lewm,0,factor,predictor_raw,5,12.0,300.0,0.37,1.54,8.459065258235762,0.29466666666666663,0.23533333333333334,0.2735590092837811,0.9891500676703359,0.42355415639553246,14.23610179694533,1.0,0.781051878354204,0.4066666666666666,0.05284280936454849,0.2615384615384616,2.949967515300601,0.8630847022560768,0.6,-0.13015807736948387,0.044444444444444446,0.22408026755852842,0.7748049052396878,3.938667434003646,0.1444906580234763,0.6,-0.13010898699007176,0.05555555555555556,0.22408026755852842,0.7859531772575251,0.7475700898035288,1.0689459344840788,0.6,-0.12085084956643317,0.05555555555555556,0.22408026755852842,0.773690078037904,4.686237523807175,14.936552298435908,1.0,0.6937932199246658,0.4133333333333333,0.05284280936454849,0.33311036789297666,5.741448007966541,0.8061525421538734,0.8857419341551607,21168.4,-0.09354088303364988,0.4618257359924027,124.8,0.047328928359193445,0.6113598253138239,128.2
60,both_success,lewm,0,factor,encoder_factor_head_diagnostic_only,5,12.0,300.0,0.37,1.54,8.459065258235762,0.29466666666666663,0.23533333333333334,0.2735590092837811,0.9891500676703359,0.42355415639553246,14.23610179694533,1.0,0.8673950388098527,0.7,0.025418060200668897,0.014715719063545152,0.04021801950641031,0.8630847022560768,0.6,0.4172097404751343,0.14444444444444446,0.04682274247491639,0.32051282051282054,0.030064406546530878,0.1444906580234763,0.6,0.3970254392452642,0.16666666666666666,0.04682274247491639,0.3149386845039019,0.003705629484076593,1.0689459344840788,0.6,0.42580913753386335,0.16666666666666666,0.04682274247491639,0.31716833890746937,0.03377003603060747,14.936552298435908,1.0,0.951995714366428,0.7666666666666667,0.025418060200668897,0.014715719063545152,0.04021801950641031,0.9230818645526082,0.970652048095421,21168.4,0.36538138838762535,0.9547198480531813,124.8,-0.02880853634545961,0.7576486630861883,128.2
60,both_success,lewm,0,lewm,encoder_raw,5,12.0,300.0,0.37,1.54,8.459065258235762,0.29466666666666663,0.23533333333333334,0.19962621852755547,0.6678707643286099,0.6723932358455669,14.23610179694533,1.0,0.6597060520375261,0.5733333333333333,0.02140468227424749,0.024749163879598662,0.06441374201179631,0.8630847022560768,0.6,0.7378915268479261,0.20000000000000004,0.03678929765886287,0.30713489409141587,0.009416077242677333,0.1444906580234763,0.6,0.7274760852562223,0.2111111111111111,0.03678929765886287,0.31716833890746937,0.0048411766328907485,1.0689459344840788,0.6,0.7460221417839278,0.22222222222222224,0.03678929765886287,0.3049052396878484,0.014257253875568083,14.936552298435908,1.0,0.8081966844472295,0.64,0.02140468227424749,0.02274247491638796,0.05270607271877268,0.8500778408581832,0.906308115862984,21168.4,0.3594506801675194,0.9560612535612535,124.8,0.16975571587607405,0.8284583995265239,128.2
60,both_success,lewm,0,lewm,predictor_raw,5,12.0,300.0,0.37,1.54,8.459065258235762,0.29466666666666663,0.23533333333333334,0.19962621852755547,0.6678707643286099,0.6723932358455669,14.23610179694533,1.0,0.7604184046489406,0.4533333333333333,0.14113712374581938,0.16521739130434782,1.5099912131110425,0.8630847022560768,0.6,0.1845209452101874,0.07777777777777778,0.1282051282051282,0.3550724637681159,0.17335336567057527,0.1444906580234763,0.6,0.17354146437785758,0.10000000000000002,0.1282051282051282,0.3361204013377927,0.014161490619335276,1.0689459344840788,0.6,0.19195049044570936,0.08888888888888889,0.1282051282051282,0.3528428093645484,0.18751485628991058,14.936552298435908,1.0,0.731072567472972,0.45999999999999996,0.14113712374581938,0.16387959866220736,1.6022381052666241,0.7472160846063501,0.8333570202749915,21168.4,0.03688015757543055,0.5908618233618234,124.8,0.03546691479269346,0.6282936735271544,128.2
60,both_success,lewm,0,ald_tf,encoder_raw,5,12.0,300.0,0.37,1.54,8.459065258235762,0.29466666666666663,0.23533333333333334,0.12902125157415867,0.7569260447167017,0.6779492486995576,14.23610179694533,1.0,0.6597060520375261,0.5733333333333333,0.02140468227424749,0.024749163879598662,0.06441374201179631,0.8630847022560768,0.6,0.7378915268479261,0.20000000000000004,0.03678929765886287,0.30713489409141587,0.009416077242677333,0.1444906580234763,0.6,0.7274760852562223,0.2111111111111111,0.03678929765886287,0.31716833890746937,0.0048411766328907485,1.0689459344840788,0.6,0.7460221417839278,0.22222222222222224,0.03678929765886287,0.3049052396878484,0.014257253875568083,14.936552298435908,1.0,0.8081966844472295,0.64,0.02140468227424749,0.02274247491638796,0.05270607271877268,0.8500778408581832,0.906308115862984,21168.4,0.3594506801675194,0.9560612535612535,124.8,0.16975571587607405,0.8284583995265239,128.2
60,both_success,lewm,0,ald_tf,predictor_raw,5,12.0,300.0,0.37,1.54,8.459065258235762,0.29466666666666663,0.23533333333333334,0.12902125157415867,0.7569260447167017,0.6779492486995576,14.23610179694533,1.0,0.34900805564506265,0.2866666666666667,0.22073578595317725,0.16655518394648833,0.358513850298745,0.8630847022560768,0.6,0.7003276236274392,0.13333333333333333,0.1839464882943144,0.2937569676700112,0.0002683378710459054,0.1444906580234763,0.6,0.6762932945711423,0.11111111111111112,0.1839464882943144,0.2937569676700112,0.000148573226821303,1.0689459344840788,0.6,0.7021136061611776,0.12222222222222223,0.1839464882943144,0.2926421404682274,0.0004169110978672084,14.936552298435908,1.0,0.4728821431349236,0.33999999999999997,0.22073578595317725,0.15986622073578594,0.33850197533910087,0.35542351757366186,0.6552562953933403,21168.4,0.2741113875044101,0.7795132953466287,124.8,0.05618668599044532,0.7422539214326248,128.2
60,both_success,lewm,1,factor,encoder_raw,5,12.0,300.0,0.588,3.210666666666667,8.716964368386005,0.9906666666666666,0.32133333333333336,0.04549732934683561,0.13282799204163825,0.963006116285787,4.9354587164979336,1.0,0.7376495045169855,0.6533333333333333,0.15618729096989964,0.026755852842809364,0.04733010483164267,0.6562641644318138,1.0,0.7173546207221192,0.17333333333333334,0.03110367892976589,0.208695652173913,0.0,0.17436010608160263,1.0,0.7201509864955574,0.18666666666666665,0.03110367892976589,0.208695652173913,0.0,0.901838050673771,1.0,0.7667935878201935,0.17333333333333334,0.03110367892976589,0.208695652173913,0.0,5.815651705247281,1.0,0.8234974889977646,0.7133333333333333,0.03979933110367893,0.024080267558528427,0.0199314823194366,0.8554656828722056,0.928044740576698,10993.0,0.47778133251348887,0.9383801034551148,357.2,0.25479062569551514,0.8828385917020094,329.2
60,both_success,lewm,1,factor,predictor_raw,5,12.0,300.0,0.588,3.210666666666667,8.716964368386005,0.9906666666666666,0.32133333333333336,0.04549732934683561,0.13282799204163825,0.963006116285787,4.9354587164979336,1.0,0.7407799642218247,0.62,0.10501672240802676,0.014715719063545152,0.07224067976873211,0.6562641644318138,1.0,0.674556383589155,0.16666666666666669,0.020066889632107024,0.208695652173913,0.0,0.17436010608160263,1.0,0.6862167125067851,0.18,0.020066889632107024,0.208695652173913,0.0,0.901838050673771,1.0,0.7247835168505171,0.15999999999999998,0.020066889632107024,0.208695652173913,0.0,5.815651705247281,1.0,0.816577250858343,0.6933333333333332,0.03812709030100335,0.010033444816053512,0.04484205725652604,0.8187024463262416,0.8864674289218841,10993.0,0.38009043421587946,0.8688908630761244,357.2,0.21074243602168446,0.7625642105682051,329.2
60,both_success,lewm,1,factor,encoder_factor_head_diagnostic_only,5,12.0,300.0,0.588,3.210666666666667,8.716964368386005,0.9906666666666666,0.32133333333333336,0.04549732934683561,0.13282799204163825,0.963006116285787,4.9354587164979336,1.0,0.9483596292108366,0.74,0.0725752508361204,0.028093645484949838,0.07882683333982855,0.6562641644318138,1.0,0.44910482872039276,0.15333333333333332,0.03645484949832776,0.294314381270903,0.005522608737532299,0.17436010608160263,1.0,0.47293493879374493,0.18,0.03645484949832776,0.2829431438127091,0.002921040059744713,0.901838050673771,1.0,0.4974114675381657,0.14666666666666667,0.03645484949832776,0.2735785953177257,0.008443648797277012,5.815651705247281,1.0,0.977907428664363,0.7866666666666666,0.0391304347826087,0.024080267558528427,0.05987185962489948,0.965784782625628,0.9759892039014778,10993.0,0.5009954698350942,0.9347683899974168,357.2,-0.06550580716141534,0.7738701768469245,329.2
60,both_success,lewm,1,lewm,encoder_raw,5,12.0,300.0,0.588,3.210666666666667,8.716964368386005,0.9906666666666666,0.32133333333333336,0.04982274156063795,0.14781027953388975,0.938554125280794,4.9354587164979336,1.0,0.7222359776333083,0.6266666666666667,0.14280936454849497,0.04548494983277592,0.09256153398994357,0.6562641644318138,1.0,0.7258659187875581,0.18,0.012374581939799331,0.2919732441471572,0.0015098205407886114,0.17436010608160263,1.0,0.716137671725497,0.2,0.012374581939799331,0.2926421404682274,0.0004888697800919168,0.901838050673771,1.0,0.773176786010704,0.18,0.012374581939799331,0.2846153846153846,0.0019986903208805283,5.815651705247281,1.0,0.8100937632059942,0.6866666666666668,0.02575250836120401,0.042140468227424746,0.06716160179861802,0.8334270462951292,0.9281589583249724,10993.0,0.4960346972408754,0.9532994451084937,357.2,0.18706912876361576,0.8569272539136832,329.2
60,both_success,lewm,1,lewm,predictor_raw,5,12.0,300.0,0.588,3.210666666666667,8.716964368386005,0.9906666666666666,0.32133333333333336,0.04982274156063795,0.14781027953388975,0.938554125280794,4.9354587164979336,1.0,0.7884884943166035,0.6266666666666667,0.10167224080267559,0.03678929765886288,0.1408216979020101,0.6562641644318138,1.0,0.61441185316289,0.15999999999999998,0.006020066889632107,0.208695652173913,0.0,0.17436010608160263,1.0,0.6268479602574569,0.18666666666666668,0.006020066889632107,0.208695652173913,0.0,0.901838050673771,1.0,0.6687465380582498,0.15333333333333332,0.006020066889632107,0.208695652173913,0.0,5.815651705247281,1.0,0.8606268958543983,0.7,0.02809364548494983,0.029431438127090304,0.11342307538980405,0.8564088318768945,0.9288475307672981,10993.0,0.3308723082204562,0.8515932828527184,357.2,0.16075700034131324,0.7579309089699614,329.2
60,both_success,lewm,1,ald_tf,encoder_raw,5,12.0,300.0,0.588,3.210666666666667,8.716964368386005,0.9906666666666666,0.32133333333333336,0.052304509282112124,0.17742237055644772,0.8974672648613083,4.9354587164979336,1.0,0.7222359776333083,0.6266666666666667,0.14280936454849497,0.04548494983277592,0.09256153398994357,0.6562641644318138,1.0,0.7258659187875581,0.18,0.012374581939799331,0.2919732441471572,0.0015098205407886114,0.17436010608160263,1.0,0.716137671725497,0.2,0.012374581939799331,0.2926421404682274,0.0004888697800919168,0.901838050673771,1.0,0.773176786010704,0.18,0.012374581939799331,0.2846153846153846,0.0019986903208805283,5.815651705247281,1.0,0.8100937632059942,0.6866666666666668,0.02575250836120401,0.042140468227424746,0.06716160179861802,0.8334270462951292,0.9281589583249724,10993.0,0.4960346972408754,0.9532994451084937,357.2,0.18706912876361576,0.8569272539136832,329.2
60,both_success,lewm,1,ald_tf,predictor_raw,5,12.0,300.0,0.588,3.210666666666667,8.716964368386005,0.9906666666666666,0.32133333333333336,0.052304509282112124,0.17742237055644772,0.8974672648613083,4.9354587164979336,1.0,0.8302990922121356,0.7133333333333334,0.09632107023411371,0.029431438127090304,0.039425291881220396,0.6562641644318138,1.0,0.553360865301104,0.16666666666666669,0.01605351170568562,0.3585284280936455,0.08578875647541,0.17436010608160263,1.0,0.5742898093978533,0.19333333333333333,0.01605351170568562,0.33244147157190634,0.007543732053879593,0.901838050673771,1.0,0.6107534002121968,0.15999999999999998,0.01605351170568562,0.33712374581939797,0.09333248852928959,5.815651705247281,1.0,0.8975225058056202,0.7933333333333333,0.02274247491638796,0.03478260869565218,0.10535915789830393,0.8973317997044414,0.9613124795318597,10993.0,0.2859042365566891,0.8123392787202288,357.2,0.19378708678093762,0.7565827724457995,329.2
60,both_success,ald_tf,0,factor,encoder_raw,5,12.0,300.0,0.2526666666666667,0.914,5.095959812708022,0.2666666666666667,0.21533333333333332,0.19182854220271112,1.0159074495877776,0.48940271851712913,14.946672879006078,1.0,0.6248113524294407,0.64,0.04882943143812709,0.021404682274247494,4.4421024863786265,0.27774383295094923,0.6,0.5559567342491488,0.13333333333333333,0.07859531772575251,0.41694537346711263,0.0025458593565822053,0.04046718380527911,0.6,0.5635461270679095,0.13333333333333333,0.07859531772575251,0.41694537346711263,0.00037693131300880865,0.342205190353235,0.6,0.5668438869351845,0.14444444444444446,0.07859531772575251,0.4158305462653289,0.002922790669591014,15.353965311235976,1.0,0.7522318616959426,0.7133333333333335,0.031438127090301006,0.02006688963210702,4.415037113091978,0.8139365401589803,0.8972563678209751,25940.2,0.17817914508925023,0.9428939735739608,83.2,0.14172899874538966,0.9240196078431372,47.8
60,both_success,ald_tf,0,factor,predictor_raw,5,12.0,300.0,0.2526666666666667,0.914,5.095959812708022,0.2666666666666667,0.21533333333333332,0.19182854220271112,1.0159074495877776,0.48940271851712913,14.946672879006078,1.0,0.8388027422526918,0.4666666666666667,0.15384615384615385,0.2548494983277592,3.3545048324373354,0.27774383295094923,0.6,-0.35043978946883986,0.044444444444444446,0.39799331103678925,0.8528428093645486,1.649839756687582,0.04046718380527911,0.6,-0.32754617409723064,0.05555555555555556,0.39799331103678925,0.7469342251950947,0.17505732381518754,0.342205190353235,0.6,-0.3397626513284469,0.044444444444444446,0.39799331103678925,0.8416945373467112,1.8248970805027696,15.353965311235976,1.0,0.7633373704152268,0.4800000000000001,0.12040133779264214,0.28695652173913044,4.420624033050593,0.8510939191749166,0.8908210836535527,25940.2,-0.18029636284091302,0.30315823396712854,83.2,0.12839859047083355,0.738562091503268,47.8
60,both_success,ald_tf,0,factor,encoder_factor_head_diagnostic_only,5,12.0,300.0,0.2526666666666667,0.914,5.095959812708022,0.2666666666666667,0.21533333333333332,0.19182854220271112,1.0159074495877776,0.48940271851712913,14.946672879006078,1.0,0.8806774876351927,0.7266666666666667,0.033444816053511704,0.01605351170568562,0.06331546985639773,0.27774383295094923,0.6,0.1579612168600173,0.09999999999999999,0.09531772575250835,0.41694537346711263,0.0025458593565822053,0.04046718380527911,0.6,0.15914446231391757,0.08888888888888889,0.09531772575250835,0.41694537346711263,0.00037693131300880865,0.342205190353235,0.6,0.1679533485058762,0.1111111111111111,0.09531772575250835,0.4158305462653289,0.002922790669591014,15.353965311235976,1.0,0.9532748869798852,0.8,0.03210702341137124,0.014715719063545152,0.036250096569748265,0.9238042372835846,0.9749973118677111,25940.2,0.2812315553701153,0.8922333225910409,83.2,-0.07421113597865191,0.8823529411764706,47.8
60,both_success,ald_tf,0,lewm,encoder_raw,5,12.0,300.0,0.2526666666666667,0.914,5.095959812708022,0.2666666666666667,0.21533333333333332,0.13709381744265556,0.6467616334440253,0.6338882021309078,14.946672879006078,1.0,0.6681258312795779,0.6533333333333333,0.05150501672240802,0.024080267558528427,0.08568540545181041,0.27774383295094923,0.6,0.548105375977371,0.1111111111111111,0.08751393534002232,0.41694537346711263,0.0025458593565822053,0.04046718380527911,0.6,0.5513818276202556,0.1111111111111111,0.08751393534002232,0.41694537346711263,0.00037693131300880865,0.342205190353235,0.6,0.5582424245726104,0.12222222222222223,0.08751393534002232,0.4158305462653289,0.002922790669591014,15.353965311235976,1.0,0.799077946171008,0.7266666666666667,0.030100334448160536,0.022742474916387957,0.05862003216516094,0.8562271684742437,0.9270264546354262,25940.2,0.25056674862435835,0.9552046406703191,83.2,0.0666026149812728,0.9354575163398694,47.8
60,both_success,ald_tf,0,lewm,predictor_raw,5,12.0,300.0,0.2526666666666667,0.914,5.095959812708022,0.2666666666666667,0.21533333333333332,0.13709381744265556,0.6467616334440253,0.6338882021309078,14.946672879006078,1.0,0.8370029000322227,0.5333333333333333,0.10434782608695652,0.060200668896321065,1.4985766017915787,0.27774383295094923,0.6,-0.1466694584479635,0.05555555555555555,0.3433667781493868,0.6176142697881828,0.4078721026247692,0.04046718380527911,0.6,-0.13548638080581057,0.06666666666666667,0.3433667781493868,0.6243032329988851,0.08094123895805204,0.342205190353235,0.6,-0.1373443021221993,0.05555555555555555,0.3433667781493868,0.6098104793756968,0.48881334158282125,15.353965311235976,1.0,0.795332925921399,0.5333333333333333,0.09765886287625417,0.07023411371237458,1.7630455590528673,0.8401783930113828,0.8764226849260467,25940.2,-0.028776499964750197,0.40596536458775034,83.2,0.03792772331815789,0.670751633986928,47.8
60,both_success,ald_tf,0,ald_tf,encoder_raw,5,12.0,300.0,0.2526666666666667,0.914,5.095959812708022,0.2666666666666667,0.21533333333333332,0.07189105935394764,0.5238968105434043,0.7669637426754443,14.946672879006078,1.0,0.6681258312795779,0.6533333333333333,0.05150501672240802,0.024080267558528427,0.08568540545181041,0.27774383295094923,0.6,0.548105375977371,0.1111111111111111,0.08751393534002232,0.41694537346711263,0.0025458593565822053,0.04046718380527911,0.6,0.5513818276202556,0.1111111111111111,0.08751393534002232,0.41694537346711263,0.00037693131300880865,0.342205190353235,0.6,0.5582424245726104,0.12222222222222223,0.08751393534002232,0.4158305462653289,0.002922790669591014,15.353965311235976,1.0,0.799077946171008,0.7266666666666667,0.030100334448160536,0.022742474916387957,0.05862003216516094,0.8562271684742437,0.9270264546354262,25940.2,0.25056674862435835,0.9552046406703191,83.2,0.0666026149812728,0.9354575163398694,47.8
60,both_success,ald_tf,0,ald_tf,predictor_raw,5,12.0,300.0,0.2526666666666667,0.914,5.095959812708022,0.2666666666666667,0.21533333333333332,0.07189105935394764,0.5238968105434043,0.7669637426754443,14.946672879006078,1.0,0.4911877687529861,0.33333333333333337,0.19331103678929767,0.07959866220735787,0.24706645899166269,0.27774383295094923,0.6,0.5092565911506691,0.17777777777777778,0.03232998885172798,0.3132664437012263,0.0,0.04046718380527911,0.6,0.5030097135776329,0.18888888888888888,0.03232998885172798,0.3132664437012263,0.0,0.342205190353235,0.6,0.5148122837404878,0.17777777777777778,0.03232998885172798,0.3132664437012263,0.0,15.353965311235976,1.0,0.59444447160524,0.3866666666666667,0.188628762541806,0.07558528428093644,0.2182474113032586,0.6193593728343709,0.7955263879692623,25940.2,0.21031429364714946,0.8903856482973467,83.2,0.010373891844393511,0.80718954248366,47.8
60,both_success,ald_tf,1,factor,encoder_raw,5,12.0,300.0,0.5813333333333333,3.123333333333333,8.288068132801916,0.9640000000000001,0.29799999999999993,0.03645479641854763,0.10206610552611277,0.9695395718115766,5.305196084917132,1.0,0.7252060267896164,0.5133333333333333,0.23812709030100332,0.03812709030100334,0.06314355681207204,0.4401195953314917,1.0,0.6688161492738928,0.17333333333333334,0.3096989966555184,0.3384615384615385,0.0014291033911206104,0.1793016365880538,1.0,0.6826259574906393,0.16666666666666666,0.2080267558528428,0.19130434782608696,0.0011301908539690384,0.7452479942186582,1.0,0.7214925376251043,0.22000000000000003,0.23545150501672238,0.3090301003344481,0.002300821266780718,5.860980417694636,1.0,0.8073678436800076,0.5733333333333333,0.02608695652173913,0.03678929765886287,0.0591947207667707,0.8467690530952737,0.9299645888547206,10764.2,0.5149738034067073,0.8037489136503115,391.8,0.34687716233993277,0.8461342595394943,400.6
60,both_success,ald_tf,1,factor,predictor_raw,5,12.0,300.0,0.5813333333333333,3.123333333333333,8.288068132801916,0.9640000000000001,0.29799999999999993,0.03645479641854763,0.10206610552611277,0.9695395718115766,5.305196084917132,1.0,0.7287909421215791,0.52,0.20535117056856186,0.04147157190635451,0.1595866943743701,0.4401195953314917,1.0,0.6437772371164148,0.13333333333333333,0.36722408026755854,0.3311036789297659,0.018695055192448552,0.1793016365880538,1.0,0.6646859301333286,0.12666666666666665,0.2809364548494983,0.3103678929765886,0.005816663023992502,0.7452479942186582,1.0,0.6997921747480162,0.18,0.25351170568561876,0.2936454849498328,0.024253245238132125,5.860980417694636,1.0,0.8036612851253903,0.5733333333333334,0.043478260869565216,0.033444816053511704,0.17759028230042012,0.8258596395201687,0.9038360515327684,10764.2,0.4639065782476172,0.8127282780565588,391.8,0.29892665900418147,0.7322644263641158,400.6
60,both_success,ald_tf,1,factor,encoder_factor_head_diagnostic_only,5,12.0,300.0,0.5813333333333333,3.123333333333333,8.288068132801916,0.9640000000000001,0.29799999999999993,0.03645479641854763,0.10206610552611277,0.9695395718115766,5.305196084917132,1.0,0.9549218881898355,0.6666666666666666,0.055518394648829426,0.014046822742474919,0.02756561225062904,0.4401195953314917,1.0,0.3954780552157144,0.12,0.45551839464882943,0.2672240802675585,0.0011059648408327219,0.1793016365880538,1.0,0.40967117311662904,0.10666666666666666,0.33913043478260874,0.2612040133779264,0.0012758392108583587,0.7452479942186582,1.0,0.4291702149357616,0.15333333333333332,0.3444816053511705,0.2411371237458194,0.0021233310733821498,5.860980417694636,1.0,0.9820437084172579,0.7133333333333333,0.02073578595317726,0.012709030100334449,0.023439286011929145,0.9726570198251652,0.9853291179074072,10764.2,0.5774555417228953,0.8785071594753717,391.8,0.00522938731588361,0.6369100781770806,400.6
60,both_success,ald_tf,1,lewm,encoder_raw,5,12.0,300.0,0.5813333333333333,3.123333333333333,8.288068132801916,0.9640000000000001,0.29799999999999993,0.037079013884067535,0.11574997716060258,0.9467629180472491,5.305196084917132,1.0,0.6922864145346055,0.4533333333333333,0.24548494983277588,0.05819397993311036,0.1361798329522684,0.4401195953314917,1.0,0.6885830322000078,0.15333333333333332,0.34448160535117056,0.30167224080267563,0.0029959867331830975,0.1793016365880538,1.0,0.6759059441584497,0.14666666666666667,0.25150501672240805,0.3010033444816054,0.002987738841327715,0.7452479942186582,1.0,0.7365430281731846,0.2,0.2655518394648829,0.2729096989966555,0.005725252596201882,5.860980417694636,1.0,0.7779511172805342,0.5066666666666666,0.03076923076923077,0.05284280936454849,0.13565542823638826,0.8076619587874244,0.9159085437805695,10764.2,0.5510342959115964,0.8646655354043711,391.8,0.26935237245785176,0.7799588645167777,400.6
60,both_success,ald_tf,1,lewm,predictor_raw,5,12.0,300.0,0.5813333333333333,3.123333333333333,8.288068132801916,0.9640000000000001,0.29799999999999993,0.037079013884067535,0.11574997716060258,0.9467629180472491,5.305196084917132,1.0,0.7232806586739853,0.5199999999999999,0.23946488294314383,0.050836120401337795,0.18604762693926508,0.4401195953314917,1.0,0.6309450895393421,0.11333333333333333,0.4033444816053512,0.3311036789297659,0.018695055192448552,0.1793016365880538,1.0,0.6343055082834146,0.1,0.33311036789297666,0.3103678929765886,0.005816663023992502,0.7452479942186582,1.0,0.6831940718588522,0.15999999999999998,0.31438127090301005,0.2936454849498328,0.024253245238132125,5.860980417694636,1.0,0.799543194924388,0.5733333333333333,0.04548494983277592,0.04280936454849498,0.20405121486531513,0.8094060546457917,0.903559297813973,10764.2,0.46351898518988693,0.8462778507321069,391.8,0.22792106714080967,0.688287285199743,400.6
60,both_success,ald_tf,1,ald_tf,encoder_raw,5,12.0,300.0,0.5813333333333333,3.123333333333333,8.288068132801916,0.9640000000000001,0.29799999999999993,0.03337012585252523,0.10540079370142612,0.9485983102915853,5.305196084917132,1.0,0.6922864145346055,0.4533333333333333,0.24548494983277588,0.05819397993311036,0.1361798329522684,0.4401195953314917,1.0,0.6885830322000078,0.15333333333333332,0.34448160535117056,0.30167224080267563,0.0029959867331830975,0.1793016365880538,1.0,0.6759059441584497,0.14666666666666667,0.25150501672240805,0.3010033444816054,0.002987738841327715,0.7452479942186582,1.0,0.7365430281731846,0.2,0.2655518394648829,0.2729096989966555,0.005725252596201882,5.860980417694636,1.0,0.7779511172805342,0.5066666666666666,0.03076923076923077,0.05284280936454849,0.13565542823638826,0.8076619587874244,0.9159085437805695,10764.2,0.5510342959115964,0.8646655354043711,391.8,0.26935237245785176,0.7799588645167777,400.6
60,both_success,ald_tf,1,ald_tf,predictor_raw,5,12.0,300.0,0.5813333333333333,3.123333333333333,8.288068132801916,0.9640000000000001,0.29799999999999993,0.03337012585252523,0.10540079370142612,0.9485983102915853,5.305196084917132,1.0,0.7787934532605918,0.6466666666666667,0.1879598662207358,0.009364548494983277,0.012987673500073418,0.4401195953314917,1.0,0.6091084067533366,0.13999999999999999,0.38461538461538464,0.2672240802675585,0.0011059648408327219,0.1793016365880538,1.0,0.623579558673546,0.11333333333333333,0.30167224080267563,0.2612040133779264,0.0012758392108583587,0.7452479942186582,1.0,0.6624055865166772,0.18,0.2903010033444816,0.2411371237458194,0.0021233310733821498,5.860980417694636,1.0,0.8517482194246602,0.7,0.016722408026755852,0.008695652173913044,0.008861347261373517,0.8728843493123579,0.9479515051502212,10764.2,0.4833814720113547,0.8488816641288108,391.8,0.2532098068921508,0.7085808508356577,400.6
62,lewm_fail_ald_success,lewm,0,factor,encoder_raw,5,12.0,300.0,0.9893333333333334,6.6786666666666665,29.971772171983247,0.14066666666666666,0.08,0.395388562977314,1.0733284851917761,0.5296394848831654,9.022570580177113,1.0,0.19681525350281667,0.24666666666666667,0.36454849498327757,0.08963210702341137,1.6540232881045867,2.420168217087655,1.0,0.8869757378129322,0.48666666666666664,0.14448160535117055,0.11705685618729096,0.07203489756115654,0.4557359291858557,1.0,0.724960591531371,0.26,0.3471571906354515,0.2802675585284281,0.07109953595519089,3.0589661054538775,1.0,0.890787923395045,0.45999999999999996,0.1351170568561873,0.1277591973244147,0.13502155390578072,9.643489337737877,1.0,0.5541725574728609,0.52,0.12307692307692306,0.012709030100334449,0.8688878793771744,0.5961904187938728,0.7981114227082594,4878.6,0.8334725504602053,0.9649667230856069,515.4,0.2204531870722068,0.5530503498205098,345.2
62,lewm_fail_ald_success,lewm,0,factor,predictor_raw,5,12.0,300.0,0.9893333333333334,6.6786666666666665,29.971772171983247,0.14066666666666666,0.08,0.395388562977314,1.0733284851917761,0.5296394848831654,9.022570580177113,1.0,0.30087196524405824,0.14666666666666667,0.4822742474916388,0.13043478260869565,1.3308299939732766,2.420168217087655,1.0,0.3366488563165948,0.12666666666666665,0.36053511705685615,0.5678929765886288,1.1082636642436239,0.4557359291858557,1.0,0.29238442568640344,0.1,0.5859531772575252,0.4916387959866221,0.12777742422142035,3.0589661054538775,1.0,0.3422537418251109,0.1,0.4,0.5785953177257526,1.2279282088544776,9.643489337737877,1.0,0.30456676185290943,0.2666666666666667,0.2648829431438127,0.22408026755852842,1.6386012401945607,0.59349082179352,0.7994309847288621,4878.6,0.2090211669222879,0.5605939623187906,515.4,0.09817049385860946,0.4858591807948146,345.2
62,lewm_fail_ald_success,lewm,0,factor,encoder_factor_head_diagnostic_only,5,12.0,300.0,0.9893333333333334,6.6786666666666665,29.971772171983247,0.14066666666666666,0.08,0.395388562977314,1.0733284851917761,0.5296394848831654,9.022570580177113,1.0,0.7544085600951121,0.39333333333333337,0.157190635451505,0.05484949832775919,0.4939902124330051,2.420168217087655,1.0,0.3991083613733089,0.3466666666666667,0.39531772575250834,0.2595317725752508,0.48400268465678514,0.4557359291858557,1.0,0.3846013645536643,0.24666666666666667,0.3585284280936455,0.2903010033444816,0.10606649905104537,3.0589661054538775,1.0,0.40251011056796643,0.33333333333333337,0.30234113712374583,0.25083612040133774,0.581956304097264,9.643489337737877,1.0,0.9778897098856654,0.7999999999999999,0.014715719063545152,0.010033444816053512,0.15578955389707563,0.8716877347755536,0.9500305250021809,4878.6,0.6566965525971407,0.8852616792312574,515.4,0.24841736712933096,0.5883511835875164,345.2
62,lewm_fail_ald_success,lewm,0,lewm,encoder_raw,5,12.0,300.0,0.9893333333333334,6.6786666666666665,29.971772171983247,0.14066666666666666,0.08,0.3893735110759735,1.0039561014516565,0.5313186146512738,9.022570580177113,1.0,0.16130099223324704,0.21333333333333332,0.4180602006688964,0.11103678929765888,1.7061720303496588,2.420168217087655,1.0,0.9044390657083762,0.5199999999999999,0.15785953177257522,0.12508361204013377,0.07478063278994299,0.4557359291858557,1.0,0.7290134137855055,0.24666666666666667,0.3638795986622073,0.2956521739130435,0.0724840393902638,3.0589661054538775,1.0,0.9085837955151466,0.4866666666666667,0.14581939799331103,0.13712374581939799,0.1391517925696401,9.643489337737877,1.0,0.5380848231647019,0.44666666666666666,0.1331103678929766,0.023411371237458196,0.9251668602861057,0.5544814056912244,0.7731289504571652,4878.6,0.8527573135657036,0.9742742375724983,515.4,0.22869041505483034,0.5735887978894048,345.2
62,lewm_fail_ald_success,lewm,0,lewm,predictor_raw,5,12.0,300.0,0.9893333333333334,6.6786666666666665,29.971772171983247,0.14066666666666666,0.08,0.3893735110759735,1.0039561014516565,0.5313186146512738,9.022570580177113,1.0,0.28094303270036336,0.13999999999999999,0.5123745819397993,0.2220735785953177,2.0769275895710857,2.420168217087655,1.0,0.36494776743777096,0.13333333333333333,0.388628762541806,0.4795986622073579,1.1831186884337552,0.4557359291858557,1.0,0.2965173025584743,0.06666666666666667,0.5819397993311037,0.44749163879598663,0.11768628543704666,3.0589661054538775,1.0,0.3710187859417005,0.11333333333333333,0.3986622073578595,0.48829431438127086,1.2926920942602351,9.643489337737877,1.0,0.3036581295347726,0.21333333333333332,0.2782608695652174,0.27224080267558526,2.4494627211981275,0.5660888952424525,0.7682775853684999,4878.6,0.23671672554213688,0.578223315870326,515.4,0.06968907672029616,0.4998040602191101,345.2
62,lewm_fail_ald_success,lewm,0,ald_tf,encoder_raw,5,12.0,300.0,0.9893333333333334,6.6786666666666665,29.971772171983247,0.14066666666666666,0.08,0.21833806857466698,0.532094937470887,0.8468473649707219,9.022570580177113,1.0,0.16130099223324704,0.21333333333333332,0.4180602006688964,0.11103678929765888,1.7061720303496588,2.420168217087655,1.0,0.9044390657083762,0.5199999999999999,0.15785953177257522,0.12508361204013377,0.07478063278994299,0.4557359291858557,1.0,0.7290134137855055,0.24666666666666667,0.3638795986622073,0.2956521739130435,0.0724840393902638,3.0589661054538775,1.0,0.9085837955151466,0.4866666666666667,0.14581939799331103,0.13712374581939799,0.1391517925696401,9.643489337737877,1.0,0.5380848231647019,0.44666666666666666,0.1331103678929766,0.023411371237458196,0.9251668602861057,0.5544814056912244,0.7731289504571652,4878.6,0.8527573135657036,0.9742742375724983,515.4,0.22869041505483034,0.5735887978894048,345.2
62,lewm_fail_ald_success,lewm,0,ald_tf,predictor_raw,5,12.0,300.0,0.9893333333333334,6.6786666666666665,29.971772171983247,0.14066666666666666,0.08,0.21833806857466698,0.532094937470887,0.8468473649707219,9.022570580177113,1.0,0.342046200513339,0.3933333333333333,0.34046822742474914,0.09498327759197325,1.817881284220438,2.420168217087655,1.0,0.6966618094120427,0.24666666666666667,0.2374581939799331,0.1665551839464883,0.17208211606654095,0.4557359291858557,1.0,0.5947130247566583,0.2066666666666667,0.397324414715719,0.30501672240802674,0.07631047818504265,3.0589661054538775,1.0,0.7014434802938885,0.24666666666666667,0.22675585284280936,0.18127090301003343,0.24027971464101688,9.643489337737877,1.0,0.5512111023455816,0.4800000000000001,0.16454849498327762,0.03678929765886288,1.1380040362282615,0.5865916305555193,0.8126306120612459,4878.6,0.5231689077112651,0.7119810844450126,515.4,0.18687126239615062,0.605027062329434,345.2
62,lewm_fail_ald_success,lewm,1,factor,encoder_raw,5,12.0,300.0,0.9953333333333333,3.4346666666666663,8.532006756950283,0.0,0.0,0.06791300252079964,0.2998535367316572,0.9350805855582329,5.794195524758493,1.0,0.8357572365783323,0.5266666666666666,0.1117056856187291,0.07491638795986622,0.8111755835801004,2.087072564335778,1.0,0.8037194293310244,0.25333333333333335,0.4331103678929765,0.10568561872909699,0.03221146588458672,0.2586886295037377,1.0,-0.028201995639092824,0.0,0.8434782608695652,0.38929765886287626,0.18574263846544511,2.4008517972689476,1.0,0.7826987050124745,0.24,0.3842809364548495,0.11772575250836122,0.11255196458300616,7.733910963486561,1.0,0.9298103813589181,0.62,0.10301003344481605,0.05284280936454849,0.7996270540068973,0.8076664595617334,0.9108489330989548,6727.6,0.5844518255530936,0.8697549721276733,137.4,0.22460841613510726,0.6574562149383788,371.4
62,lewm_fail_ald_success,lewm,1,factor,predictor_raw,5,12.0,300.0,0.9953333333333333,3.4346666666666663,8.532006756950283,0.0,0.0,0.06791300252079964,0.2998535367316572,0.9350805855582329,5.794195524758493,1.0,0.8033164812942367,0.4,0.11438127090301005,0.0882943143812709,0.9067026258339261,2.087072564335778,1.0,0.7394591597081426,0.20666666666666664,0.4749163879598662,0.14849498327759197,0.03313641018969369,0.2586886295037377,1.0,0.009271326233113886,0.006666666666666666,0.8361204013377925,0.4294314381270904,0.18604666298174294,2.4008517972689476,1.0,0.7241711470374236,0.1933333333333333,0.43411371237458196,0.16120401337792642,0.11378093340441091,7.733910963486561,1.0,0.8902615362392915,0.48666666666666664,0.12642140468227425,0.06488294314381271,0.896383065082128,0.7133588916172823,0.8473932633500126,6727.6,0.4345851714379112,0.7737115612887056,137.4,0.2693476063913448,0.6903801922452089,371.4
62,lewm_fail_ald_success,lewm,1,factor,encoder_factor_head_diagnostic_only,5,12.0,300.0,0.9953333333333333,3.4346666666666663,8.532006756950283,0.0,0.0,0.06791300252079964,0.2998535367316572,0.9350805855582329,5.794195524758493,1.0,0.9311818038745917,0.6533333333333333,0.012040133779264214,0.04347826086956522,0.4500857875525033,2.087072564335778,1.0,0.7565416602802336,0.2533333333333333,0.5602006688963211,0.18060200668896317,0.04925550227943458,0.2586886295037377,1.0,-0.12079589964825181,0.0,0.8548494983277592,0.45886287625418054,0.19153008669967614,2.4008517972689476,1.0,0.7239852783360616,0.2066666666666667,0.5167224080267558,0.18862876254180602,0.13538344921208503,7.733910963486561,1.0,0.985288854695695,0.7333333333333333,0.012709030100334449,0.02876254180602007,0.4613687426083792,0.9390511270777037,0.9556604186745149,6727.6,0.6536527474002458,0.9298619042311917,137.4,0.2136522219774128,0.5871145282884969,371.4
62,lewm_fail_ald_success,lewm,1,lewm,encoder_raw,5,12.0,300.0,0.9953333333333333,3.4346666666666663,8.532006756950283,0.0,0.0,0.1451795682311058,0.9871672540595083,0.6597517624206505,5.794195524758493,1.0,0.8147903140276824,0.4666666666666666,0.1331103678929766,0.09230769230769231,0.8667342820997316,2.087072564335778,1.0,0.8069881115937791,0.2533333333333333,0.42775919732441475,0.1351170568561873,0.032272692719479454,0.2586886295037377,1.0,-0.0352678710168872,0.0,0.842809364548495,0.4153846153846154,0.18576261932908117,2.4008517972689476,1.0,0.7863917055601147,0.2333333333333333,0.37023411371237464,0.14648829431438126,0.11263317228153488,7.733910963486561,1.0,0.9129033261227539,0.5599999999999999,0.1250836120401338,0.07023411371237458,0.8552669602250573,0.7556300743719845,0.876510377855447,6727.6,0.5742091873278634,0.8747975077828997,137.4,0.13234515445937456,0.5931156959704482,371.4
62,lewm_fail_ald_success,lewm,1,lewm,predictor_raw,5,12.0,300.0,0.9953333333333333,3.4346666666666663,8.532006756950283,0.0,0.0,0.1451795682311058,0.9871672540595083,0.6597517624206505,5.794195524758493,1.0,0.49583084256491733,0.12666666666666665,0.48829431438127086,0.3391304347826087,2.6757997324928118,2.087072564335778,1.0,0.5512629939815197,0.15999999999999998,0.5217391304347825,0.2762541806020067,0.16061934066164402,0.2586886295037377,1.0,0.1772041809914427,0.03333333333333334,0.8133779264214047,0.4020066889632107,0.16738277435398602,2.4008517972689476,1.0,0.5442601668825392,0.15333333333333332,0.494314381270903,0.2802675585284281,0.22259997524860436,7.733910963486561,1.0,0.5869331881465351,0.1733333333333333,0.48695652173913045,0.3003344481605351,2.7742992135852074,0.32857270820637163,0.5986714535271374,6727.6,0.34590603008929516,0.5336593787704536,137.4,0.1447268791701683,0.6029697297809703,371.4
62,lewm_fail_ald_success,lewm,1,ald_tf,encoder_raw,5,12.0,300.0,0.9953333333333333,3.4346666666666663,8.532006756950283,0.0,0.0,0.08234112486243247,0.39981656090628476,0.9427467132905261,5.794195524758493,1.0,0.8147903140276824,0.4666666666666666,0.1331103678929766,0.09230769230769231,0.8667342820997316,2.087072564335778,1.0,0.8069881115937791,0.2533333333333333,0.42775919732441475,0.1351170568561873,0.032272692719479454,0.2586886295037377,1.0,-0.0352678710168872,0.0,0.842809364548495,0.4153846153846154,0.18576261932908117,2.4008517972689476,1.0,0.7863917055601147,0.2333333333333333,0.37023411371237464,0.14648829431438126,0.11263317228153488,7.733910963486561,1.0,0.9129033261227539,0.5599999999999999,0.1250836120401338,0.07023411371237458,0.8552669602250573,0.7556300743719845,0.876510377855447,6727.6,0.5742091873278634,0.8747975077828997,137.4,0.13234515445937456,0.5931156959704482,371.4
62,lewm_fail_ald_success,lewm,1,ald_tf,predictor_raw,5,12.0,300.0,0.9953333333333333,3.4346666666666663,8.532006756950283,0.0,0.0,0.08234112486243247,0.39981656090628476,0.9427467132905261,5.794195524758493,1.0,0.7970157001744463,0.38,0.1725752508361204,0.09297658862876254,0.8940010901154247,2.087072564335778,1.0,0.7644337687461351,0.22000000000000003,0.4635451505016722,0.21672240802675585,0.03243659348645265,0.2586886295037377,1.0,0.004645652790651411,0.006666666666666666,0.8060200668896321,0.49899665551839467,0.18581675943364098,2.4008517972689476,1.0,0.7504238261201326,0.2066666666666667,0.4207357859531773,0.22943143812709027,0.1128512131530679,7.733910963486561,1.0,0.8894846387182079,0.44666666666666666,0.16856187290969898,0.06822742474916388,0.8827518091122837,0.7187012968278239,0.83287188506532,6727.6,0.4502397353262683,0.7775173088293649,137.4,0.24541936630381747,0.6821069740892861,371.4
62,lewm_fail_ald_success,ald_tf,0,factor,encoder_raw,5,12.0,300.0,0.992,5.922666666666666,23.969968314866374,0.276,0.238,0.16178645342588424,0.6257047347329762,0.5426125179168657,9.276552829345476,1.0,0.0973179701996689,0.11333333333333333,0.5498327759197323,0.1391304347826087,1.3578283087781282,1.4155581615226915,1.0,0.8217683044501479,0.36666666666666664,0.16923076923076924,0.20869565217391303,0.10881610574436237,0.20213398999374083,1.0,0.5910184909582076,0.15333333333333335,0.4494983277591973,0.38595317725752504,0.06745862424788755,1.6324017865690739,1.0,0.8256429162490736,0.3666666666666667,0.1565217391304348,0.2234113712374582,0.1715740205808748,9.01402047479861,1.0,0.4804456938410427,0.36666666666666664,0.19130434782608696,0.05418060200668896,0.5945871059586662,0.5718571008978894,0.8178198835094591,4301.4,0.8215484376829367,0.9492113255366856,441.0,0.2443578793746055,0.5012617411547332,569.8
62,lewm_fail_ald_success,ald_tf,0,factor,predictor_raw,5,12.0,300.0,0.992,5.922666666666666,23.969968314866374,0.276,0.238,0.16178645342588424,0.6257047347329762,0.5426125179168657,9.276552829345476,1.0,0.3715167501861132,0.2866666666666667,0.3712374581939799,0.13177257525083613,1.3435490039462243,1.4155581615226915,1.0,0.2768412629080519,0.08666666666666667,0.2060200668896321,0.6173913043478261,0.6705236572120292,0.20213398999374083,1.0,0.29208026963652517,0.15333333333333335,0.5103678929765886,0.6836120401337793,0.10620267725378105,1.6324017865690739,1.0,0.28694953959101704,0.09333333333333334,0.3471571906354515,0.6461538461538462,0.7720256250544352,9.01402047479861,1.0,0.37015060167335195,0.29333333333333333,0.1879598662207358,0.23143812709030104,1.1807594056003226,0.6292160782415187,0.81955102990859,4301.4,0.2634896485822516,0.6065371900433298,441.0,0.024736807574956617,0.5067112870085321,569.8
62,lewm_fail_ald_success,ald_tf,0,factor,encoder_factor_head_diagnostic_only,5,12.0,300.0,0.992,5.922666666666666,23.969968314866374,0.276,0.238,0.16178645342588424,0.6257047347329762,0.5426125179168657,9.276552829345476,1.0,0.6356259069545217,0.24000000000000005,0.2528428093645485,0.12173913043478261,0.6411265548128595,1.4155581615226915,1.0,0.29074147637860126,0.21333333333333332,0.32441471571906355,0.2862876254180602,0.4720884164471116,0.20213398999374083,1.0,0.2211234375304399,0.12666666666666665,0.5083612040133779,0.41003344481605347,0.10564452321302158,1.6324017865690739,1.0,0.2921988024486371,0.22000000000000003,0.28762541806020064,0.28227424749163876,0.5730322302487579,9.01402047479861,1.0,0.906151401682241,0.5666666666666667,0.056187290969899675,0.050836120401337795,0.27934356166128066,0.7607656327477532,0.884009089387271,4301.4,0.6267664827911148,0.8302102398594371,441.0,0.1619842255913883,0.45939754535691535,569.8
62,lewm_fail_ald_success,ald_tf,0,lewm,encoder_raw,5,12.0,300.0,0.992,5.922666666666666,23.969968314866374,0.276,0.238,0.16122169345617293,0.5895965294772442,0.5399099101101124,9.276552829345476,1.0,0.039589506550072776,0.07333333333333333,0.5946488294314382,0.2080267558528428,2.2931711875465424,1.4155581615226915,1.0,0.8496376889318891,0.3666666666666667,0.17591973244147158,0.14448160535117055,0.06751772787863052,0.20213398999374083,1.0,0.5898938176331081,0.11333333333333333,0.4575250836120402,0.3899665551839465,0.0704056085156756,1.6324017865690739,1.0,0.853455322308656,0.36,0.1331103678929766,0.15719063545150502,0.13322262698293091,9.01402047479861,1.0,0.4426423404704497,0.3066666666666667,0.1826086956521739,0.09966555183946488,1.4915785911291364,0.5044906859499714,0.7880112323347401,4301.4,0.8358328528489094,0.9626419787254239,441.0,0.23079614793384176,0.5297087855282576,569.8
62,lewm_fail_ald_success,ald_tf,0,lewm,predictor_raw,5,12.0,300.0,0.992,5.922666666666666,23.969968314866374,0.276,0.238,0.16122169345617293,0.5895965294772442,0.5399099101101124,9.276552829345476,1.0,0.3465850953899488,0.3733333333333333,0.377257525083612,0.08762541806020067,1.4266785402193465,1.4155581615226915,1.0,0.3320982664914577,0.09333333333333334,0.19933110367892976,0.5999999999999999,0.5326787843819759,0.20213398999374083,1.0,0.35579376278762387,0.16,0.4775919732441472,0.5130434782608695,0.08930671411184563,1.6324017865690739,1.0,0.34462505120180087,0.1,0.3277591973244147,0.6193979933110368,0.6172847890824464,9.01402047479861,1.0,0.3911888798764431,0.35333333333333333,0.17324414715719064,0.14983277591973243,1.1091481059014556,0.5990269120617352,0.7988577288780949,4301.4,0.2838539019444572,0.6221545051157379,441.0,0.10783509754243084,0.5604581590184493,569.8
62,lewm_fail_ald_success,ald_tf,0,ald_tf,encoder_raw,5,12.0,300.0,0.992,5.922666666666666,23.969968314866374,0.276,0.238,0.10733411386609078,0.36292006204199356,0.767730841453794,9.276552829345476,1.0,0.039589506550072776,0.07333333333333333,0.5946488294314382,0.2080267558528428,2.2931711875465424,1.4155581615226915,1.0,0.8496376889318891,0.3666666666666667,0.17591973244147158,0.14448160535117055,0.06751772787863052,0.20213398999374083,1.0,0.5898938176331081,0.11333333333333333,0.4575250836120402,0.3899665551839465,0.0704056085156756,1.6324017865690739,1.0,0.853455322308656,0.36,0.1331103678929766,0.15719063545150502,0.13322262698293091,9.01402047479861,1.0,0.4426423404704497,0.3066666666666667,0.1826086956521739,0.09966555183946488,1.4915785911291364,0.5044906859499714,0.7880112323347401,4301.4,0.8358328528489094,0.9626419787254239,441.0,0.23079614793384176,0.5297087855282576,569.8
62,lewm_fail_ald_success,ald_tf,0,ald_tf,predictor_raw,5,12.0,300.0,0.992,5.922666666666666,23.969968314866374,0.276,0.238,0.10733411386609078,0.36292006204199356,0.767730841453794,9.276552829345476,1.0,0.28998979988666546,0.36,0.37257525083612036,0.06220735785953178,1.3018234624200447,1.4155581615226915,1.0,0.5603575014887958,0.12,0.19665551839464884,0.38795986622073575,0.18146499741621225,0.20213398999374083,1.0,0.541301331237152,0.1933333333333333,0.4321070234113712,0.32775919732441466,0.06700301951488344,1.6324017865690739,1.0,0.5755391632398312,0.15333333333333332,0.29966555183946486,0.37257525083612036,0.24376730751972056,9.01402047479861,1.0,0.510825409171213,0.45999999999999996,0.1739130434782609,0.034782608695652174,0.6107755465394284,0.5788682212396219,0.810257070219971,4301.4,0.5349105216798241,0.7037823765158479,441.0,0.2734315231854981,0.5725784113009034,569.8
62,lewm_fail_ald_success,ald_tf,1,factor,encoder_raw,5,12.0,300.0,0.5773333333333333,2.385333333333333,7.402465824130941,0.9973333333333333,0.32266666666666666,0.052012261003255844,0.22738589782919205,0.9050365086073476,4.341798392573893,1.0,0.6516974145028344,0.5399999999999999,0.25284280936454845,0.022073578595317726,0.044372636692914386,0.6791028402757073,1.0,0.7293763935579698,0.2733333333333333,0.47558528428093644,0.22073578595317728,0.0027066530600578136,0.12730759417959217,1.0,0.6967034337334932,0.2333333333333333,0.5806020066889632,0.22809364548494987,0.0003289465201481795,0.8987692257128691,1.0,0.7542253640373605,0.26666666666666666,0.1471571906354515,0.2173913043478261,3.116446480948692e-05,4.849875528755894,1.0,0.7976224606163326,0.64,0.03678929765886287,0.013377926421404682,0.008600672370903102,0.8589107637209128,0.93017025500285,10290.4,0.4896350304506897,0.9277949025423435,257.8,0.1948651216208232,0.6450892366282102,139.0
62,lewm_fail_ald_success,ald_tf,1,factor,predictor_raw,5,12.0,300.0,0.5773333333333333,2.385333333333333,7.402465824130941,0.9973333333333333,0.32266666666666666,0.052012261003255844,0.22738589782919205,0.9050365086073476,4.341798392573893,1.0,0.7521589350992789,0.6266666666666667,0.21939799331103677,0.059531772575250844,0.19950146688084214,0.6791028402757073,1.0,0.562527851461995,0.2066666666666667,0.46220735785953176,0.22073578595317728,0.0027066530600578136,0.12730759417959217,1.0,0.5346977001099169,0.2066666666666667,0.5531772575250836,0.22809364548494987,0.0003289465201481795,0.8987692257128691,1.0,0.5858273463184893,0.19999999999999998,0.1317725752508361,0.2173913043478261,3.116446480948692e-05,4.849875528755894,1.0,0.8554534161490684,0.72,0.043478260869565216,0.04013377926421404,0.16372950255883084,0.8752272193832995,0.9338179986774202,10290.4,0.34913345843225396,0.8549117060774402,257.8,0.13610424169507682,0.6004950641760507,139.0
62,lewm_fail_ald_success,ald_tf,1,factor,encoder_factor_head_diagnostic_only,5,12.0,300.0,0.5773333333333333,2.385333333333333,7.402465824130941,0.9973333333333333,0.32266666666666666,0.052012261003255844,0.22738589782919205,0.9050365086073476,4.341798392573893,1.0,0.7966001897400805,0.38666666666666666,0.23411371237458195,0.13846153846153847,0.2981445532333901,0.6791028402757073,1.0,0.5097132640777745,0.21333333333333332,0.6093645484949832,0.22073578595317728,0.0027066530600578136,0.12730759417959217,1.0,0.4859536001075986,0.1733333333333333,0.6702341137123746,0.22809364548494987,0.0003289465201481795,0.8987692257128691,1.0,0.5350314939267349,0.2,0.2702341137123746,0.2173913043478261,3.116446480948692e-05,4.849875528755894,1.0,0.8884773347720504,0.45999999999999996,0.10635451505016724,0.10301003344481605,0.2623725889113788,0.8515667850681516,0.8822639325221239,10290.4,0.41561685525560915,0.8547530732051012,257.8,0.04890440615718559,0.5285004650296594,139.0
62,lewm_fail_ald_success,ald_tf,1,lewm,encoder_raw,5,12.0,300.0,0.5773333333333333,2.385333333333333,7.402465824130941,0.9973333333333333,0.32266666666666666,0.04533711262047291,0.215135017148342,0.8997652003343115,4.341798392573893,1.0,0.6018984411053475,0.5066666666666666,0.2561872909698996,0.050836120401337795,0.08165786138574593,0.6791028402757073,1.0,0.7690419366731771,0.29333333333333333,0.4568561872909699,0.23444816053511705,0.0032210799310165407,0.12730759417959217,1.0,0.7285918128002741,0.23333333333333334,0.5993311036789298,0.21304347826086958,0.0002696109878953828,0.8987692257128691,1.0,0.7917590273616756,0.2866666666666666,0.1391304347826087,0.23110367892976588,0.0004862558035154174,4.849875528755894,1.0,0.7547321001094918,0.6133333333333333,0.03210702341137124,0.03612040133779264,0.04634098840244056,0.8313813722964889,0.9137513859337112,10290.4,0.5298756886057959,0.9283109781436878,257.8,0.17420941067590062,0.6800930805715735,139.0
62,lewm_fail_ald_success,ald_tf,1,lewm,predictor_raw,5,12.0,300.0,0.5773333333333333,2.385333333333333,7.402465824130941,0.9973333333333333,0.32266666666666666,0.04533711262047291,0.215135017148342,0.8997652003343115,4.341798392573893,1.0,0.6456390848787208,0.47333333333333333,0.27759197324414714,0.034782608695652174,0.09182527505665798,0.6791028402757073,1.0,0.5898885199254356,0.2333333333333333,0.465551839464883,0.25719063545150506,0.02068321867442153,0.12730759417959217,1.0,0.5436413119413699,0.19999999999999998,0.6608695652173913,0.2745819397993311,0.005672690132087965,0.8987692257128691,1.0,0.610045303221932,0.21333333333333332,0.16454849498327756,0.25250836120401343,0.023351473691112984,4.849875528755894,1.0,0.7601389348770542,0.5266666666666666,0.07357859531772575,0.02608695652173913,0.07937361996095019,0.7729375885626907,0.8698363430347309,10290.4,0.419939766375085,0.8095701513349157,257.8,0.04712398348513306,0.5413369018440527,139.0
62,lewm_fail_ald_success,ald_tf,1,ald_tf,encoder_raw,5,12.0,300.0,0.5773333333333333,2.385333333333333,7.402465824130941,0.9973333333333333,0.32266666666666666,0.04575477279722691,0.2512694244177995,0.8653518541146946,4.341798392573893,1.0,0.6018984411053475,0.5066666666666666,0.2561872909698996,0.050836120401337795,0.08165786138574593,0.6791028402757073,1.0,0.7690419366731771,0.29333333333333333,0.4568561872909699,0.23444816053511705,0.0032210799310165407,0.12730759417959217,1.0,0.7285918128002741,0.23333333333333334,0.5993311036789298,0.21304347826086958,0.0002696109878953828,0.8987692257128691,1.0,0.7917590273616756,0.2866666666666666,0.1391304347826087,0.23110367892976588,0.0004862558035154174,4.849875528755894,1.0,0.7547321001094918,0.6133333333333333,0.03210702341137124,0.03612040133779264,0.04634098840244056,0.8313813722964889,0.9137513859337112,10290.4,0.5298756886057959,0.9283109781436878,257.8,0.17420941067590062,0.6800930805715735,139.0
62,lewm_fail_ald_success,ald_tf,1,ald_tf,predictor_raw,5,12.0,300.0,0.5773333333333333,2.385333333333333,7.402465824130941,0.9973333333333333,0.32266666666666666,0.04575477279722691,0.2512694244177995,0.8653518541146946,4.341798392573893,1.0,0.7194830164779609,0.6199999999999999,0.22876254180602004,0.042140468227424746,0.15009630988031536,0.6791028402757073,1.0,0.5134626923244168,0.18666666666666665,0.5110367892976588,0.28762541806020064,0.010609441595350237,0.12730759417959217,1.0,0.4764848149001636,0.1733333333333333,0.6227424749163879,0.2976588628762542,0.0021503929886151543,0.8987692257128691,1.0,0.5370520767901373,0.1733333333333333,0.17257525083612038,0.28428093645484953,0.009755399468568886,4.849875528755894,1.0,0.8149112767919643,0.6599999999999999,0.04548494983277592,0.039464882943143806,0.12404858056206347,0.8496878558118597,0.9214931250673203,10290.4,0.3848832177308193,0.7893884647175837,257.8,0.08128454504898977,0.5564374989981765,139.0
77,lewm_success_ald_fail,lewm,0,factor,encoder_raw,5,12.0,300.0,0.6446666666666667,3.1626666666666665,11.650714616685184,0.23200000000000004,0.22999999999999998,0.09612686764448881,0.6569214685988756,0.462193574973816,11.100343358166803,1.0,0.38580909187499557,0.3,0.3264214046822742,0.15852842809364548,2.2460293120229773,0.8036602138940786,0.8,0.6079448378994499,0.275,0.3904682274247491,0.08444816053511706,0.08009119498554046,0.34527695720052853,0.8,0.49026504647139346,0.31666666666666665,0.5150501672240803,0.12959866220735786,0.21151139529918123,1.1190929200382498,0.8,0.7116634014115908,0.5333333333333333,0.09448160535117056,0.04013377926421405,0.021230848696713208,11.630651628207051,1.0,0.6569740470528133,0.4333333333333334,0.11103678929765885,0.11839464882943145,1.9869969983719087,0.3003895202002133,0.72676070249919,11934.4,0.5794575722188883,0.7886477604518985,417.8,0.47198188086566106,0.5519840384319972,340.6
77,lewm_success_ald_fail,lewm,0,factor,predictor_raw,5,12.0,300.0,0.6446666666666667,3.1626666666666665,11.650714616685184,0.23200000000000004,0.22999999999999998,0.09612686764448881,0.6569214685988756,0.462193574973816,11.100343358166803,1.0,0.5227570084112045,0.19999999999999998,0.4468227424749164,0.22541806020066887,2.170130375059719,0.8036602138940786,0.8,0.169515366844013,0.21666666666666665,0.4506688963210702,0.49749163879598657,0.44935900400045714,0.34527695720052853,0.8,0.27931291673086855,0.21666666666666667,0.6722408026755853,0.26421404682274247,0.2105283119714207,1.1190929200382498,0.8,0.27029226400675077,0.21666666666666665,0.12290969899665552,0.4640468227424749,0.3895155743838693,11.630651628207051,1.0,0.44365435171501905,0.24000000000000005,0.18929765886287625,0.26354515050167227,2.205725841958375,0.6032899910800229,0.7216029273556112,11934.4,-0.1037867421280934,0.5252865740345123,417.8,-0.034108938826467386,0.5787052727853019,340.6
77,lewm_success_ald_fail,lewm,0,factor,encoder_factor_head_diagnostic_only,5,12.0,300.0,0.6446666666666667,3.1626666666666665,11.650714616685184,0.23200000000000004,0.22999999999999998,0.09612686764448881,0.6569214685988756,0.462193574973816,11.100343358166803,1.0,0.7732473802364129,0.5466666666666666,0.07491638795986622,0.06555183946488294,0.22436275237299683,0.8036602138940786,0.8,0.3953065359167568,0.19166666666666668,0.3712374581939799,0.2775919732441472,0.10675642064905838,0.34527695720052853,0.8,0.28233531975777226,0.29166666666666663,0.4648829431438127,0.2993311036789298,0.2761847337557352,1.1190929200382498,0.8,0.43959033175938567,0.39999999999999997,0.20735785953177258,0.20652173913043478,0.11256941281678512,11.630651628207051,1.0,0.9423691519892301,0.7066666666666667,0.05217391304347826,0.03277591973244147,0.03840129001798549,0.7112421284887681,0.8694687256222823,11934.4,0.6023316328162062,0.7419676208747256,417.8,0.389684604714997,0.802115118887293,340.6
77,lewm_success_ald_fail,lewm,0,lewm,encoder_raw,5,12.0,300.0,0.6446666666666667,3.1626666666666665,11.650714616685184,0.23200000000000004,0.22999999999999998,0.08738935142755508,0.615009425669603,0.688238853103569,11.100343358166803,1.0,0.44420292490227437,0.31999999999999995,0.3351170568561873,0.14849498327759197,2.0841127128588957,0.8036602138940786,0.8,0.5786075810391852,0.30833333333333335,0.36454849498327757,0.30685618729096986,0.2588712637220025,0.34527695720052853,0.8,0.44645286210034424,0.3083333333333333,0.5,0.12792642140468227,0.165411053921283,1.1190929200382498,0.8,0.6537676106437263,0.5083333333333333,0.08946488294314381,0.2148829431438127,0.15391057605527697,11.630651628207051,1.0,0.7067235566919707,0.4800000000000001,0.09163879598662207,0.10903010033444815,1.9312241810946784,0.335421390837297,0.7396955992422282,11934.4,0.5811525580138619,0.7712623840861388,417.8,0.4621863268561565,0.5282606199171077,340.6
77,lewm_success_ald_fail,lewm,0,lewm,predictor_raw,5,12.0,300.0,0.6446666666666667,3.1626666666666665,11.650714616685184,0.23200000000000004,0.22999999999999998,0.08738935142755508,0.615009425669603,0.688238853103569,11.100343358166803,1.0,0.5664261158457317,0.35333333333333333,0.40535117056856185,0.12709030100334445,2.0748272101658767,0.8036602138940786,0.8,0.24941783429475606,0.15,0.4698996655518395,0.2926421404682274,0.25413721872828077,0.34527695720052853,0.8,0.49024982308481074,0.3833333333333333,0.5735785953177257,0.08444816053511706,0.16481230610884448,1.1190929200382498,0.8,0.4494277693124367,0.3,0.17307692307692307,0.2031772575250836,0.14857778324911675,11.630651628207051,1.0,0.5855848176090845,0.36666666666666664,0.1712374581939799,0.094314381270903,1.917672444156731,0.5478079631543356,0.752714206334829,11934.4,0.0734988438428144,0.4952580448519536,417.8,0.36308617992611014,0.7138958984890583,340.6
77,lewm_success_ald_fail,lewm,0,ald_tf,encoder_raw,5,12.0,300.0,0.6446666666666667,3.1626666666666665,11.650714616685184,0.23200000000000004,0.22999999999999998,0.07790815066546201,0.5479054396021268,0.796185903490365,11.100343358166803,1.0,0.44420292490227437,0.31999999999999995,0.3351170568561873,0.14849498327759197,2.0841127128588957,0.8036602138940786,0.8,0.5786075810391852,0.30833333333333335,0.36454849498327757,0.30685618729096986,0.2588712637220025,0.34527695720052853,0.8,0.44645286210034424,0.3083333333333333,0.5,0.12792642140468227,0.165411053921283,1.1190929200382498,0.8,0.6537676106437263,0.5083333333333333,0.08946488294314381,0.2148829431438127,0.15391057605527697,11.630651628207051,1.0,0.7067235566919707,0.4800000000000001,0.09163879598662207,0.10903010033444815,1.9312241810946784,0.335421390837297,0.7396955992422282,11934.4,0.5811525580138619,0.7712623840861388,417.8,0.4621863268561565,0.5282606199171077,340.6
77,lewm_success_ald_fail,lewm,0,ald_tf,predictor_raw,5,12.0,300.0,0.6446666666666667,3.1626666666666665,11.650714616685184,0.23200000000000004,0.22999999999999998,0.07790815066546201,0.5479054396021268,0.796185903490365,11.100343358166803,1.0,0.24768310759008433,0.16666666666666666,0.4822742474916388,0.3210702341137124,2.4898320849259905,0.8036602138940786,0.8,0.4341187329986894,0.15,0.48327759197324416,0.21906354515050164,0.12439315917970817,0.34527695720052853,0.8,0.34072656338500695,0.10833333333333334,0.5066889632107023,0.2976588628762542,0.26331764996219137,1.1190929200382498,0.8,0.4970169042349313,0.18333333333333332,0.3035117056856187,0.23244147157190634,0.11733906755389104,11.630651628207051,1.0,0.43726370293003247,0.20666666666666664,0.2755852842809364,0.2709030100334448,2.307686346360664,0.23892815319655458,0.6937452068325055,11934.4,0.39342590548153017,0.5919668109155105,417.8,0.29112951058416736,0.44535825581759525,340.6
77,lewm_success_ald_fail,lewm,1,factor,encoder_raw,5,12.0,300.0,1.0,3.6226666666666665,10.225212480010965,0.99,0.30533333333333335,0.046029585599899295,0.34011934408770267,0.949350674725815,5.380555826703504,1.0,0.8393469181345129,0.6466666666666667,0.029431438127090304,0.018729096989966554,0.021009122400708312,0.43673504575291633,1.0,0.4438312608125054,0.13333333333333336,0.3806020066889632,0.4642140468227424,0.004779795669952927,0.20416130064952162,1.0,0.2560938748543776,0.08666666666666667,0.6046822742474917,0.19197324414715716,0.02378039558660706,0.7563961699417969,1.0,0.42719556786351787,0.15333333333333332,0.44816053511705684,0.11906354515050166,0.011111895915195086,6.0140909701054275,1.0,0.8919505263971219,0.7266666666666667,0.02876254180602007,0.01605351170568562,0.012831525512131898,0.9170630071641843,0.9609180679629908,3050.0,0.6524377402728521,0.7179667497242891,245.6,0.6407314307063257,0.7192502422265709,761.8
77,lewm_success_ald_fail,lewm,1,factor,predictor_raw,5,12.0,300.0,1.0,3.6226666666666665,10.225212480010965,0.99,0.30533333333333335,0.046029585599899295,0.34011934408770267,0.949350674725815,5.380555826703504,1.0,0.8826562072911921,0.6599999999999999,0.01003344481605351,0.03076923076923077,0.04435011884792529,0.43673504575291633,1.0,0.42336683740930453,0.18666666666666665,0.2876254180602007,0.21471571906354514,0.0021952433915300657,0.20416130064952162,1.0,0.11348188313203478,0.04666666666666667,0.6729096989966555,0.42541806020066886,0.033060284447420575,0.7563961699417969,1.0,0.2958729763664041,0.07333333333333333,0.5217391304347826,0.3438127090301003,0.017807232497585736,6.0140909701054275,1.0,0.9210452560584008,0.7133333333333333,0.012040133779264214,0.02876254180602007,0.04286785854173952,0.9217742031967926,0.9541763273107412,3050.0,0.5240094823049051,0.6813033032487953,245.6,0.31136331737567297,0.5655888253079292,761.8
77,lewm_success_ald_fail,lewm,1,factor,encoder_factor_head_diagnostic_only,5,12.0,300.0,1.0,3.6226666666666665,10.225212480010965,0.99,0.30533333333333335,0.046029585599899295,0.34011934408770267,0.949350674725815,5.380555826703504,1.0,0.8720358896837123,0.4666666666666666,0.07491638795986623,0.07826086956521738,0.1377570274560318,0.43673504575291633,1.0,0.37277198139168044,0.12,0.388628762541806,0.5103678929765886,0.005094273091470522,0.20416130064952162,1.0,0.2203577513452543,0.06666666666666668,0.6187290969899666,0.15451505016722408,0.023108353044654452,0.7563961699417969,1.0,0.39059419148873487,0.13999999999999999,0.474247491638796,0.08160535117056857,0.01075433079476007,6.0140909701054275,1.0,0.9101069815634257,0.5533333333333333,0.07023411371237459,0.07224080267558528,0.12922186544702036,0.9224379620325376,0.9385457513813193,3050.0,0.6041953522862463,0.7608553669291186,245.6,0.5463589015751346,0.7190014013464939,761.8
77,lewm_success_ald_fail,lewm,1,lewm,encoder_raw,5,12.0,300.0,1.0,3.6226666666666665,10.225212480010965,0.99,0.30533333333333335,0.03883946314454079,0.28853147372220606,0.8691167915504356,5.380555826703504,1.0,0.8191082033167802,0.64,0.01939799331103679,0.014046822742474915,0.012791921894491706,0.43673504575291633,1.0,0.42889989745787094,0.12666666666666665,0.38528428093645484,0.345819397993311,0.0038778377768148254,0.20416130064952162,1.0,0.31840132415328304,0.10666666666666666,0.5632107023411371,0.30969899665551837,0.026228746396121622,0.7563961699417969,1.0,0.44546279441624365,0.15333333333333332,0.379933110367893,0.2347826086956522,0.012658288831571543,6.0140909701054275,1.0,0.8742033951617689,0.7133333333333333,0.01605351170568562,0.012040133779264214,0.006160717922291749,0.907226240739719,0.9774387457669376,3050.0,0.6325713855538923,0.7105187950145895,245.6,0.721749506965255,0.7690418312550586,761.8
77,lewm_success_ald_fail,lewm,1,lewm,predictor_raw,5,12.0,300.0,1.0,3.6226666666666665,10.225212480010965,0.99,0.30533333333333335,0.03883946314454079,0.28853147372220606,0.8691167915504356,5.380555826703504,1.0,0.6440210224558051,0.26,0.12040133779264214,0.0903010033444816,0.30127710668639784,0.43673504575291633,1.0,0.4344114045711619,0.13999999999999999,0.3906354515050167,0.2535117056856187,0.002187874766492748,0.20416130064952162,1.0,0.40042587139857105,0.10666666666666666,0.5792642140468228,0.40535117056856185,0.03781059508737357,0.7563961699417969,1.0,0.5243858265091835,0.13333333333333333,0.3538461538461538,0.3237458193979933,0.02255017451250141,6.0140909701054275,1.0,0.7083253813931266,0.30000000000000004,0.12307692307692308,0.0862876254180602,0.3045377883951278,0.7329195181862882,0.8660820649638437,3050.0,0.5228693023228914,0.7123073520524658,245.6,0.612356946508209,0.7695684173232964,761.8
77,lewm_success_ald_fail,lewm,1,ald_tf,encoder_raw,5,12.0,300.0,1.0,3.6226666666666665,10.225212480010965,0.99,0.30533333333333335,0.04184410944581032,0.3311307691823136,0.9251589315966877,5.380555826703504,1.0,0.8191082033167802,0.64,0.01939799331103679,0.014046822742474915,0.012791921894491706,0.43673504575291633,1.0,0.42889989745787094,0.12666666666666665,0.38528428093645484,0.345819397993311,0.0038778377768148254,0.20416130064952162,1.0,0.31840132415328304,0.10666666666666666,0.5632107023411371,0.30969899665551837,0.026228746396121622,0.7563961699417969,1.0,0.44546279441624365,0.15333333333333332,0.379933110367893,0.2347826086956522,0.012658288831571543,6.0140909701054275,1.0,0.8742033951617689,0.7133333333333333,0.01605351170568562,0.012040133779264214,0.006160717922291749,0.907226240739719,0.9774387457669376,3050.0,0.6325713855538923,0.7105187950145895,245.6,0.721749506965255,0.7690418312550586,761.8
77,lewm_success_ald_fail,lewm,1,ald_tf,predictor_raw,5,12.0,300.0,1.0,3.6226666666666665,10.225212480010965,0.99,0.30533333333333335,0.04184410944581032,0.3311307691823136,0.9251589315966877,5.380555826703504,1.0,0.8961335125945844,0.6733333333333335,0.015384615384615382,0.02140468227424749,0.06562363657934674,0.43673504575291633,1.0,0.3836741297125524,0.22000000000000003,0.28561872909698993,0.27224080267558526,0.002873927102466944,0.20416130064952162,1.0,0.14214433493705486,0.06666666666666667,0.6167224080267558,0.37257525083612036,0.03008417654167882,0.7563961699417969,1.0,0.2597872420804676,0.1,0.5010033444816054,0.2936454849498328,0.01550980830278086,6.0140909701054275,1.0,0.9300432227024746,0.7133333333333335,0.01137123745819398,0.02006688963210702,0.06184395207835609,0.9353831516778323,0.9685724028085877,3050.0,0.46516805817283197,0.6829233003101066,245.6,0.3997498529012727,0.7102191544536638,761.8
77,lewm_success_ald_fail,ald_tf,0,factor,encoder_raw,5,12.0,300.0,0.4753333333333334,0.9866666666666667,3.1220219771647115,0.0,0.0,0.022563961148262025,0.369009907492026,0.7575473939916069,13.155311197186359,1.0,0.08378333835331486,0.14666666666666667,0.6374581939799331,0.5311036789297658,6.164193056746794,0.056678866499933124,0.6,-0.03686066358310306,0.12222222222222223,0.8115942028985508,0.4972129319955407,0.11071924781436508,0.5418249619195787,0.8,0.4738796788215982,0.375,0.30769230769230765,0.1931438127090301,0.48337235521003324,0.5722941698738245,0.8,0.4180302952741464,0.2833333333333333,0.23244147157190634,0.1254180602006689,0.07035354872332256,12.446492336377862,1.0,0.2295263454344642,0.15999999999999998,0.5431438127090301,0.5070234113712375,5.548500315646201,0.33507838553561436,0.7404522419220358,16718.4,0.1598839882850375,0.6729162784612397,131.8,0.4861833797749415,0.6934284904528171,299.2
77,lewm_success_ald_fail,ald_tf,0,factor,predictor_raw,5,12.0,300.0,0.4753333333333334,0.9866666666666667,3.1220219771647115,0.0,0.0,0.022563961148262025,0.369009907492026,0.7575473939916069,13.155311197186359,1.0,-0.08875494172157469,0.12,0.7351170568561873,0.4374581939799331,4.968047986720336,0.056678866499933124,0.6,0.2725507063610159,0.15555555555555556,0.4303232998885173,0.8350055741360088,0.5464504571338503,0.5418249619195787,0.8,0.3966312048641777,0.2833333333333333,0.4122073578595317,0.4197324414715719,0.7505753242770603,0.5722941698738245,0.8,0.44456780540121765,0.18333333333333335,0.4322742474916388,0.5668896321070234,0.6430812818967442,12.446492336377862,1.0,0.05094758830653674,0.12,0.6448160535117057,0.4080267558528428,4.8105374321584815,0.12981162658089077,0.5875547729384258,16718.4,0.36222213330876346,0.6623124631046005,131.8,0.25850370495653,0.581150656628502,299.2
77,lewm_success_ald_fail,ald_tf,0,factor,encoder_factor_head_diagnostic_only,5,12.0,300.0,0.4753333333333334,0.9866666666666667,3.1220219771647115,0.0,0.0,0.022563961148262025,0.369009907492026,0.7575473939916069,13.155311197186359,1.0,0.942374083055304,0.8133333333333332,0.007357859531772576,0.012709030100334449,0.17203282143052806,0.056678866499933124,0.6,-0.10004109667721689,0.0,0.6343366778149387,0.8272017837235227,0.37155500472112096,0.5418249619195787,0.8,-0.42334111010561537,0.03333333333333333,0.4180602006688964,0.5790133779264214,1.0503819352825015,0.5722941698738245,0.8,-0.399647018265712,0.049999999999999996,0.5451505016722408,0.5748327759197325,0.831007413829765,12.446492336377862,1.0,0.9632340120474605,0.8066666666666666,0.008695652173913045,0.005351170568561873,0.16486317241508983,0.9449579803091496,0.9653107548387876,16718.4,0.3254548486829565,0.6323961202940226,131.8,0.3216552941453031,0.5987112125252873,299.2
77,lewm_success_ald_fail,ald_tf,0,lewm,encoder_raw,5,12.0,300.0,0.4753333333333334,0.9866666666666667,3.1220219771647115,0.0,0.0,0.05206734016537666,0.7601364823519503,0.5155812712939645,13.155311197186359,1.0,0.2129167099492207,0.18,0.6120401337792643,0.474247491638796,5.329613245658895,0.056678866499933124,0.6,-0.1115406278270533,0.07777777777777778,0.6956521739130435,0.8182831661092531,0.3096336189937154,0.5418249619195787,0.8,0.37710385324493134,0.3833333333333333,0.2809364548494983,0.23244147157190637,0.5134749315334406,0.5722941698738245,0.8,0.2841803735485262,0.21666666666666667,0.2265886287625418,0.4849498327759197,0.29648102210472815,12.446492336377862,1.0,0.34615192636425113,0.22000000000000003,0.4849498327759198,0.4421404682274247,4.894822483263428,0.4126366650111931,0.7959845694994229,16718.4,0.1014943222025186,0.606240909893543,131.8,0.4785077185933362,0.7082729109227807,299.2
77,lewm_success_ald_fail,ald_tf,0,lewm,predictor_raw,5,12.0,300.0,0.4753333333333334,0.9866666666666667,3.1220219771647115,0.0,0.0,0.05206734016537666,0.7601364823519503,0.5155812712939645,13.155311197186359,1.0,-0.2535273503038923,0.12666666666666665,0.748494983277592,0.5177257525083612,6.494032927773299,0.056678866499933124,0.6,0.29457961642135017,0.05555555555555556,0.5172798216276477,0.641025641025641,0.4025856915820191,0.5418249619195787,0.8,0.5007589759258645,0.15,0.5209030100334447,0.35158862876254177,0.4855250334360288,0.5722941698738245,0.8,0.5995646464944508,0.13333333333333333,0.5677257525083612,0.35994983277591974,0.28942352712896596,12.446492336377862,1.0,-0.12421462460694006,0.12666666666666665,0.6602006688963211,0.4862876254180602,6.05359616939722,-0.06670816997054896,0.5488187172516759,16718.4,0.3886161662863052,0.637623055402137,131.8,0.30374133540130394,0.6530646405755007,299.2
77,lewm_success_ald_fail,ald_tf,0,ald_tf,encoder_raw,5,12.0,300.0,0.4753333333333334,0.9866666666666667,3.1220219771647115,0.0,0.0,0.05112137775868177,0.7915010636182936,0.6100377482193069,13.155311197186359,1.0,0.2129167099492207,0.18,0.6120401337792643,0.474247491638796,5.329613245658895,0.056678866499933124,0.6,-0.1115406278270533,0.07777777777777778,0.6956521739130435,0.8182831661092531,0.3096336189937154,0.5418249619195787,0.8,0.37710385324493134,0.3833333333333333,0.2809364548494983,0.23244147157190637,0.5134749315334406,0.5722941698738245,0.8,0.2841803735485262,0.21666666666666667,0.2265886287625418,0.4849498327759197,0.29648102210472815,12.446492336377862,1.0,0.34615192636425113,0.22000000000000003,0.4849498327759198,0.4421404682274247,4.894822483263428,0.4126366650111931,0.7959845694994229,16718.4,0.1014943222025186,0.606240909893543,131.8,0.4785077185933362,0.7082729109227807,299.2
77,lewm_success_ald_fail,ald_tf,0,ald_tf,predictor_raw,5,12.0,300.0,0.4753333333333334,0.9866666666666667,3.1220219771647115,0.0,0.0,0.05112137775868177,0.7915010636182936,0.6100377482193069,13.155311197186359,1.0,0.13056216180179778,0.13999999999999999,0.7070234113712374,0.3177257525083612,4.446860258712309,0.056678866499933124,0.6,0.34609547798838564,0.17777777777777778,0.5083612040133779,0.3221850613154961,0.079448695328192,0.5418249619195787,0.8,0.2631602831310121,0.14166666666666666,0.3779264214046823,0.6417224080267558,1.1305438147802707,0.5722941698738245,0.8,0.2712657052205581,0.09166666666666667,0.6028428093645485,0.6107859531772575,0.6920895612828375,12.446492336377862,1.0,0.2591219902443361,0.13999999999999999,0.6327759197324415,0.28762541806020064,4.328556327659328,0.3519978648029565,0.7593893279977028,16718.4,0.3991078827998647,0.610340867492107,131.8,0.3055588427439202,0.5761996876245356,299.2
77,lewm_success_ald_fail,ald_tf,1,factor,encoder_raw,5,12.0,300.0,1.0,4.452,9.536538716081546,0.008666666666666666,0.008666666666666666,0.09492281675338746,1.1030789706630812,0.4269055433949266,7.635764958415353,1.0,0.38614144601606687,0.2733333333333333,0.25685618729096993,0.09096989966555184,1.4530345400568143,0.3427242225089721,1.0,0.35855927288080974,0.15999999999999998,0.708361204013378,0.31839464882943147,0.30114731834563446,1.418077739021763,1.0,0.742073134145935,0.5066666666666666,0.24414715719063546,0.03745819397993311,0.9082388950912905,1.859572128428137,1.0,0.7554634162601805,0.52,0.2060200668896321,0.04013377926421405,0.2182903474359814,8.415322095647666,1.0,0.6700968677429748,0.47333333333333333,0.05752508361204013,0.028762541806020066,0.9174789270310539,0.31879024770678244,0.7860670694344578,2078.0,0.33351535350491046,0.6173774476849354,530.4,0.7032261883486577,0.7972369152642894,361.2
77,lewm_success_ald_fail,ald_tf,1,factor,predictor_raw,5,12.0,300.0,1.0,4.452,9.536538716081546,0.008666666666666666,0.008666666666666666,0.09492281675338746,1.1030789706630812,0.4269055433949266,7.635764958415353,1.0,0.2576625962510694,0.09333333333333334,0.5839464882943144,0.28227424749163876,2.8775291784641857,0.3427242225089721,1.0,0.34294443271591907,0.26,0.19063545150501673,0.3632107023411371,0.9090957768883425,1.418077739021763,1.0,0.21081780908676762,0.12666666666666665,0.5464882943143813,0.4769230769230769,2.6243697342607897,1.859572128428137,1.0,0.21765655173946374,0.12,0.4414715719063545,0.5324414715719064,2.542369645148188,8.415322095647666,1.0,0.30650011666796295,0.14666666666666667,0.4434782608695652,0.3003344481605351,4.666052863150632,0.40934818378695814,0.7069803250763927,2078.0,0.4089160038962955,0.6512519574826868,530.4,0.016705298897978872,0.4492630315901593,361.2
77,lewm_success_ald_fail,ald_tf,1,factor,encoder_factor_head_diagnostic_only,5,12.0,300.0,1.0,4.452,9.536538716081546,0.008666666666666666,0.008666666666666666,0.09492281675338746,1.1030789706630812,0.4269055433949266,7.635764958415353,1.0,0.803617284636496,0.6133333333333334,0.13846153846153847,0.011371237458193979,0.27092281660681006,0.3427242225089721,1.0,0.1475979955332837,0.08666666666666667,0.6662207357859533,0.3625418060200669,0.3145197063801895,1.418077739021763,1.0,0.40462342914921273,0.33999999999999997,0.33043478260869563,0.09498327759197325,1.1732813919862672,1.859572128428137,1.0,0.39788646540517114,0.40666666666666673,0.2180602006688963,0.07290969899665552,0.4967052323655129,8.415322095647666,1.0,0.9785975399726663,0.8866666666666667,0.004013377926421405,0.0006688963210702341,0.013782088510581113,0.7137091599565222,0.8961173534413985,2078.0,0.47502382046512687,0.6472516646526432,530.4,0.5669881648531675,0.7021629572101483,361.2
77,lewm_success_ald_fail,ald_tf,1,lewm,encoder_raw,5,12.0,300.0,1.0,4.452,9.536538716081546,0.008666666666666666,0.008666666666666666,0.09301932193338872,1.1783355306316459,0.45709903443371597,7.635764958415353,1.0,0.5005845842731586,0.3066666666666667,0.2655518394648829,0.11505016722408026,1.7391620899534903,0.3427242225089721,1.0,0.2877367081856465,0.12666666666666665,0.6073578595317726,0.18862876254180602,0.13600168342298508,1.418077739021763,1.0,0.6225274503050034,0.5066666666666666,0.29096989966555187,0.06488294314381271,1.0932402840419437,1.859572128428137,1.0,0.6169279214213491,0.4600000000000001,0.23010033444816055,0.047491638795986627,0.2381461014639851,8.415322095647666,1.0,0.7514103934488161,0.5,0.06153846153846153,0.034782608695652174,1.2234622309557335,0.43724841094500555,0.830685455721615,2078.0,0.35220823655418665,0.5918071771356965,530.4,0.5933991392309483,0.7255245459975935,361.2
77,lewm_success_ald_fail,ald_tf,1,lewm,predictor_raw,5,12.0,300.0,1.0,4.452,9.536538716081546,0.008666666666666666,0.008666666666666666,0.09301932193338872,1.1783355306316459,0.45709903443371597,7.635764958415353,1.0,0.16919867998533317,0.06,0.622742474916388,0.368561872909699,3.165586200840039,0.3427242225089721,1.0,0.2755518616873521,0.2066666666666667,0.2809364548494983,0.22474916387959865,0.10757059137877349,1.418077739021763,1.0,-0.03194737719307992,0.07333333333333333,0.559866220735786,0.3103678929765886,1.718732999907869,1.859572128428137,1.0,0.012883254258380671,0.10666666666666666,0.6127090301003345,0.27759197324414714,0.8352077252856989,8.415322095647666,1.0,0.3175195279947555,0.13333333333333333,0.5752508361204013,0.26153846153846155,3.2469479656639955,0.288638504425506,0.6736736200514064,2078.0,0.449804939471979,0.6327012856742542,530.4,-0.06017314716007142,0.4130573275359536,361.2
77,lewm_success_ald_fail,ald_tf,1,ald_tf,encoder_raw,5,12.0,300.0,1.0,4.452,9.536538716081546,0.008666666666666666,0.008666666666666666,0.06627249941229821,0.8189724973765589,0.6641822242469361,7.635764958415353,1.0,0.5005845842731586,0.3066666666666667,0.2655518394648829,0.11505016722408026,1.7391620899534903,0.3427242225089721,1.0,0.2877367081856465,0.12666666666666665,0.6073578595317726,0.18862876254180602,0.13600168342298508,1.418077739021763,1.0,0.6225274503050034,0.5066666666666666,0.29096989966555187,0.06488294314381271,1.0932402840419437,1.859572128428137,1.0,0.6169279214213491,0.4600000000000001,0.23010033444816055,0.047491638795986627,0.2381461014639851,8.415322095647666,1.0,0.7514103934488161,0.5,0.06153846153846153,0.034782608695652174,1.2234622309557335,0.43724841094500555,0.830685455721615,2078.0,0.35220823655418665,0.5918071771356965,530.4,0.5933991392309483,0.7255245459975935,361.2
77,lewm_success_ald_fail,ald_tf,1,ald_tf,predictor_raw,5,12.0,300.0,1.0,4.452,9.536538716081546,0.008666666666666666,0.008666666666666666,0.06627249941229821,0.8189724973765589,0.6641822242469361,7.635764958415353,1.0,0.27230693674374157,0.04666666666666666,0.5832775919732441,0.31170568561872913,3.6147314264729347,0.3427242225089721,1.0,0.40405213391259903,0.2,0.33444816053511706,0.043478260869565216,0.07988590399953974,1.418077739021763,1.0,0.22164984055378395,0.1,0.5926421404682274,0.35451505016722407,1.762041908471002,1.859572128428137,1.0,0.28697172190802117,0.12666666666666665,0.559866220735786,0.29698996655518395,0.8508319464695978,8.415322095647666,1.0,0.4672313247924976,0.15333333333333335,0.49297658862876254,0.22006688963210702,3.711717412480791,0.3395817021101486,0.7347982447809182,2078.0,0.48157124550609387,0.6450275898015393,530.4,0.10431457643846423,0.44263183542082085,361.2
92,lewm_fail_ald_success,lewm,0,factor,encoder_raw,5,12.0,300.0,0.6566666666666666,4.111333333333333,55.050003254921954,0.16066666666666668,0.12,0.18059189356863498,1.964298306171345,0.28016455182299993,30.253654670869917,1.0,0.4134701544061121,0.3466666666666667,0.23143812709030098,0.1899665551839465,37.91510881697933,1.3644862225413061,0.6,0.2431501940479498,0.16666666666666666,0.31549609810479373,0.36789297658862874,0.42601158503290737,2.364215788872126,0.6,0.9174177066879378,0.4666666666666666,0.19175027870680048,0.04013377926421405,0.02237467726769363,3.446546219074423,0.6,0.9055962437615629,0.5777777777777777,0.022296544035674475,0.06911928651059086,0.41251217715690847,33.49267633141491,1.0,0.5180022496006261,0.45999999999999996,0.010702341137123745,0.15585284280936454,38.39572636894695,0.15587694492267026,0.5859962247807904,12830.4,0.23406232820571607,0.6937581629368651,407.0,0.8896487342601019,0.9759650689925202,421.8
92,lewm_fail_ald_success,lewm,0,factor,predictor_raw,5,12.0,300.0,0.6566666666666666,4.111333333333333,55.050003254921954,0.16066666666666668,0.12,0.18059189356863498,1.964298306171345,0.28016455182299993,30.253654670869917,1.0,0.4879464882943143,0.3,0.19732441471571907,0.21070234113712374,0.8455755134869612,1.3644862225413061,0.6,0.37984727382711897,0.17777777777777778,0.3979933110367893,0.3132664437012263,0.38869664536247567,2.364215788872126,0.6,-0.16116438672134772,0.0,0.7424749163879598,0.5830546265328874,2.822214049543115,3.446546219074423,0.6,0.15855814418261863,0.022222222222222223,0.6220735785953178,0.4503901895206243,3.1750366097618983,33.49267633141491,1.0,0.41757948421649127,0.2666666666666667,0.2729096989966555,0.24749163879598662,7.088138839663787,0.5735369082612077,0.6917792244693903,12830.4,-0.05935720488232243,0.5433815850007561,407.0,-0.4809268864534675,0.2672774917881506,421.8
92,lewm_fail_ald_success,lewm,0,factor,encoder_factor_head_diagnostic_only,5,12.0,300.0,0.6566666666666666,4.111333333333333,55.050003254921954,0.16066666666666668,0.12,0.18059189356863498,1.964298306171345,0.28016455182299993,30.253654670869917,1.0,0.8393374517726189,0.5399999999999999,0.05150501672240802,0.31237458193979933,81.91612069198379,1.3644862225413061,0.6,0.5669709170972518,0.19999999999999998,0.20958751393534003,0.42697881828316614,0.3498502103867362,2.364215788872126,0.6,0.6815444841642019,0.3222222222222222,0.49275362318840576,0.13489409141583056,0.18717574932854122,3.446546219074423,0.6,0.9082378303784623,0.4444444444444445,0.08249721293199554,0.13600891861761424,0.5011518745715849,33.49267633141491,1.0,0.9147384673617601,0.64,0.033444816053511704,0.27959866220735785,81.56595893599865,0.5714481385164925,0.7417379694274452,12830.4,0.5556478610142627,0.8167026237093623,407.0,0.6366640213397478,0.8590478334006401,421.8
92,lewm_fail_ald_success,lewm,0,lewm,encoder_raw,5,12.0,300.0,0.6566666666666666,4.111333333333333,55.050003254921954,0.16066666666666668,0.12,0.11841877177357674,1.576595418568249,0.42127155949047773,30.253654670869917,1.0,0.6117242685860749,0.37333333333333335,0.1277591973244147,0.1250836120401338,9.370931491058943,1.3644862225413061,0.6,0.32142766021513136,0.20000000000000004,0.2898550724637681,0.42697881828316614,0.3498502103867362,2.364215788872126,0.6,0.8542713727479501,0.3888888888888889,0.2664437012263099,0.13489409141583056,0.18717574932854122,3.446546219074423,0.6,0.9127877319551289,0.5666666666666667,0.033444816053511704,0.13600891861761424,0.5011518745715849,33.49267633141491,1.0,0.7085821450376038,0.48666666666666664,0.01605351170568562,0.08494983277591973,9.90473286147537,0.3388324026848343,0.6548132295372063,12830.4,0.2814368605992383,0.7344187336564058,407.0,0.7981764876608056,0.9253565476542716,421.8
92,lewm_fail_ald_success,lewm,0,lewm,predictor_raw,5,12.0,300.0,0.6566666666666666,4.111333333333333,55.050003254921954,0.16066666666666668,0.12,0.11841877177357674,1.576595418568249,0.42127155949047773,30.253654670869917,1.0,0.6023370926343625,0.3333333333333333,0.24949832775919734,0.2682274247491639,4.357061194852948,1.3644862225413061,0.6,0.403934064785048,0.13333333333333333,0.2853957636566332,0.37235228539576365,1.3368338005715368,2.364215788872126,0.6,-0.0023266214015962524,0.044444444444444446,0.6309921962095876,0.6075808249721293,2.663852005566787,3.446546219074423,0.6,0.3000306816097381,0.09999999999999999,0.5228539576365664,0.48940914158305465,3.9648117209946308,33.49267633141491,1.0,0.5374953055033945,0.3266666666666667,0.26421404682274247,0.2829431438127091,7.945893213114639,0.6262575837932458,0.7271478383169413,12830.4,-0.026742180434157447,0.4871836244759596,407.0,-0.416674158351031,0.34349586924829717,421.8
92,lewm_fail_ald_success,lewm,0,ald_tf,encoder_raw,5,12.0,300.0,0.6566666666666666,4.111333333333333,55.050003254921954,0.16066666666666668,0.12,0.0382110245525837,0.7275131705056385,0.870241489276985,30.253654670869917,1.0,0.6117242685860749,0.37333333333333335,0.1277591973244147,0.1250836120401338,9.370931491058943,1.3644862225413061,0.6,0.32142766021513136,0.20000000000000004,0.2898550724637681,0.42697881828316614,0.3498502103867362,2.364215788872126,0.6,0.8542713727479501,0.3888888888888889,0.2664437012263099,0.13489409141583056,0.18717574932854122,3.446546219074423,0.6,0.9127877319551289,0.5666666666666667,0.033444816053511704,0.13600891861761424,0.5011518745715849,33.49267633141491,1.0,0.7085821450376038,0.48666666666666664,0.01605351170568562,0.08494983277591973,9.90473286147537,0.3388324026848343,0.6548132295372063,12830.4,0.2814368605992383,0.7344187336564058,407.0,0.7981764876608056,0.9253565476542716,421.8
92,lewm_fail_ald_success,lewm,0,ald_tf,predictor_raw,5,12.0,300.0,0.6566666666666666,4.111333333333333,55.050003254921954,0.16066666666666668,0.12,0.0382110245525837,0.7275131705056385,0.870241489276985,30.253654670869917,1.0,0.7060597562195137,0.37333333333333335,0.08896321070234113,0.1471571906354515,2.909464012018732,1.3644862225413061,0.6,0.34718676460875725,0.18888888888888888,0.29208472686733555,0.5150501672240803,0.6909065907053128,2.364215788872126,0.6,0.8115623017749701,0.4222222222222222,0.22073578595317725,0.0379041248606466,0.01814538719513143,3.446546219074423,0.6,0.8894005082052084,0.4777777777777778,0.07246376811594203,0.16610925306577481,0.6731778927567517,33.49267633141491,1.0,0.7918491538794875,0.45999999999999996,0.04147157190635452,0.10234113712374582,3.546480993346262,0.3800207499526641,0.5943628535338382,12830.4,0.3190538641408349,0.6890278126796218,407.0,0.7660110573294935,0.8723457995534726,421.8
92,lewm_fail_ald_success,lewm,1,factor,encoder_raw,5,12.0,300.0,1.0,3.126666666666667,12.600194167490425,0.9166666666666666,0.06,0.044483772665262225,1.2525136724590993,0.8844694963872346,6.902691517074773,1.0,0.8422450238934168,0.26666666666666666,0.17458193979933112,0.1551839464882943,1.5253593311455707,1.585790816146067,1.0,-0.05646967651172892,0.06666666666666667,0.5207357859531772,0.7638795986622073,1.0881152227497863,0.32001169945646707,1.0,0.3882500713876193,0.20666666666666664,0.3879598662207358,0.12173913043478261,0.2496075842194771,1.3368221307775934,1.0,0.2283085336467076,0.19333333333333333,0.5826086956521739,0.6762541806020066,0.5710323850730129,8.174774206759071,1.0,0.8705937846003398,0.3466666666666666,0.17658862876254183,0.16722408026755853,1.898924366024032,0.8817266446842794,0.9337416935381793,9949.4,0.4307366347529376,0.8162543443268389,127.2,0.5526773267790528,0.7583325174355797,209.8
92,lewm_fail_ald_success,lewm,1,factor,predictor_raw,5,12.0,300.0,1.0,3.126666666666667,12.600194167490425,0.9166666666666666,0.06,0.044483772665262225,1.2525136724590993,0.8844694963872346,6.902691517074773,1.0,0.8579105101167791,0.3133333333333333,0.13177257525083613,0.19331103678929767,1.8327501680157554,1.585790816146067,1.0,-0.10140672674140824,0.07333333333333333,0.5030100334448161,0.6555183946488293,1.1093413536561796,0.32001169945646707,1.0,0.29758552872809696,0.15333333333333332,0.4100334448160535,0.43545150501672236,0.8150906317012085,1.3368221307775934,1.0,0.08956348403871155,0.13333333333333336,0.6622073578595318,0.6789297658862876,1.1577415634611372,8.174774206759071,1.0,0.8668173646373848,0.3666666666666667,0.1591973244147157,0.23010033444816055,2.7930243812823408,0.8674687718526684,0.9243427628757047,9949.4,0.017686836754357897,0.5703749007801606,127.2,0.21299262586505702,0.6145540023057496,209.8
92,lewm_fail_ald_success,lewm,1,factor,encoder_factor_head_diagnostic_only,5,12.0,300.0,1.0,3.126666666666667,12.600194167490425,0.9166666666666666,0.06,0.044483772665262225,1.2525136724590993,0.8844694963872346,6.902691517074773,1.0,0.7694462125123557,0.47333333333333333,0.059531772575250844,0.07357859531772575,0.6802713103368696,1.585790816146067,1.0,0.4297631405191808,0.24,0.30334448160535116,0.2327759197324415,0.025507182513623154,0.32001169945646707,1.0,-0.13388003995599182,0.0,0.8929765886287624,0.676923076923077,0.8790503076662108,1.3368221307775934,1.0,0.38135911096080327,0.06666666666666667,0.6822742474916388,0.3785953177257525,0.13786706828358355,8.174774206759071,1.0,0.848576709239531,0.5266666666666666,0.055518394648829426,0.058193979933110374,0.6206710284259012,0.8782094708804525,0.9075386982542935,9949.4,0.6245063287325456,0.8059841817486093,127.2,0.11708681052434149,0.48308869821136824,209.8
92,lewm_fail_ald_success,lewm,1,lewm,encoder_raw,5,12.0,300.0,1.0,3.126666666666667,12.600194167490425,0.9166666666666666,0.06,0.06483318284153938,1.870436284030914,0.5434972528398485,6.902691517074773,1.0,0.8535626839852813,0.5,0.03545150501672241,0.031438127090301,0.260541407017714,1.585790816146067,1.0,0.1975246544452418,0.18,0.4511705685618729,0.2936454849498328,0.11219995102725414,0.32001169945646707,1.0,0.13944460009013,0.006666666666666666,0.6876254180602006,0.5953177257525084,0.8196856985134271,1.3368221307775934,1.0,0.3526101880731448,0.16,0.5906354515050167,0.41471571906354515,0.1651952276444308,8.174774206759071,1.0,0.9214902063967287,0.5800000000000001,0.04280936454849498,0.024080267558528427,0.22826928446759287,0.9024633000964833,0.9265225333793634,9949.4,0.5942683352192587,0.8030839451168529,127.2,0.4162500863465251,0.6763446253878325,209.8
92,lewm_fail_ald_success,lewm,1,lewm,predictor_raw,5,12.0,300.0,1.0,3.126666666666667,12.600194167490425,0.9166666666666666,0.06,0.06483318284153938,1.870436284030914,0.5434972528398485,6.902691517074773,1.0,0.36177059745108275,0.04666666666666667,0.5979933110367893,0.2836120401337793,2.393971508839506,1.585790816146067,1.0,0.24868729652551697,0.18666666666666665,0.4695652173913043,0.38260869565217387,0.1311167789828922,0.32001169945646707,1.0,-0.008275825286947636,0.006666666666666666,0.8608695652173912,0.5217391304347826,0.7381303257178227,1.3368221307775934,1.0,0.4220293114367938,0.2866666666666666,0.5023411371237458,0.2080267558528428,0.10255668280446431,8.174774206759071,1.0,0.46163366259625105,0.07333333333333333,0.5812709030100335,0.24481605351170566,2.2990608414494185,0.37407921096265745,0.7030251678315281,9949.4,0.3462914924781971,0.6841938640588936,127.2,0.16494960091618005,0.6334970251845878,209.8
92,lewm_fail_ald_success,lewm,1,ald_tf,encoder_raw,5,12.0,300.0,1.0,3.126666666666667,12.600194167490425,0.9166666666666666,0.06,0.05212454944849014,1.8226009375682708,0.7788271681494776,6.902691517074773,1.0,0.8535626839852813,0.5,0.03545150501672241,0.031438127090301,0.260541407017714,1.585790816146067,1.0,0.1975246544452418,0.18,0.4511705685618729,0.2936454849498328,0.11219995102725414,0.32001169945646707,1.0,0.13944460009013,0.006666666666666666,0.6876254180602006,0.5953177257525084,0.8196856985134271,1.3368221307775934,1.0,0.3526101880731448,0.16,0.5906354515050167,0.41471571906354515,0.1651952276444308,8.174774206759071,1.0,0.9214902063967287,0.5800000000000001,0.04280936454849498,0.024080267558528427,0.22826928446759287,0.9024633000964833,0.9265225333793634,9949.4,0.5942683352192587,0.8030839451168529,127.2,0.4162500863465251,0.6763446253878325,209.8
92,lewm_fail_ald_success,lewm,1,ald_tf,predictor_raw,5,12.0,300.0,1.0,3.126666666666667,12.600194167490425,0.9166666666666666,0.06,0.05212454944849014,1.8226009375682708,0.7788271681494776,6.902691517074773,1.0,0.671766308514539,0.2666666666666667,0.20936454849498326,0.294314381270903,2.031606350143578,1.585790816146067,1.0,0.39986675407504524,0.18,0.3933110367892977,0.2468227424749164,0.11064579568659502,0.32001169945646707,1.0,-0.09588497649973889,0.0,0.7866220735785954,0.6488294314381271,0.850745993457463,1.3368221307775934,1.0,0.31478980877565305,0.13999999999999999,0.6829431438127089,0.3785953177257525,0.19470136724780746,8.174774206759071,1.0,0.7443901376681963,0.33333333333333337,0.23143812709030104,0.27090301003344486,2.028840367196834,0.7475190959566739,0.8228544878743882,9949.4,0.5470729328422805,0.7172470451901349,127.2,0.20859125488007363,0.5841987710121886,209.8
92,lewm_fail_ald_success,ald_tf,0,factor,encoder_raw,5,12.0,300.0,0.6433333333333333,4.688666666666667,41.962056579210454,0.10466666666666666,0.09066666666666666,0.11416299752891064,1.386574935253694,0.3529822178932547,30.346774594366146,1.0,0.18218140380686978,0.18,0.4662207357859532,0.25016722408026754,38.983036493521894,3.02950968621342,0.6,0.44021617791224016,0.14444444444444446,0.8784838350055741,0.241917502787068,0.8070326462798026,1.0412199301731566,0.6,0.5737926450843926,0.3222222222222222,0.2931995540691193,0.17279821627647715,0.018642158113981053,2.8989366191059722,0.6,0.7295960142131191,0.4222222222222222,0.10367892976588629,0.06800445930880714,0.5561233858538608,32.87445596210531,1.0,0.35004744716340547,0.29333333333333333,0.033444816053511704,0.1625418060200669,37.66045160900983,0.10480298605644452,0.6043544221765076,12988.0,0.16317150856470117,0.5590334630670108,227.4,0.5275276910587591,0.7978167558503803,768.2
92,lewm_fail_ald_success,ald_tf,0,factor,predictor_raw,5,12.0,300.0,0.6433333333333333,4.688666666666667,41.962056579210454,0.10466666666666666,0.09066666666666666,0.11416299752891064,1.386574935253694,0.3529822178932547,30.346774594366146,1.0,0.5453030464837478,0.29999999999999993,0.12040133779264214,0.13645484949832776,1.8439479912860972,3.02950968621342,0.6,0.5053900118082987,0.3222222222222222,0.04124860646599777,0.060200668896321065,0.14988733189276215,1.0412199301731566,0.6,-0.4340206849138894,0.011111111111111112,0.5284280936454849,0.8539576365663323,3.1640510912598665,2.8989366191059722,0.6,0.25670139543302656,0.011111111111111112,0.4057971014492754,0.42920847268673357,3.0443870046127066,32.87445596210531,1.0,0.48719937871798813,0.2533333333333333,0.19063545150501673,0.17725752508361203,4.158635997624308,0.4438609203209339,0.7253928081088211,12988.0,0.1101102437041629,0.4351783290146871,227.4,-0.42995841430092785,0.28222169747386366,768.2
92,lewm_fail_ald_success,ald_tf,0,factor,encoder_factor_head_diagnostic_only,5,12.0,300.0,0.6433333333333333,4.688666666666667,41.962056579210454,0.10466666666666666,0.09066666666666666,0.11416299752891064,1.386574935253694,0.3529822178932547,30.346774594366146,1.0,0.7954639420098727,0.4,0.2247491638795987,0.3003344481605351,83.54394807113961,3.02950968621342,0.6,0.7271713578094922,0.14444444444444446,0.5774804905239688,0.17502787068004458,0.35324958565862374,1.0412199301731566,0.6,0.2792722267897163,0.16666666666666666,0.32441471571906355,0.28428093645484953,0.4213573365215557,2.8989366191059722,0.6,0.8242889407988079,0.27777777777777773,0.3188405797101449,0.08361204013377926,0.5050555036402565,32.87445596210531,1.0,0.8960430151689774,0.5933333333333334,0.09565217391304348,0.24013377926421403,81.29962372793042,0.7098085706162146,0.8260052776522464,12988.0,0.27992480386214297,0.6455440895169188,227.4,0.3996510372412607,0.6809472090706227,768.2
92,lewm_fail_ald_success,ald_tf,0,lewm,encoder_raw,5,12.0,300.0,0.6433333333333333,4.688666666666667,41.962056579210454,0.10466666666666666,0.09066666666666666,0.06287346109747886,0.9137824646241185,0.6365875516342097,30.346774594366146,1.0,0.4305563422907059,0.17333333333333334,0.3431438127090301,0.15585284280936454,10.470295961746281,3.02950968621342,0.6,0.5597737073723507,0.1111111111111111,0.7948717948717948,0.28651059085841696,1.0263771647639177,1.0412199301731566,0.6,0.3814799975305077,0.24444444444444446,0.3232998885172798,0.29988851727982163,0.31555987291045756,2.8989366191059722,0.6,0.7763857481769533,0.39999999999999997,0.1605351170568562,0.14046822742474915,1.0723856191344523,32.87445596210531,1.0,0.5885776539257372,0.3266666666666667,0.05150501672240802,0.07892976588628763,9.457468417202568,0.3083566153099838,0.6591102182615224,12988.0,0.21211683580690285,0.6076298740130089,227.4,0.36407709151020035,0.7309337472326508,768.2
92,lewm_fail_ald_success,ald_tf,0,lewm,predictor_raw,5,12.0,300.0,0.6433333333333333,4.688666666666667,41.962056579210454,0.10466666666666666,0.09066666666666666,0.06287346109747886,0.9137824646241185,0.6365875516342097,30.346774594366146,1.0,0.6809993888820987,0.4333333333333334,0.16387959866220733,0.08896321070234113,4.685108460804403,3.02950968621342,0.6,0.676044654138571,0.38888888888888884,0.3166109253065775,0.04013377926421404,0.06160609328714125,1.0412199301731566,0.6,-0.015071704811533767,0.13333333333333333,0.2987736900780379,0.516164994425864,2.453252162118632,2.8989366191059722,0.6,0.5972047735242444,0.3,0.3946488294314381,0.15942028985507248,2.2453068368658506,32.87445596210531,1.0,0.699918354648385,0.4666666666666666,0.07424749163879599,0.06688963210702341,5.482228508882352,0.5253628379280004,0.761060313329823,12988.0,0.09648408909461252,0.5029392156511568,227.4,-0.10444066234118206,0.4750310156424673,768.2
92,lewm_fail_ald_success,ald_tf,0,ald_tf,encoder_raw,5,12.0,300.0,0.6433333333333333,4.688666666666667,41.962056579210454,0.10466666666666666,0.09066666666666666,0.03664646558463573,0.7288154778495054,0.7623121115654319,30.346774594366146,1.0,0.4305563422907059,0.17333333333333334,0.3431438127090301,0.15585284280936454,10.470295961746281,3.02950968621342,0.6,0.5597737073723507,0.1111111111111111,0.7948717948717948,0.28651059085841696,1.0263771647639177,1.0412199301731566,0.6,0.3814799975305077,0.24444444444444446,0.3232998885172798,0.29988851727982163,0.31555987291045756,2.8989366191059722,0.6,0.7763857481769533,0.39999999999999997,0.1605351170568562,0.14046822742474915,1.0723856191344523,32.87445596210531,1.0,0.5885776539257372,0.3266666666666667,0.05150501672240802,0.07892976588628763,9.457468417202568,0.3083566153099838,0.6591102182615224,12988.0,0.21211683580690285,0.6076298740130089,227.4,0.36407709151020035,0.7309337472326508,768.2
92,lewm_fail_ald_success,ald_tf,0,ald_tf,predictor_raw,5,12.0,300.0,0.6433333333333333,4.688666666666667,41.962056579210454,0.10466666666666666,0.09066666666666666,0.03664646558463573,0.7288154778495054,0.7623121115654319,30.346774594366146,1.0,0.531812486805409,0.19999999999999998,0.3779264214046823,0.20668896321070235,3.886756350836886,3.02950968621342,0.6,0.43116563938337055,0.12222222222222222,0.7692307692307692,0.4102564102564103,1.0155051937089183,1.0412199301731566,0.6,0.46966967062835924,0.3,0.3768115942028986,0.2552954292084727,0.5078680660015525,2.8989366191059722,0.6,0.5960184500675345,0.18888888888888888,0.431438127090301,0.2909698996655518,1.2538218411705482,32.87445596210531,1.0,0.636438360426227,0.3266666666666666,0.11906354515050169,0.1551839464882943,2.982790539514834,0.4762625091056655,0.7049909768754755,12988.0,0.051749548080855724,0.4844238130274024,227.4,0.46802123239180676,0.7448162985070189,768.2
92,lewm_fail_ald_success,ald_tf,1,factor,encoder_raw,5,12.0,300.0,1.0,3.0406666666666666,10.73548850837017,0.3166666666666667,0.086,0.05490701049566269,1.602896834747811,0.8043738416243913,5.7565678373098255,1.0,0.747373726516081,0.54,0.12976588628762542,0.06354515050167224,0.49030097953093366,0.4381791271722599,1.0,0.34216328848692246,0.2866666666666667,0.23612040133779266,0.2749163879598662,0.3660127525715081,0.09478963556476203,1.0,0.160247921584913,0.13999999999999999,0.334448160535117,0.5123745819397992,0.009763882575819813,0.49471868608490566,1.0,0.3974493713920294,0.33999999999999997,0.17591973244147158,0.25083612040133774,0.3493400090504793,6.271877005763558,1.0,0.7951643885285635,0.5666666666666667,0.09030100334448161,0.07357859531772575,0.8140011687044078,0.8473760564372383,0.8848160597665757,5015.2,0.02219420476938432,0.5655847417354399,452.8,0.572510205770197,0.7136179166478949,201.0
92,lewm_fail_ald_success,ald_tf,1,factor,predictor_raw,5,12.0,300.0,1.0,3.0406666666666666,10.73548850837017,0.3166666666666667,0.086,0.05490701049566269,1.602896834747811,0.8043738416243913,5.7565678373098255,1.0,0.7976168624095823,0.4066666666666666,0.1672240802675585,0.048160535117056855,0.27406352373182385,0.4381791271722599,1.0,0.39185564284047597,0.2533333333333333,0.3003344481605351,0.07023411371237458,0.1820601564587205,0.09478963556476203,1.0,0.08146677185302056,0.08666666666666667,0.31839464882943147,0.773913043478261,0.032204797906263447,0.49471868608490566,1.0,0.43065714063489596,0.2733333333333333,0.3204013377926421,0.07491638795986623,0.18782832826813523,6.271877005763558,1.0,0.847071456349515,0.4133333333333334,0.16053511705685616,0.046153846153846156,0.43625203212295405,0.8596901806701587,0.9245357033762979,5015.2,0.09311677570037916,0.4293475421383559,452.8,0.4816580641722511,0.6507710892204437,201.0
92,lewm_fail_ald_success,ald_tf,1,factor,encoder_factor_head_diagnostic_only,5,12.0,300.0,1.0,3.0406666666666666,10.73548850837017,0.3166666666666667,0.086,0.05490701049566269,1.602896834747811,0.8043738416243913,5.7565678373098255,1.0,0.8379320807733217,0.5799999999999998,0.16989966555183947,0.042809364548494974,0.2568467452588178,0.4381791271722599,1.0,0.3718443983125386,0.32,0.2615384615384615,0.15451505016722406,0.27685183005293335,0.09478963556476203,1.0,0.08756947144924235,0.13999999999999999,0.3565217391304348,0.5317725752508361,0.011181217814555503,0.49471868608490566,1.0,0.4111477281362327,0.37333333333333335,0.2220735785953177,0.1237458193979933,0.2615964217706402,6.271877005763558,1.0,0.880445840374521,0.5933333333333334,0.14983277591973243,0.050836120401337795,0.4928033471524528,0.909798387394947,0.9580089412578587,5015.2,0.02918247498481441,0.5693954481988766,452.8,0.608537981031131,0.6685813751669241,201.0
92,lewm_fail_ald_success,ald_tf,1,lewm,encoder_raw,5,12.0,300.0,1.0,3.0406666666666666,10.73548850837017,0.3166666666666667,0.086,0.04036891758441925,1.1731949061688396,0.8695608861288975,5.7565678373098255,1.0,0.6430634543368351,0.42666666666666664,0.13110367892976588,0.09364548494983277,0.7667163410094564,0.4381791271722599,1.0,0.30406426223692523,0.21999999999999997,0.23946488294314378,0.282943143812709,0.39000438108946883,0.09478963556476203,1.0,0.1886880588283493,0.11333333333333333,0.282943143812709,0.5692307692307692,0.0018097124550200989,0.49471868608490566,1.0,0.36177703881279194,0.2866666666666667,0.17859531772575252,0.26287625418060195,0.3653774674476402,6.271877005763558,1.0,0.6926264913326214,0.45999999999999996,0.09966555183946488,0.09096989966555184,1.1064539885800915,0.7534839183674389,0.8180537027759073,5015.2,0.06253171204458449,0.5490705629256182,452.8,0.5054770327401655,0.6849406051122252,201.0
92,lewm_fail_ald_success,ald_tf,1,lewm,predictor_raw,5,12.0,300.0,1.0,3.0406666666666666,10.73548850837017,0.3166666666666667,0.086,0.04036891758441925,1.1731949061688396,0.8695608861288975,5.7565678373098255,1.0,0.5470813778486501,0.18666666666666668,0.3591973244147157,0.14180602006688964,0.7567488422866726,0.4381791271722599,1.0,0.20109340411368226,0.07333333333333333,0.5591973244147157,0.505685618729097,0.3501645752580978,0.09478963556476203,1.0,0.28898189083153897,0.18,0.2682274247491639,0.6421404682274248,0.025973198782869755,0.49471868608490566,1.0,0.2592575630435397,0.08,0.44581939799331105,0.5137123745819399,0.3497011479441188,6.271877005763558,1.0,0.5978570576420419,0.18,0.3652173913043478,0.1431438127090301,1.0808101703537862,0.7353680371567747,0.8484239512405818,5015.2,-0.07171588325997462,0.4028460348305055,452.8,0.6071070105210099,0.6243308437439246,201.0
92,lewm_fail_ald_success,ald_tf,1,ald_tf,encoder_raw,5,12.0,300.0,1.0,3.0406666666666666,10.73548850837017,0.3166666666666667,0.086,0.040816722065210344,1.3738214391393875,0.6565637209642187,5.7565678373098255,1.0,0.6430634543368351,0.42666666666666664,0.13110367892976588,0.09364548494983277,0.7667163410094564,0.4381791271722599,1.0,0.30406426223692523,0.21999999999999997,0.23946488294314378,0.282943143812709,0.39000438108946883,0.09478963556476203,1.0,0.1886880588283493,0.11333333333333333,0.282943143812709,0.5692307692307692,0.0018097124550200989,0.49471868608490566,1.0,0.36177703881279194,0.2866666666666667,0.17859531772575252,0.26287625418060195,0.3653774674476402,6.271877005763558,1.0,0.6926264913326214,0.45999999999999996,0.09966555183946488,0.09096989966555184,1.1064539885800915,0.7534839183674389,0.8180537027759073,5015.2,0.06253171204458449,0.5490705629256182,452.8,0.5054770327401655,0.6849406051122252,201.0
92,lewm_fail_ald_success,ald_tf,1,ald_tf,predictor_raw,5,12.0,300.0,1.0,3.0406666666666666,10.73548850837017,0.3166666666666667,0.086,0.040816722065210344,1.3738214391393875,0.6565637209642187,5.7565678373098255,1.0,0.36094827720308004,0.09333333333333334,0.5143812709030101,0.3344481605351171,2.0165100186004774,0.4381791271722599,1.0,0.11652787253191703,0.06666666666666668,0.6173913043478261,0.568561872909699,0.4600887425667496,0.09478963556476203,1.0,0.3565308947877198,0.15999999999999998,0.3023411371237458,0.5190635451505017,0.014027666917495726,0.49471868608490566,1.0,0.17628089200991123,0.06000000000000001,0.5698996655518395,0.5558528428093645,0.44767978338739667,6.271877005763558,1.0,0.413273391926577,0.09333333333333334,0.47959866220735786,0.32173913043478264,2.438549982110869,0.604349245815847,0.781208435105899,5015.2,-0.06209401955671623,0.4044708875991606,452.8,0.5970693430835701,0.647582748711501,201.0
93,both_fail,lewm,0,factor,encoder_raw,5,12.0,300.0,0.8,6.228666666666667,19.86346113885777,0.012666666666666665,0.005333333333333334,0.18579161390662194,0.9965319516684426,0.5653974697870503,8.030448387731656,1.0,0.6775649033754381,0.26,0.3892976588628762,0.06822742474916388,0.9470964090174707,1.7904317534167888,0.8,0.3799835812181911,0.4333333333333333,0.10953177257525082,0.020903010033444816,0.1882300325307186,0.2324476294062256,0.8,0.06758905979413218,0.049999999999999996,0.5727424749163879,0.4983277591973244,0.08547413636326141,1.5929324119024382,0.8,0.4647302002225784,0.4583333333333333,0.020903010033444816,0.012541806020066888,0.19383709468518306,8.583545195868904,1.0,0.8164579064682871,0.5733333333333333,0.024749163879598662,0.024080267558528427,0.9806617209369062,0.7266598818254474,0.8726532661402958,5586.6,0.5055251859365076,0.7263538872974257,575.8,0.29395668490514043,0.5137641869232284,263.2
93,both_fail,lewm,0,factor,predictor_raw,5,12.0,300.0,0.8,6.228666666666667,19.86346113885777,0.012666666666666665,0.005333333333333334,0.18579161390662194,0.9965319516684426,0.5653974697870503,8.030448387731656,1.0,0.29205693396593296,0.18666666666666665,0.517056856187291,0.15585284280936454,1.1348132426022837,1.7904317534167888,0.8,0.025562201658693336,0.06666666666666667,0.5100334448160535,0.5576923076923077,2.798017586808779,0.2324476294062256,0.8,0.3572370901100447,0.16666666666666666,0.42892976588628756,0.34531772575250835,0.05276562103086199,1.5929324119024382,0.8,0.12427027217125387,0.06666666666666667,0.411371237458194,0.535953177257525,2.770916133630844,8.583545195868904,1.0,0.3750604340048223,0.15999999999999998,0.49565217391304345,0.2702341137123746,3.2474401794549195,0.3440803524477297,0.7433361807763152,5586.6,0.08336160968184575,0.500963596374656,575.8,0.3625113867880651,0.5819943416574341,263.2
93,both_fail,lewm,0,factor,encoder_factor_head_diagnostic_only,5,12.0,300.0,0.8,6.228666666666667,19.86346113885777,0.012666666666666665,0.005333333333333334,0.18579161390662194,0.9965319516684426,0.5653974697870503,8.030448387731656,1.0,0.8349693121100312,0.4600000000000001,0.1551839464882943,0.04414715719063546,0.33062845776467653,1.7904317534167888,0.8,0.4405471650410961,0.375,0.1254180602006689,0.024247491638795984,0.2088845588761766,0.2324476294062256,0.8,-0.015261631935411572,0.041666666666666664,0.5217391304347826,0.5033444816053512,0.08910133111275796,1.5929324119024382,0.8,0.5101386621233753,0.375,0.07274247491638797,0.015050167224080268,0.21811881578013761,8.583545195868904,1.0,0.9535198506527871,0.7466666666666667,0.0026755852842809363,0.005351170568561873,0.3771208639667821,0.9043968507335629,0.937039133876935,5586.6,0.7205269510164554,0.8381790366736763,575.8,0.33068494848765195,0.5850029621401502,263.2
93,both_fail,lewm,0,lewm,encoder_raw,5,12.0,300.0,0.8,6.228666666666667,19.86346113885777,0.012666666666666665,0.005333333333333334,0.24185947552323342,1.085659317400768,0.5713879445821101,8.030448387731656,1.0,0.6655417430474662,0.26,0.31705685618729096,0.13244147157190633,2.51717349977733,1.7904317534167888,0.8,0.5852988615389068,0.5083333333333333,0.034280936454849496,0.01003344481605351,0.06461377559887144,0.2324476294062256,0.8,-0.07252087847056521,0.03333333333333333,0.495819397993311,0.5292642140468227,0.1038493843081716,1.5929324119024382,0.8,0.6148576977512159,0.5333333333333333,0.012541806020066888,0.006688963210702341,0.08859608569824612,8.583545195868904,1.0,0.8471819551486875,0.58,0.018729096989966554,0.050836120401337795,2.212797074915012,0.7705577602546153,0.8798980261201468,5586.6,0.7313503839117855,0.8683919556222098,575.8,0.18397522525254645,0.4450690846748201,263.2
93,both_fail,lewm,0,lewm,predictor_raw,5,12.0,300.0,0.8,6.228666666666667,19.86346113885777,0.012666666666666665,0.005333333333333334,0.24185947552323342,1.085659317400768,0.5713879445821101,8.030448387731656,1.0,0.5213037478194201,0.2333333333333333,0.3538461538461538,0.3036789297658863,1.6407053010377701,1.7904317534167888,0.8,0.1942718970327022,0.06666666666666667,0.6346153846153846,0.3352842809364549,1.8746009857404553,0.2324476294062256,0.8,0.11557940638118055,0.15,0.37709030100334445,0.4013377926421404,0.12203713141276899,1.5929324119024382,0.8,0.22985391356129498,0.075,0.5351170568561873,0.30685618729096986,1.9167710429444276,8.583545195868904,1.0,0.5718386204291159,0.26,0.32173913043478264,0.24615384615384617,3.0407713192444312,0.5625935543393606,0.7722947740476338,5586.6,0.22434411154996137,0.5401805340415364,575.8,0.14240183523958727,0.49754807394380246,263.2
93,both_fail,lewm,0,ald_tf,encoder_raw,5,12.0,300.0,0.8,6.228666666666667,19.86346113885777,0.012666666666666665,0.005333333333333334,0.11159289628267288,0.4627802945075029,0.737099878113514,8.030448387731656,1.0,0.6655417430474662,0.26,0.31705685618729096,0.13244147157190633,2.51717349977733,1.7904317534167888,0.8,0.5852988615389068,0.5083333333333333,0.034280936454849496,0.01003344481605351,0.06461377559887144,0.2324476294062256,0.8,-0.07252087847056521,0.03333333333333333,0.495819397993311,0.5292642140468227,0.1038493843081716,1.5929324119024382,0.8,0.6148576977512159,0.5333333333333333,0.012541806020066888,0.006688963210702341,0.08859608569824612,8.583545195868904,1.0,0.8471819551486875,0.58,0.018729096989966554,0.050836120401337795,2.212797074915012,0.7705577602546153,0.8798980261201468,5586.6,0.7313503839117855,0.8683919556222098,575.8,0.18397522525254645,0.4450690846748201,263.2
93,both_fail,lewm,0,ald_tf,predictor_raw,5,12.0,300.0,0.8,6.228666666666667,19.86346113885777,0.012666666666666665,0.005333333333333334,0.11159289628267288,0.4627802945075029,0.737099878113514,8.030448387731656,1.0,0.743557150635007,0.4,0.07759197324414716,0.094314381270903,0.9101221917887765,1.7904317534167888,0.8,0.24737249937282044,0.16666666666666666,0.2993311036789298,0.42558528428093645,2.3147928938988227,0.2324476294062256,0.8,-0.19742523187062694,0.03333333333333333,0.47324414715719065,0.7658862876254181,0.2731433804534076,1.5929324119024382,0.8,0.20650644699536017,0.175,0.27508361204013376,0.4306020066889632,2.5080692001434333,8.583545195868904,1.0,0.6746558517316859,0.33333333333333337,0.06622073578595318,0.1959866220735786,2.812471581851484,0.7472681593068371,0.8098456637080076,5586.6,0.2858070978363868,0.6065141010516638,575.8,-0.12562554275424076,0.4124992538616239,263.2
93,both_fail,lewm,1,factor,encoder_raw,5,12.0,300.0,0.9940000000000001,6.0793333333333335,20.63509492624499,0.008,0.006,0.048665476590394975,0.5226513393555685,0.7121948466094067,7.1351608398781865,1.0,0.4576863298481094,0.13333333333333333,0.4354515050167224,0.33578595317725746,2.7464484121486636,0.8518201345762201,1.0,0.3975229256372025,0.15333333333333332,0.27959866220735785,0.1725752508361204,1.087462846647962,0.16821779570255585,1.0,0.16757067075735438,0.13333333333333333,0.49230769230769234,0.3565217391304348,0.02426854288226764,0.9326164782388131,1.0,0.4044797836837245,0.16,0.26822742474916383,0.14448160535117055,1.0627804816830067,7.693520480549857,1.0,0.6604305381170902,0.26,0.23411371237458195,0.2327759197324415,2.4300132003149746,0.6348465114090449,0.8402037187093795,1690.8,0.44947494342278305,0.6948419169811796,903.6,0.1230366256601784,0.526525782809606,466.0
93,both_fail,lewm,1,factor,predictor_raw,5,12.0,300.0,0.9940000000000001,6.0793333333333335,20.63509492624499,0.008,0.006,0.048665476590394975,0.5226513393555685,0.7121948466094067,7.1351608398781865,1.0,0.501494105490061,0.15333333333333335,0.4822742474916389,0.25351170568561876,2.2748472713683685,0.8518201345762201,1.0,0.10891380679377385,0.013333333333333332,0.5866220735785953,0.5270903010033445,1.9489434207992287,0.16821779570255585,1.0,0.2152922831305716,0.1,0.45016722408026755,0.6675585284280936,0.10117379830023399,0.9326164782388131,1.0,0.1721147171126792,0.02,0.47892976588628766,0.5505016722408027,2.00116631125224,7.693520480549857,1.0,0.5676701296681074,0.2066666666666667,0.38060200668896327,0.4046822742474917,2.8967978891039126,0.45305949842272664,0.8120908151379206,1690.8,0.10918470209922453,0.5296599904587949,903.6,0.21354067334668506,0.5696250228018676,466.0
93,both_fail,lewm,1,factor,encoder_factor_head_diagnostic_only,5,12.0,300.0,0.9940000000000001,6.0793333333333335,20.63509492624499,0.008,0.006,0.048665476590394975,0.5226513393555685,0.7121948466094067,7.1351608398781865,1.0,0.8387709196768853,0.49333333333333335,0.27759197324414714,0.11839464882943145,0.5738012124547958,0.8518201345762201,1.0,0.1811133005353705,0.08,0.4635451505016722,0.17591973244147158,1.0601959163829535,0.16821779570255585,1.0,0.10641958023795724,0.11333333333333333,0.5558528428093645,0.57123745819398,0.08567662536733263,0.9326164782388131,1.0,0.2200595162647528,0.1,0.4923076923076922,0.168561872909699,1.0969216339030636,7.693520480549857,1.0,0.9633904376715297,0.6866666666666668,0.016722408026755852,0.045484949832775914,0.2915071528411636,0.8939446851268829,0.9567876527799317,1690.8,0.4877805164858594,0.7152105782000261,903.6,0.09668439463560283,0.4434966465191792,466.0
93,both_fail,lewm,1,lewm,encoder_raw,5,12.0,300.0,0.9940000000000001,6.0793333333333335,20.63509492624499,0.008,0.006,0.07900316789746284,0.8382749147965767,0.6492634807053412,7.1351608398781865,1.0,0.38115979066434075,0.10666666666666666,0.4374581939799331,0.38528428093645484,2.9185872093229093,0.8518201345762201,1.0,0.5126082790919743,0.19333333333333333,0.1919732441471572,0.07491638795986622,0.7503268699780423,0.16821779570255585,1.0,0.08674445107268916,0.12,0.45618729096989974,0.505685618729097,0.05911911248052363,0.9326164782388131,1.0,0.4702654218482927,0.21333333333333332,0.2160535117056856,0.06555183946488294,0.7604950746113432,7.693520480549857,1.0,0.5886095623284703,0.18666666666666665,0.26421404682274247,0.24013377926421406,2.2998665904175573,0.6264497509996466,0.8687023680341609,1690.8,0.558139155038697,0.7592069370001219,903.6,-0.019000014366103903,0.4350660809036128,466.0
93,both_fail,lewm,1,lewm,predictor_raw,5,12.0,300.0,0.9940000000000001,6.0793333333333335,20.63509492624499,0.008,0.006,0.07900316789746284,0.8382749147965767,0.6492634807053412,7.1351608398781865,1.0,0.308276847520528,0.07999999999999999,0.5785953177257526,0.32441471571906355,2.6837501105340937,0.8518201345762201,1.0,0.2414683706859754,0.06,0.4153846153846154,0.4434782608695652,1.4723611426098857,0.16821779570255585,1.0,0.2959461104368054,0.13333333333333336,0.3832775919732442,0.5217391304347826,0.0423484983022408,0.9326164782388131,1.0,0.30160447789429484,0.08666666666666667,0.3364548494983278,0.4120401337792642,1.4657587330649038,7.693520480549857,1.0,0.43600946677185304,0.14666666666666667,0.4976588628762542,0.26153846153846155,2.7702931500823023,0.3530807614945154,0.7365230188462009,1690.8,0.2185997659708573,0.5565697005049384,903.6,0.2551001020237452,0.5896105308574302,466.0
93,both_fail,lewm,1,ald_tf,encoder_raw,5,12.0,300.0,0.9940000000000001,6.0793333333333335,20.63509492624499,0.008,0.006,0.05903718397021294,0.605873417881751,0.6729101434460383,7.1351608398781865,1.0,0.38115979066434075,0.10666666666666666,0.4374581939799331,0.38528428093645484,2.9185872093229093,0.8518201345762201,1.0,0.5126082790919743,0.19333333333333333,0.1919732441471572,0.07491638795986622,0.7503268699780423,0.16821779570255585,1.0,0.08674445107268916,0.12,0.45618729096989974,0.505685618729097,0.05911911248052363,0.9326164782388131,1.0,0.4702654218482927,0.21333333333333332,0.2160535117056856,0.06555183946488294,0.7604950746113432,7.693520480549857,1.0,0.5886095623284703,0.18666666666666665,0.26421404682274247,0.24013377926421406,2.2998665904175573,0.6264497509996466,0.8687023680341609,1690.8,0.558139155038697,0.7592069370001219,903.6,-0.019000014366103903,0.4350660809036128,466.0
93,both_fail,lewm,1,ald_tf,predictor_raw,5,12.0,300.0,0.9940000000000001,6.0793333333333335,20.63509492624499,0.008,0.006,0.05903718397021294,0.605873417881751,0.6729101434460383,7.1351608398781865,1.0,0.45291863242924923,0.09333333333333332,0.614715719063545,0.3250836120401338,2.3522918657192085,0.8518201345762201,1.0,0.19314089563260745,0.04666666666666667,0.554515050167224,0.6133779264214047,1.7503148628462395,0.16821779570255585,1.0,0.12824540582392027,0.09333333333333332,0.5357859531772575,0.6167224080267559,0.07594254239695665,0.9326164782388131,1.0,0.20067031119261594,0.06,0.4662207357859532,0.6053511705685619,1.7773064973959738,7.693520480549857,1.0,0.5440305781175346,0.13999999999999999,0.4628762541806021,0.35585284280936447,2.7503826695984865,0.4256288850486315,0.8031835475472452,1690.8,0.1760510514967014,0.5495258537355275,903.6,0.09669053924547709,0.5275883383525487,466.0
93,both_fail,ald_tf,0,factor,encoder_raw,5,12.0,300.0,0.8193333333333335,7.723333333333334,25.290256047933173,0.028666666666666667,0.012,0.19233111515641213,0.6877558885187586,0.7503877030118639,8.983362087289155,1.0,0.30504298646525024,0.18666666666666665,0.38260869565217387,0.2648829431438127,1.9581798613581092,1.982047717484169,0.8,0.5013554113687976,0.3666666666666667,0.30685618729096986,0.07107023411371238,0.1786193717438576,0.5500398366297423,0.8,0.40819145395082335,0.125,0.44732441471571904,0.1806020066889632,0.022233941134379234,2.3525832611348294,0.8,0.6871478774146854,0.4083333333333333,0.15133779264214048,0.030100334448160536,0.15003991979673334,10.415888426736398,1.0,0.7874727844113754,0.4266666666666666,0.07424749163879599,0.03678929765886288,1.4498114535716977,0.5197650309910222,0.8131566055409774,5690.6,0.5308813334781722,0.8010730937677294,494.6,0.46250931133486295,0.6835759913420123,408.2
93,both_fail,ald_tf,0,factor,predictor_raw,5,12.0,300.0,0.8193333333333335,7.723333333333334,25.290256047933173,0.028666666666666667,0.012,0.19233111515641213,0.6877558885187586,0.7503877030118639,8.983362087289155,1.0,0.19812424582495358,0.13999999999999999,0.4160535117056856,0.29163879598662207,1.4457625043481617,1.982047717484169,0.8,0.3430059937267289,0.20833333333333331,0.2725752508361204,0.5025083612040134,2.7015224150574433,0.5500398366297423,0.8,0.17117625339596904,0.125,0.6020066889632107,0.3787625418060201,0.1031740019986303,2.3525832611348294,0.8,0.4287174935320309,0.175,0.1714046822742475,0.38795986622073575,2.7538830239745704,10.415888426736398,1.0,0.5590359003988933,0.1733333333333333,0.4274247491638796,0.2414715719063545,3.037866973680692,0.253871754703329,0.6688793276759853,5690.6,0.2968463470303079,0.6488584211329096,494.6,0.0581735809155703,0.46447441560717295,408.2
93,both_fail,ald_tf,0,factor,encoder_factor_head_diagnostic_only,5,12.0,300.0,0.8193333333333335,7.723333333333334,25.290256047933173,0.028666666666666667,0.012,0.19233111515641213,0.6877558885187586,0.7503877030118639,8.983362087289155,1.0,0.5971461362969667,0.4,0.31237458193979933,0.21471571906354514,1.0325636890453203,1.982047717484169,0.8,0.5076265534070069,0.25833333333333336,0.27591973244147155,0.09364548494983277,0.30877534963007164,0.5500398366297423,0.8,0.2619937811793152,0.15833333333333335,0.4264214046822743,0.274247491638796,0.07221742450406957,2.3525832611348294,0.8,0.6314954881832393,0.2833333333333333,0.23996655518394652,0.06521739130434782,0.33017938105263767,10.415888426736398,1.0,0.9662745701496706,0.7533333333333332,0.010702341137123744,0.012709030100334449,0.6618085676703386,0.8530486361169316,0.9396155384634518,5690.6,0.7025560722738075,0.8964868244007709,494.6,0.5273470925262798,0.7375436795663208,408.2
93,both_fail,ald_tf,0,lewm,encoder_raw,5,12.0,300.0,0.8193333333333335,7.723333333333334,25.290256047933173,0.028666666666666667,0.012,0.2276106096804142,0.8462667015534178,0.4780804189429362,8.983362087289155,1.0,0.3081194605776609,0.15999999999999998,0.3879598662207358,0.325752508361204,3.516081056973591,1.982047717484169,0.8,0.6338732981433542,0.44166666666666665,0.17391304347826086,0.06020066889632107,0.14986808434083917,0.5500398366297423,0.8,0.2617259237312894,0.09999999999999999,0.4891304347826087,0.12792642140468227,0.015179017483210756,2.3525832611348294,0.8,0.6805131569516324,0.4583333333333333,0.10033444816053512,0.023411371237458192,0.11423370874254646,10.415888426736398,1.0,0.791174310619304,0.42666666666666664,0.033444816053511704,0.06688963210702341,2.7253187507516254,0.5490747781100443,0.8233064398572104,5690.6,0.6580688044836265,0.8952599302455923,494.6,0.3429235758997876,0.5932355765287459,408.2
93,both_fail,ald_tf,0,lewm,predictor_raw,5,12.0,300.0,0.8193333333333335,7.723333333333334,25.290256047933173,0.028666666666666667,0.012,0.2276106096804142,0.8462667015534178,0.4780804189429362,8.983362087289155,1.0,0.6629899443327149,0.32,0.22274247491638793,0.23478260869565215,0.9588750591449022,1.982047717484169,0.8,0.0665469888452371,0.03333333333333333,0.5652173913043479,0.560200668896321,2.8962208595256542,0.5500398366297423,0.8,-0.1362052713386088,0.09166666666666667,0.3311036789297659,0.5501672240802675,0.33368143397808836,2.3525832611348294,0.8,-0.009629341481347677,0.05,0.39548494983277593,0.5794314381270903,3.179088900422239,10.415888426736398,1.0,0.5638596873298592,0.24666666666666667,0.20535117056856186,0.28160535117056856,2.861899383538726,0.6675168223082115,0.8124172204768056,5690.6,0.14967766127224627,0.5407216890187577,494.6,-0.10682419734656104,0.43586175454030424,408.2
93,both_fail,ald_tf,0,ald_tf,encoder_raw,5,12.0,300.0,0.8193333333333335,7.723333333333334,25.290256047933173,0.028666666666666667,0.012,0.18537480682134627,0.6907722280637371,0.6390240328263441,8.983362087289155,1.0,0.3081194605776609,0.15999999999999998,0.3879598662207358,0.325752508361204,3.516081056973591,1.982047717484169,0.8,0.6338732981433542,0.44166666666666665,0.17391304347826086,0.06020066889632107,0.14986808434083917,0.5500398366297423,0.8,0.2617259237312894,0.09999999999999999,0.4891304347826087,0.12792642140468227,0.015179017483210756,2.3525832611348294,0.8,0.6805131569516324,0.4583333333333333,0.10033444816053512,0.023411371237458192,0.11423370874254646,10.415888426736398,1.0,0.791174310619304,0.42666666666666664,0.033444816053511704,0.06688963210702341,2.7253187507516254,0.5490747781100443,0.8233064398572104,5690.6,0.6580688044836265,0.8952599302455923,494.6,0.3429235758997876,0.5932355765287459,408.2
93,both_fail,ald_tf,0,ald_tf,predictor_raw,5,12.0,300.0,0.8193333333333335,7.723333333333334,25.290256047933173,0.028666666666666667,0.012,0.18537480682134627,0.6907722280637371,0.6390240328263441,8.983362087289155,1.0,0.5483301814464604,0.18,0.345819397993311,0.11505016722408028,1.0850674958237232,1.982047717484169,0.8,0.26312548331077606,0.09166666666666666,0.43645484949832775,0.32608695652173914,1.199892479407894,0.5500398366297423,0.8,-0.13711936661898189,0.05,0.3988294314381271,0.49414715719063546,0.15686670104518607,2.3525832611348294,0.8,0.12469791614511903,0.10833333333333334,0.1605351170568562,0.3035117056856187,1.3059457873715763,10.415888426736398,1.0,0.6079017766864077,0.2866666666666667,0.26086956521739124,0.09565217391304348,1.518822175873858,0.6079601598324016,0.811551837182112,5690.6,0.3263869724426088,0.6547898153856617,494.6,-0.12342755649939138,0.46034325814524196,408.2
93,both_fail,ald_tf,1,factor,encoder_raw,5,12.0,300.0,0.42600000000000005,1.7853333333333332,2.0887862933194556,0.0006666666666666668,0.0006666666666666668,0.04451206177473068,0.6870113024312751,0.7761917131081754,5.394202230421071,1.0,0.5287111912174973,0.24,0.27157190635451506,0.13846153846153847,0.4625393778017801,0.07824430199291835,0.4,0.42975787967827017,0.23333333333333334,0.8411371237458194,0.38628762541806017,0.025351580522711636,0.03788031257030197,1.0,0.2197811451472235,0.17333333333333334,0.34448160535117056,0.13043478260869565,0.036634849612116285,0.1359356993142883,0.8,0.3370750191733942,0.25,0.4230769230769231,0.061036789297658864,0.04104396260070581,5.545368350360502,1.0,0.558689989912007,0.26666666666666666,0.10367892976588629,0.09632107023411371,0.4310854508277176,0.5407436371779483,0.6792444295141126,14455.4,0.534383393418142,0.7587932900432901,56.2,0.010312988476579101,0.5488818252226668,296.8
93,both_fail,ald_tf,1,factor,predictor_raw,5,12.0,300.0,0.42600000000000005,1.7853333333333332,2.0887862933194556,0.0006666666666666668,0.0006666666666666668,0.04451206177473068,0.6870113024312751,0.7761917131081754,5.394202230421071,1.0,0.396514716830187,0.16666666666666666,0.38193979933110367,0.36053511705685615,1.131249503164965,0.07824430199291835,0.4,0.4717401617783642,0.06666666666666667,0.8478260869565217,0.47157190635451507,0.03852218346985087,0.03788031257030197,1.0,-0.017934630551187235,0.026666666666666665,0.6220735785953178,0.5498327759197326,0.12164629887326903,0.1359356993142883,0.8,0.08129726308993623,0.03333333333333333,0.6546822742474917,0.47491638795986624,0.14218678133496465,5.545368350360502,1.0,0.40687047633862594,0.15999999999999998,0.32173913043478264,0.3558528428093646,1.196705247816991,0.5109536496091005,0.7017672813352126,14455.4,0.5295449255979221,0.7623917748917749,56.2,-0.18554319219371207,0.5242230863560088,296.8
93,both_fail,ald_tf,1,factor,encoder_factor_head_diagnostic_only,5,12.0,300.0,0.42600000000000005,1.7853333333333332,2.0887862933194556,0.0006666666666666668,0.0006666666666666668,0.04451206177473068,0.6870113024312751,0.7761917131081754,5.394202230421071,1.0,0.8876834684438577,0.5066666666666666,0.04013377926421404,0.06421404682274248,0.15802677345694244,0.07824430199291835,0.4,0.1138706943688069,0.13333333333333333,0.8043478260869565,0.6153846153846154,0.0400395671661789,0.03788031257030197,1.0,0.2959069132927422,0.16666666666666666,0.2662207357859532,0.19063545150501673,0.060524550596804436,0.1359356993142883,0.8,0.2571113472264784,0.2,0.5234113712374582,0.12959866220735786,0.07670276441909285,5.545368350360502,1.0,0.8913031050183807,0.5266666666666666,0.06956521739130435,0.049498327759197325,0.15985241349157753,0.8744510690275561,0.9017722908301675,14455.4,0.2858155916771516,0.5441558441558441,56.2,-0.006605975840694375,0.50709145475668,296.8
93,both_fail,ald_tf,1,lewm,encoder_raw,5,12.0,300.0,0.42600000000000005,1.7853333333333332,2.0887862933194556,0.0006666666666666668,0.0006666666666666668,0.050141919404268265,1.0574025158224223,0.662872568062155,5.394202230421071,1.0,0.5678232454392551,0.2733333333333333,0.22006688963210702,0.24816053511705682,0.6752204704265184,0.07824430199291835,0.4,0.4840673583765172,0.13333333333333333,0.842809364548495,0.33444816053511706,0.025061137794781196,0.03788031257030197,1.0,0.11719303313189691,0.026666666666666665,0.49297658862876254,0.6,0.1284613719115929,0.1359356993142883,0.8,0.23701577346498404,0.058333333333333334,0.532608695652174,0.5209030100334449,0.14397509979533463,5.545368350360502,1.0,0.5874595800849675,0.2733333333333333,0.22943143812709027,0.24214046822742477,0.7421068698468403,0.6432159301804861,0.7671272978619316,14455.4,0.6033889784656485,0.8090097402597403,56.2,-0.12874984305908813,0.521108977668775,296.8
93,both_fail,ald_tf,1,lewm,predictor_raw,5,12.0,300.0,0.42600000000000005,1.7853333333333332,2.0887862933194556,0.0006666666666666668,0.0006666666666666668,0.050141919404268265,1.0574025158224223,0.662872568062155,5.394202230421071,1.0,0.6459158879543105,0.3866666666666667,0.21471571906354514,0.1879598662207358,0.4864909480045176,0.07824430199291835,0.4,0.4165239701448471,0.16666666666666669,0.8110367892976589,0.6588628762541806,0.06257529398022404,0.03788031257030197,1.0,0.13056682051934115,0.04,0.531103678929766,0.4782608695652174,0.10781967275016002,0.1359356993142883,0.8,0.1911525503934903,0.08333333333333334,0.6421404682274248,0.4013377926421405,0.13693005393626495,5.545368350360502,1.0,0.6542463805153391,0.3733333333333333,0.28829431438127096,0.19063545150501673,0.5477413107375834,0.7119226964676283,0.8272611659084397,14455.4,0.5354325919946569,0.7443452380952381,56.2,-0.1462280422683287,0.5543436168839551,296.8
93,both_fail,ald_tf,1,ald_tf,encoder_raw,5,12.0,300.0,0.42600000000000005,1.7853333333333332,2.0887862933194556,0.0006666666666666668,0.0006666666666666668,0.03789106570184231,0.7918337399197476,0.8115242499308305,5.394202230421071,1.0,0.5678232454392551,0.2733333333333333,0.22006688963210702,0.24816053511705682,0.6752204704265184,0.07824430199291835,0.4,0.4840673583765172,0.13333333333333333,0.842809364548495,0.33444816053511706,0.025061137794781196,0.03788031257030197,1.0,0.11719303313189691,0.026666666666666665,0.49297658862876254,0.6,0.1284613719115929,0.1359356993142883,0.8,0.23701577346498404,0.058333333333333334,0.532608695652174,0.5209030100334449,0.14397509979533463,5.545368350360502,1.0,0.5874595800849675,0.2733333333333333,0.22943143812709027,0.24214046822742477,0.7421068698468403,0.6432159301804861,0.7671272978619316,14455.4,0.6033889784656485,0.8090097402597403,56.2,-0.12874984305908813,0.521108977668775,296.8
93,both_fail,ald_tf,1,ald_tf,predictor_raw,5,12.0,300.0,0.42600000000000005,1.7853333333333332,2.0887862933194556,0.0006666666666666668,0.0006666666666666668,0.03789106570184231,0.7918337399197476,0.8115242499308305,5.394202230421071,1.0,0.6877167079634219,0.45999999999999996,0.18795986622073577,0.09030100334448161,0.22026675322269335,0.07824430199291835,0.4,0.40113261668945144,0.2,0.8461538461538461,0.5752508361204014,0.24728777063971846,0.03788031257030197,1.0,0.0987883300245488,0.05333333333333333,0.5317725752508362,0.4461538461538462,0.0960981258255558,0.1359356993142883,0.8,0.13744879154333794,0.08333333333333333,0.7324414715719063,0.6061872909698998,0.23429281472291003,5.545368350360502,1.0,0.689387748752764,0.45999999999999996,0.21672240802675585,0.10167224080267559,0.34372076892397585,0.7850112316597053,0.8625918376497396,14455.4,0.5304535683857674,0.7196158008658009,56.2,-0.225099595643124,0.49999596618045694,296.8
99,both_success,lewm,0,factor,encoder_raw,5,12.0,300.0,1.0,17.919333333333334,78.46854292399107,0.30133333333333334,0.2246666666666667,0.06841746065765619,0.20268253357330482,0.91849064989611,9.656404177983386,1.0,0.6122390693229924,0.38666666666666666,0.125752508361204,0.05418060200668896,1.0174470153364878,4.167839559258679,1.0,0.5373186813186812,0.29333333333333333,0.2060200668896321,0.13712374581939799,0.7970640357870468,1.6298143645483396,1.0,0.649792908810098,0.3133333333333333,0.44214046822742475,0.2020066889632107,0.1492498419112777,5.2925311544301135,1.0,0.6857425526950299,0.4333333333333333,0.07892976588628761,0.08561872909698996,0.9078536694211683,14.184432733948091,1.0,0.7038920876898633,0.4666666666666668,0.05484949832775919,0.059531772575250844,1.7224120012018802,0.44516711462633934,0.741926610732445,1114.6,-0.06719849094854008,0.5773310272025698,591.6,0.4168585488276161,0.7419477427659281,739.8
99,both_success,lewm,0,factor,predictor_raw,5,12.0,300.0,1.0,17.919333333333334,78.46854292399107,0.30133333333333334,0.2246666666666667,0.06841746065765619,0.20268253357330482,0.91849064989611,9.656404177983386,1.0,0.5708779875331949,0.35333333333333333,0.09498327759197325,0.10301003344481607,1.0961197789996437,4.167839559258679,1.0,0.4939540217113523,0.28,0.1745819397993311,0.1919732441471572,0.8397992046713473,1.6298143645483396,1.0,0.5098518872431915,0.26666666666666666,0.5143812709030101,0.2561872909698997,0.23364408377002724,5.2925311544301135,1.0,0.6148166979633107,0.38666666666666666,0.12040133779264214,0.14648829431438126,1.0349830801642184,14.184432733948091,1.0,0.641772553028367,0.42000000000000004,0.11170568561872911,0.10635451505016724,1.9282141756080862,0.43051782466760713,0.6847266541219313,1114.6,-0.05930711298311031,0.5903111651897573,591.6,0.29597105960713155,0.6522085605106552,739.8
99,both_success,lewm,0,factor,encoder_factor_head_diagnostic_only,5,12.0,300.0,1.0,17.919333333333334,78.46854292399107,0.30133333333333334,0.2246666666666667,0.06841746065765619,0.20268253357330482,0.91849064989611,9.656404177983386,1.0,0.8645145834953721,0.56,0.08160535117056857,0.05150501672240802,0.368944736021377,4.167839559258679,1.0,0.7721058233980378,0.3733333333333334,0.15183946488294314,0.12575250836120402,0.0739494247285136,1.6298143645483396,1.0,0.5542595806620074,0.26666666666666666,0.45418060200668897,0.20066889632107024,0.048437943797865785,5.2925311544301135,1.0,0.8237749308325647,0.47333333333333333,0.11638795986622075,0.0822742474916388,0.08392716024922328,14.184432733948091,1.0,0.9236700852231692,0.6133333333333334,0.0862876254180602,0.056187290969899675,0.24998321271482443,0.7206868462725635,0.8627116143268653,1114.6,0.3889099010443401,0.6734042860285521,591.6,0.214593051883,0.6318361192373884,739.8
99,both_success,lewm,0,lewm,encoder_raw,5,12.0,300.0,1.0,17.919333333333334,78.46854292399107,0.30133333333333334,0.2246666666666667,0.0732529565691948,0.22509433089813574,0.9092805920065778,9.656404177983386,1.0,0.623796797742197,0.3933333333333333,0.1117056856187291,0.05016722408026756,0.06835589754290151,4.167839559258679,1.0,0.5229919443549372,0.29333333333333333,0.20869565217391303,0.12842809364548496,0.17840936981737499,1.6298143645483396,1.0,0.6070126112512362,0.29333333333333333,0.46220735785953176,0.20133779264214047,0.1116590006737663,5.2925311544301135,1.0,0.6630782119801331,0.42000000000000004,0.07157190635451505,0.08294314381270904,0.25160816221398524,14.184432733948091,1.0,0.7067747863865155,0.47333333333333344,0.058193979933110374,0.055518394648829426,0.117075376201111,0.47082910563472813,0.7529173139197297,1114.6,-0.10055629931401651,0.5714813847119841,591.6,0.3836340339053658,0.7237825657584533,739.8
99,both_success,lewm,0,lewm,predictor_raw,5,12.0,300.0,1.0,17.919333333333334,78.46854292399107,0.30133333333333334,0.2246666666666667,0.0732529565691948,0.22509433089813574,0.9092805920065778,9.656404177983386,1.0,0.5730137445971623,0.32,0.11438127090301005,0.1250836120401338,1.1837863091976097,4.167839559258679,1.0,0.4259748663874044,0.22000000000000003,0.3110367892976589,0.24414715719063543,0.902732370843054,1.6298143645483396,1.0,0.5749518105756731,0.24,0.5244147157190635,0.1939799331103679,0.15470286731097166,5.2925311544301135,1.0,0.5715749730552562,0.34,0.16120401337792642,0.16856187290969898,1.0189750298768696,14.184432733948091,1.0,0.6266244736052624,0.39333333333333337,0.10702341137123746,0.1250836120401338,1.9998726555187034,0.4648133168349521,0.7238834754819389,1114.6,-0.1442829739117386,0.5189621651343211,591.6,0.3387455966061571,0.7180437723292359,739.8
99,both_success,lewm,0,ald_tf,encoder_raw,5,12.0,300.0,1.0,17.919333333333334,78.46854292399107,0.30133333333333334,0.2246666666666667,0.05935344956815243,0.1872491508157601,0.908576939743775,9.656404177983386,1.0,0.623796797742197,0.3933333333333333,0.1117056856187291,0.05016722408026756,0.06835589754290151,4.167839559258679,1.0,0.5229919443549372,0.29333333333333333,0.20869565217391303,0.12842809364548496,0.17840936981737499,1.6298143645483396,1.0,0.6070126112512362,0.29333333333333333,0.46220735785953176,0.20133779264214047,0.1116590006737663,5.2925311544301135,1.0,0.6630782119801331,0.42000000000000004,0.07157190635451505,0.08294314381270904,0.25160816221398524,14.184432733948091,1.0,0.7067747863865155,0.47333333333333344,0.058193979933110374,0.055518394648829426,0.117075376201111,0.47082910563472813,0.7529173139197297,1114.6,-0.10055629931401651,0.5714813847119841,591.6,0.3836340339053658,0.7237825657584533,739.8
99,both_success,lewm,0,ald_tf,predictor_raw,5,12.0,300.0,1.0,17.919333333333334,78.46854292399107,0.30133333333333334,0.2246666666666667,0.05935344956815243,0.1872491508157601,0.908576939743775,9.656404177983386,1.0,0.6297799753330593,0.3733333333333333,0.12307692307692308,0.10367892976588629,1.1029969393042083,4.167839559258679,1.0,0.43792228802542243,0.23333333333333334,0.31304347826086953,0.22943143812709027,0.8854548923025408,1.6298143645483396,1.0,0.6496212624584717,0.30000000000000004,0.4240802675585284,0.15585284280936454,0.1412896958363452,5.2925311544301135,1.0,0.6022812697918866,0.3933333333333333,0.09565217391304348,0.1471571906354515,0.98828437986173,14.184432733948091,1.0,0.6691630795897731,0.4533333333333333,0.06421404682274248,0.11036789297658862,1.8883926356101621,0.5156346370268533,0.7504405079527032,1114.6,-0.19784525819379037,0.5158345773139836,591.6,0.42301643462140104,0.788591301413604,739.8
99,both_success,lewm,1,factor,encoder_raw,5,12.0,300.0,1.0,2.880666666666667,11.25056138888728,0.8913333333333334,0.14666666666666667,0.08653696477413178,0.8988510497503845,0.755105945091244,5.644551109370384,1.0,0.7550562149730429,0.5266666666666666,0.2755852842809364,0.053511705685618735,0.3060288651348234,0.580795419418773,1.0,0.4066767023786618,0.2666666666666667,0.29698996655518395,0.39264214046822743,0.12421485808250148,0.0709309623205627,1.0,0.3764378681635393,0.28,0.20334448160535118,0.37658862876254184,0.009532602262370533,0.6688239178570733,1.0,0.42103757352891946,0.28,0.1551839464882943,0.38461538461538464,0.12880250003211863,6.269009050655949,1.0,0.8240838710114206,0.6,0.09632107023411371,0.04682274247491639,0.38835973735348667,0.803987516757221,0.9038254686567211,2555.2,0.0370065464366065,0.6444673433959711,129.8,0.32734457561538693,0.6149631719533206,163.6
99,both_success,lewm,1,factor,predictor_raw,5,12.0,300.0,1.0,2.880666666666667,11.25056138888728,0.8913333333333334,0.14666666666666667,0.08653696477413178,0.8988510497503845,0.755105945091244,5.644551109370384,1.0,0.5930830342559362,0.2733333333333333,0.5765886287625418,0.179933110367893,1.0781100060971869,0.580795419418773,1.0,0.3422993588817654,0.12,0.640133779264214,0.6662207357859533,0.16471863527806613,0.0709309623205627,1.0,0.35486545406060066,0.16666666666666666,0.5150501672240803,0.6943143812709031,0.04542393646017999,0.6688239178570733,1.0,0.35884860942899366,0.11333333333333333,0.48561872909699,0.6695652173913043,0.2051976114254927,6.269009050655949,1.0,0.6666080289780998,0.33333333333333337,0.44214046822742475,0.16187290969899665,1.236835989709224,0.6505445220173026,0.8484241914584227,2555.2,-0.003204558778685329,0.47758234604502264,129.8,0.3367010484998166,0.583471394258978,163.6
99,both_success,lewm,1,factor,encoder_factor_head_diagnostic_only,5,12.0,300.0,1.0,2.880666666666667,11.25056138888728,0.8913333333333334,0.14666666666666667,0.08653696477413178,0.8988510497503845,0.755105945091244,5.644551109370384,1.0,0.9163477234510381,0.6199999999999999,0.1712374581939799,0.044816053511705686,0.2723892970819183,0.580795419418773,1.0,0.3698416194869578,0.3333333333333333,0.2762541806020067,0.17324414715719064,0.0973505849573394,0.0709309623205627,1.0,0.2799241662178956,0.3066666666666667,0.25217391304347825,0.13043478260869562,0.004198065366962956,0.6688239178570733,1.0,0.37008193330858336,0.33999999999999997,0.23879598662207355,0.16053511705685616,0.096603690011549,6.269009050655949,1.0,0.9610539092622998,0.7066666666666667,0.08428093645484949,0.03210702341137124,0.32252135928001185,0.9434843185361507,0.9767328339404828,2555.2,0.09331062951728647,0.6024991827394575,129.8,0.2959548482356359,0.6688527962417414,163.6
99,both_success,lewm,1,lewm,encoder_raw,5,12.0,300.0,1.0,2.880666666666667,11.25056138888728,0.8913333333333334,0.14666666666666667,0.11534439921379089,1.1848053510482566,0.6376669059768332,5.644551109370384,1.0,0.7662447587054885,0.5666666666666667,0.28561872909698993,0.048160535117056855,0.27955051178841794,0.580795419418773,1.0,0.4278234292529864,0.2866666666666667,0.29698996655518395,0.3103678929765886,0.12233888097874371,0.0709309623205627,1.0,0.39311374709717084,0.3,0.21137123745819397,0.294314381270903,0.009314449611296752,0.6688239178570733,1.0,0.4430731110251781,0.2866666666666667,0.16588628762541807,0.3023411371237458,0.1267083702772871,6.269009050655949,1.0,0.8404878951478487,0.6333333333333334,0.10434782608695652,0.042140468227424746,0.3597872542522496,0.8245970265991922,0.9297747914788281,2555.2,0.028471039378831664,0.6324267565465387,129.8,0.37086512840695235,0.6269435132325925,163.6
99,both_success,lewm,1,lewm,predictor_raw,5,12.0,300.0,1.0,2.880666666666667,11.25056138888728,0.8913333333333334,0.14666666666666667,0.11534439921379089,1.1848053510482566,0.6376669059768332,5.644551109370384,1.0,0.36059449549439443,0.16666666666666669,0.6167224080267559,0.2702341137123746,1.7882624818200352,0.580795419418773,1.0,0.27522714696829964,0.08666666666666666,0.6581939799331105,0.41471571906354515,0.12657335422334293,0.0709309623205627,1.0,0.311552972810809,0.1,0.6214046822742475,0.3665551839464883,0.007244413456325198,0.6688239178570733,1.0,0.29862891809909003,0.1,0.577257525083612,0.40267558528428093,0.12887280736691475,6.269009050655949,1.0,0.4411739685996511,0.22000000000000003,0.47090301003344487,0.2468227424749164,1.8706636613734944,0.43447923174350367,0.7553857796874075,2555.2,0.03320579240838918,0.4676342561801806,129.8,0.2895914503960657,0.648100224689411,163.6
99,both_success,lewm,1,ald_tf,encoder_raw,5,12.0,300.0,1.0,2.880666666666667,11.25056138888728,0.8913333333333334,0.14666666666666667,0.04968526363372803,0.40926376510455703,0.909239518985629,5.644551109370384,1.0,0.7662447587054885,0.5666666666666667,0.28561872909698993,0.048160535117056855,0.27955051178841794,0.580795419418773,1.0,0.4278234292529864,0.2866666666666667,0.29698996655518395,0.3103678929765886,0.12233888097874371,0.0709309623205627,1.0,0.39311374709717084,0.3,0.21137123745819397,0.294314381270903,0.009314449611296752,0.6688239178570733,1.0,0.4430731110251781,0.2866666666666667,0.16588628762541807,0.3023411371237458,0.1267083702772871,6.269009050655949,1.0,0.8404878951478487,0.6333333333333334,0.10434782608695652,0.042140468227424746,0.3597872542522496,0.8245970265991922,0.9297747914788281,2555.2,0.028471039378831664,0.6324267565465387,129.8,0.37086512840695235,0.6269435132325925,163.6
99,both_success,lewm,1,ald_tf,predictor_raw,5,12.0,300.0,1.0,2.880666666666667,11.25056138888728,0.8913333333333334,0.14666666666666667,0.04968526363372803,0.40926376510455703,0.909239518985629,5.644551109370384,1.0,0.6334084600940011,0.3,0.3678929765886288,0.15117056856187291,0.8547537518406727,0.580795419418773,1.0,0.3695194835498172,0.13999999999999999,0.4013377926421405,0.4193979933110367,0.12489299818052516,0.0709309623205627,1.0,0.36446111623462485,0.16666666666666666,0.34448160535117056,0.3745819397993311,0.007120211848414581,0.6688239178570733,1.0,0.38613797931088123,0.13999999999999999,0.2528428093645485,0.4080267558528428,0.1270682497161864,6.269009050655949,1.0,0.7045323614706831,0.37333333333333335,0.2080267558528428,0.13043478260869565,0.9353503737434036,0.6785164708370024,0.8333489850381003,2555.2,0.03920154086394796,0.620720823798627,129.8,0.295900081233559,0.5989746124100692,163.6
99,both_success,ald_tf,0,factor,encoder_raw,5,12.0,300.0,1.0,18.468,80.77847284017923,0.39399999999999996,0.2906666666666667,0.06333526708185673,0.18380018901382017,0.9071276791964354,9.615691029922678,1.0,0.5219599328881432,0.35333333333333333,0.32173913043478264,0.10836120401337794,1.0907970512663874,4.206007337135893,1.0,0.465777530861454,0.25999999999999995,0.23812709030100332,0.21137123745819397,0.8284819287941871,1.5921009662899868,1.0,0.6892767252969477,0.33999999999999997,0.20334448160535118,0.15919732441471574,0.13623061458440883,5.218368645147482,1.0,0.6353971044122713,0.39333333333333337,0.08160535117056857,0.13645484949832776,0.9340639526229921,14.020015870169962,1.0,0.6310203446704964,0.42666666666666664,0.09364548494983277,0.10568561872909701,1.8161347122507756,0.2747345656564602,0.6377395788793241,1176.6,0.08702719263491394,0.6345207510735372,603.2,0.5935364075043074,0.8692560609747236,807.0
99,both_success,ald_tf,0,factor,predictor_raw,5,12.0,300.0,1.0,18.468,80.77847284017923,0.39399999999999996,0.2906666666666667,0.06333526708185673,0.18380018901382017,0.9071276791964354,9.615691029922678,1.0,0.4813172590806564,0.31999999999999995,0.3585284280936455,0.1625418060200669,1.1602732763063492,4.206007337135893,1.0,0.44799653329481437,0.29333333333333333,0.30836120401337797,0.2020066889632107,0.8664564483304588,1.5921009662899868,1.0,0.5604521828020312,0.26,0.2695652173913044,0.2602006688963211,0.15115269472462511,5.218368645147482,1.0,0.5853843709374548,0.35333333333333333,0.11705685618729098,0.14381270903010032,0.9869605522994801,14.020015870169962,1.0,0.5746345626062512,0.3733333333333333,0.10501672240802676,0.13578595317725753,1.9385075369672253,0.23513692306913944,0.5949413200712039,1176.6,0.10963703374617366,0.6402314015223062,603.2,0.4886761602388668,0.7899290894786697,807.0
99,both_success,ald_tf,0,factor,encoder_factor_head_diagnostic_only,5,12.0,300.0,1.0,18.468,80.77847284017923,0.39399999999999996,0.2906666666666667,0.06333526708185673,0.18380018901382017,0.9071276791964354,9.615691029922678,1.0,0.7793882154246158,0.4800000000000001,0.16254180602006688,0.1250836120401338,0.41926296417156494,4.206007337135893,1.0,0.6615389059878444,0.3533333333333334,0.12240802675585286,0.18060200668896323,0.07826134532808009,1.5921009662899868,1.0,0.5831271903021145,0.31333333333333335,0.22408026755852842,0.16856187290969898,0.035793138101557646,5.218368645147482,1.0,0.7426411404571162,0.44666666666666666,0.12642140468227425,0.12173913043478261,0.08340589267403396,14.020015870169962,1.0,0.8431048344981612,0.56,0.10969899665551838,0.10903010033444818,0.2939425652069948,0.6176240134552805,0.7758011367342275,1176.6,0.44193613040823143,0.7171185556433597,603.2,0.37537295519711333,0.7461772025018771,807.0
99,both_success,ald_tf,0,lewm,encoder_raw,5,12.0,300.0,1.0,18.468,80.77847284017923,0.39399999999999996,0.2906666666666667,0.06490907482802868,0.18680347106074208,0.9173930377004188,9.615691029922678,1.0,0.533822286914299,0.38,0.3244147157190635,0.10434782608695654,0.14170593347280103,4.206007337135893,1.0,0.4462004244491606,0.28666666666666674,0.262876254180602,0.20267558528428092,0.2098272628245153,1.5921009662899868,1.0,0.6547522528028089,0.31333333333333335,0.188628762541806,0.15852842809364548,0.09863977334689746,5.218368645147482,1.0,0.6105463394037712,0.42666666666666664,0.08093645484949832,0.13377926421404682,0.27781844541580897,14.020015870169962,1.0,0.6321623129145879,0.4533333333333333,0.07759197324414716,0.10167224080267559,0.210798087250006,0.3046621731857523,0.6664617876541341,1176.6,0.039473690344310426,0.6082200058057876,603.2,0.5648400559377484,0.8576779602198684,807.0
99,both_success,ald_tf,0,lewm,predictor_raw,5,12.0,300.0,1.0,18.468,80.77847284017923,0.39399999999999996,0.2906666666666667,0.06490907482802868,0.18680347106074208,0.9173930377004188,9.615691029922678,1.0,0.5913898598873321,0.3666666666666667,0.26956521739130435,0.12642140468227425,1.1126529196323562,4.206007337135893,1.0,0.4342061578461983,0.2533333333333333,0.2809364548494983,0.21471571906354514,0.8302462273431764,1.5921009662899868,1.0,0.6565660507338971,0.36,0.262876254180602,0.15852842809364548,0.13747511144363234,5.218368645147482,1.0,0.5969181879798665,0.3733333333333334,0.12642140468227425,0.14046822742474915,0.9370727480312049,14.020015870169962,1.0,0.6569346770519673,0.4133333333333333,0.07759197324414716,0.11839464882943145,1.8409993760249574,0.37338469683458375,0.6879428402107746,1176.6,-0.010549520553200482,0.5544581622224837,603.2,0.5159921106431342,0.8092764146823136,807.0
99,both_success,ald_tf,0,ald_tf,encoder_raw,5,12.0,300.0,1.0,18.468,80.77847284017923,0.39399999999999996,0.2906666666666667,0.05322146825492382,0.16549690216076984,0.8954281714241269,9.615691029922678,1.0,0.533822286914299,0.38,0.3244147157190635,0.10434782608695654,0.14170593347280103,4.206007337135893,1.0,0.4462004244491606,0.28666666666666674,0.262876254180602,0.20267558528428092,0.2098272628245153,1.5921009662899868,1.0,0.6547522528028089,0.31333333333333335,0.188628762541806,0.15852842809364548,0.09863977334689746,5.218368645147482,1.0,0.6105463394037712,0.42666666666666664,0.08093645484949832,0.13377926421404682,0.27781844541580897,14.020015870169962,1.0,0.6321623129145879,0.4533333333333333,0.07759197324414716,0.10167224080267559,0.210798087250006,0.3046621731857523,0.6664617876541341,1176.6,0.039473690344310426,0.6082200058057876,603.2,0.5648400559377484,0.8576779602198684,807.0
99,both_success,ald_tf,0,ald_tf,predictor_raw,5,12.0,300.0,1.0,18.468,80.77847284017923,0.39399999999999996,0.2906666666666667,0.05322146825492382,0.16549690216076984,0.8954281714241269,9.615691029922678,1.0,0.6484591162124024,0.3866666666666666,0.2387959866220736,0.07357859531772575,1.0395436168936187,4.206007337135893,1.0,0.4436796853298371,0.2533333333333333,0.23010033444816055,0.15986622073578594,0.7774629615941353,1.5921009662899868,1.0,0.6947948310536785,0.42000000000000004,0.1672240802675585,0.08361204013377926,0.13750828814831104,5.218368645147482,1.0,0.6196462627362526,0.4133333333333334,0.07224080267558528,0.09632107023411371,0.8843226589868426,14.020015870169962,1.0,0.6972932588139868,0.4533333333333334,0.06688963210702341,0.07357859531772576,1.7151399842418578,0.4523124976898991,0.710509879020946,1176.6,-0.057516526999100336,0.5695882800322483,603.2,0.5705071494108936,0.8489343489128338,807.0
99,both_success,ald_tf,1,factor,encoder_raw,5,12.0,300.0,1.0,3.1526666666666663,12.123649065319299,0.9813333333333333,0.2533333333333333,0.07576434016227722,0.6258224582016272,0.6293676241818191,4.631274833311325,1.0,0.7344889375903721,0.5,0.06622073578595318,0.06220735785953178,0.278214112462727,0.7112910259445407,1.0,0.4405204164964647,0.21333333333333332,0.19999999999999998,0.4769230769230769,0.059742408689751746,0.08506264974439189,1.0,0.22484546635423958,0.11333333333333333,0.6274247491638796,0.19665551839464884,0.0003004042533039814,0.847880450692317,1.0,0.45125671559085534,0.24666666666666665,0.42541806020066897,0.4575250836120402,0.056846177685865765,5.2744821953997745,1.0,0.8232237073016296,0.5399999999999999,0.0688963210702341,0.05351170568561873,0.2580693153556446,0.8320890157179635,0.9127499240261402,4606.0,0.47135344228483395,0.5934816657537181,744.2,0.5796401229875981,0.754294906603269,199.2
99,both_success,ald_tf,1,factor,predictor_raw,5,12.0,300.0,1.0,3.1526666666666663,12.123649065319299,0.9813333333333333,0.2533333333333333,0.07576434016227722,0.6258224582016272,0.6293676241818191,4.631274833311325,1.0,0.3263037144857165,0.15999999999999998,0.3785953177257525,0.27424749163879597,0.8724161880117899,0.7112910259445407,1.0,0.36051449460549556,0.07333333333333333,0.4361204013377926,0.5484949832775919,0.10989635653627183,0.08506264974439189,1.0,0.5060488227646974,0.13999999999999999,0.6862876254180602,0.27224080267558526,0.04485239098017048,0.847880450692317,1.0,0.4011328125868065,0.1,0.5565217391304348,0.5431438127090301,0.15155211225925236,5.2744821953997745,1.0,0.4352335470394116,0.18666666666666665,0.36120401337792646,0.2528428093645485,0.9469773254780941,0.5022839314205924,0.7588830713542355,4606.0,0.3965927405810085,0.5003256902244936,744.2,0.5945731855340306,0.6539720877264432,199.2
99,both_success,ald_tf,1,factor,encoder_factor_head_diagnostic_only,5,12.0,300.0,1.0,3.1526666666666663,12.123649065319299,0.9813333333333333,0.2533333333333333,0.07576434016227722,0.6258224582016272,0.6293676241818191,4.631274833311325,1.0,0.8190549330526172,0.5066666666666666,0.08294314381270902,0.07424749163879599,0.35006866143519677,0.7112910259445407,1.0,0.38787075076652233,0.14666666666666667,0.3585284280936455,0.25953177257525084,0.05478624369779593,0.08506264974439189,1.0,0.17806274948181414,0.07333333333333333,0.7658862876254181,0.4173913043478262,0.00041699863242910363,0.847880450692317,1.0,0.3923169382817419,0.1733333333333333,0.5585284280936454,0.23946488294314383,0.05200660707303506,5.2744821953997745,1.0,0.8904987555882504,0.5466666666666666,0.08963210702341137,0.06354515050167224,0.3250842937152837,0.9112337001749043,0.9583637945265959,4606.0,0.5805038412348302,0.5867429806466793,744.2,0.5902067744230798,0.7981850466606565,199.2
99,both_success,ald_tf,1,lewm,encoder_raw,5,12.0,300.0,1.0,3.1526666666666663,12.123649065319299,0.9813333333333333,0.2533333333333333,0.11467451751232147,0.9394537498165286,0.5668842474908428,4.631274833311325,1.0,0.7303026677994998,0.49333333333333335,0.056856187290969896,0.048160535117056855,0.26784759800977526,0.7112910259445407,1.0,0.46191087715545914,0.22000000000000003,0.19397993311036787,0.5036789297658862,0.07866154360164147,0.08506264974439189,1.0,0.24881089302773077,0.10666666666666666,0.6688963210702341,0.21137123745819397,0.0013868255168053942,0.847880450692317,1.0,0.47491431349965313,0.26,0.43143812709030105,0.48361204013377923,0.0768517338612569,5.2744821953997745,1.0,0.8265326325024127,0.5466666666666666,0.06020066889632107,0.03879598662207358,0.26770835707808394,0.8459093795407157,0.9333422314213429,4606.0,0.5352150719850981,0.5957542743634117,744.2,0.6199726608289173,0.802270522740906,199.2
99,both_success,ald_tf,1,lewm,predictor_raw,5,12.0,300.0,1.0,3.1526666666666663,12.123649065319299,0.9813333333333333,0.2533333333333333,0.11467451751232147,0.9394537498165286,0.5668842474908428,4.631274833311325,1.0,0.2111783464260714,0.10666666666666666,0.4615384615384615,0.325752508361204,1.094061418194331,0.7112910259445407,1.0,0.377719307992311,0.07333333333333333,0.4374581939799331,0.3010033444816054,0.04710046844379149,0.08506264974439189,1.0,0.5602408026755853,0.15333333333333332,0.6903010033444815,0.37123745819397996,0.0016695041179441733,0.847880450692317,1.0,0.42468036311514573,0.08666666666666667,0.5812709030100334,0.2836120401337793,0.04557333730454569,5.2744821953997745,1.0,0.33101052233913714,0.13333333333333336,0.47090301003344476,0.29698996655518395,1.0626437807059284,0.39582861532011937,0.7019473089708674,4606.0,0.4343174037283227,0.53520744307068,744.2,0.5978766083647198,0.7371151351552048,199.2
99,both_success,ald_tf,1,ald_tf,encoder_raw,5,12.0,300.0,1.0,3.1526666666666663,12.123649065319299,0.9813333333333333,0.2533333333333333,0.05472661852836609,0.4110932192800985,0.8676116893823153,4.631274833311325,1.0,0.7303026677994998,0.49333333333333335,0.056856187290969896,0.048160535117056855,0.26784759800977526,0.7112910259445407,1.0,0.46191087715545914,0.22000000000000003,0.19397993311036787,0.5036789297658862,0.07866154360164147,0.08506264974439189,1.0,0.24881089302773077,0.10666666666666666,0.6688963210702341,0.21137123745819397,0.0013868255168053942,0.847880450692317,1.0,0.47491431349965313,0.26,0.43143812709030105,0.48361204013377923,0.0768517338612569,5.2744821953997745,1.0,0.8265326325024127,0.5466666666666666,0.06020066889632107,0.03879598662207358,0.26770835707808394,0.8459093795407157,0.9333422314213429,4606.0,0.5352150719850981,0.5957542743634117,744.2,0.6199726608289173,0.802270522740906,199.2
99,both_success,ald_tf,1,ald_tf,predictor_raw,5,12.0,300.0,1.0,3.1526666666666663,12.123649065319299,0.9813333333333333,0.2533333333333333,0.05472661852836609,0.4110932192800985,0.8676116893823153,4.631274833311325,1.0,0.5563675151946132,0.22000000000000003,0.23411371237458195,0.16387959866220736,0.6160451449080255,0.7112910259445407,1.0,0.3914573273036367,0.10666666666666669,0.3351170568561873,0.4187290969899665,0.05699247915882257,0.08506264974439189,1.0,0.4078018644651607,0.12,0.6702341137123746,0.25752508361204013,0.00037907123341552804,0.847880450692317,1.0,0.42862040689340997,0.14666666666666667,0.5471571906354515,0.3986622073578595,0.05417491513504813,5.2744821953997745,1.0,0.6587751419460217,0.24,0.2588628762541806,0.137123745819398,0.5932290852501254,0.720423875323949,0.8683915708101454,4606.0,0.4018768452365181,0.5131362038414802,744.2,0.6180742270190419,0.75652429742151,199.2
