01732442,0.3,0.8996655518394648,0.010033444816053512,0.5493768677232604,0.7538165857304637,True,0.16178353773170934,0.23333333333333334,0.006688963210702341,0.6989966555183946,0.530718909434255,13.944275910659051,True,0.5858599147912645,0.23333333333333334,0.22408026755852842,0.3745819397993311,8.06827020283554,0.6522055031200314,0.8950434563547046,15878,0.46039282168852397,0.7692307692307693,130,0.4223108938986391,0.0,1
77,lewm_success_ald_fail,lewm,0,3,300,0.38333333333333336,1.8633333333333333,3.204915538577553,0.0,0.0,ald_tf,0.036711256951093674,0.2614992943613014,0.7686626867887185,predictor_raw,14.47209120412957,True,0.042526250291669905,0.0,0.8361204013377926,0.4816053511705686,9.29096726909547,0.0014480958109204245,True,0.3629009468686646,0.23333333333333334,0.9933110367892977,0.013377926421404682,0.18080172521197552,0.37337638055842093,True,0.38083443607624495,0.16666666666666666,0.8929765886287625,0.016722408026755852,0.7337782332348534,0.7538165857304637,True,0.4522282091555891,0.23333333333333334,0.0,0.0,0.0,13.944275910659051,True,0.2177993088812098,0.0,0.5819397993311036,0.42474916387959866,8.628042828721242,0.39922580582711803,0.7468194986774153,15878,0.39417673513774243,0.6076923076923076,130,0.4661429731877618,0.0,1
77,lewm_success_ald_fail,lewm,0,9,300,0.83,3.98,23.008641853691866,0.0033333333333333335,0.0033333333333333335,factor,0.15429039299488068,0.6763177962794286,0.45122190246558297,encoder_raw,5.450251962099202,True,-0.33377837531528126,0.0,0.7759197324414716,0.10033444816053512,0.6810020592645556,3.0103385873980715,True,0.6718333430619081,0.5,0.12374581939799331,0.006688963210702341,0.08211225659673137,0.763593701418497,True,0.5770421257599514,0.5666666666666667,0.046822742474916385,0.006688963210702341,0.07946406192589826,3.6018524994213132,True,0.8371683124376428,0.7666666666666667,0.11705685618729098,0.0033444816053511705,2.731134237640709e-05,6.496776045219255,True,0.38551317236858185,0.4666666666666667,0.0,0.0,0.0,-0.07171169330915245,0.74,1900,0.6141559355697777,0.8134715025906736,193,0.5912605925361385,0.7547683923705722,734
77,lewm_success_ald_fail,lewm,0,9,300,0.83,3.98,23.008641853691866,0.0033333333333333335,0.0033333333333333335,factor,0.15429039299488068,0.6763177962794286,0.45122190246558297,predictor_raw,5.450251962099202,True,0.28542006022289135,0.16666666666666666,0.8996655518394648,0.10033444816053512,0.6810020592645556,3.0103385873980715,True,-0.06589625439675922,0.23333333333333334,0.20735785953177258,0.006688963210702341,0.08211225659673137,0.763593701418497,True,0.30294693220952584,0.4,0.023411371237458192,0.006688963210702341,0.07946406192589826,3.6018524994213132,True,0.11214976260704547,0.36666666666666664,0.23411371237458195,0.0033444816053511705,2.731134237640709e-05,6.496776045219255,True,0.30391982133134815,0.3333333333333333,0.0,0.0,0.0,0.28253335545709546,0.7278947368421053,1900,0.009174530773804828,0.46113989637305697,193,0.3205276514857439,0.555858310626703,734
77,lewm_success_ald_fail,lewm,0,9,300,0.83,3.98,23.008641853691866,0.0033333333333333335,0.0033333333333333335,factor,0.15429039299488068,0.6763177962794286,0.45122190246558297,encoder_factor_head_diagnostic_only,5.450251962099202,True,0.48961966244069377,0.2,0.1605351170568562,0.10033444816053512,0.6810020592645556,3.0103385873980715,True,0.30002840437639544,0.4,0.21070234113712374,0.006688963210702341,0.08211225659673137,0.763593701418497,True,0.2987205367238666,0.6,0.023411371237458192,0.006688963210702341,0.07946406192589826,3.6018524994213132,True,0.3950308411902087,0.6333333333333333,0.1505016722408027,0.0033444816053511705,2.731134237640709e-05,6.496776045219255,True,0.9791246569406327,0.7666666666666667,0.0,0.0,0.0,0.7671293733920223,0.9694736842105263,1900,0.681713225689775,0.9637305699481865,193,0.2969260845637777,0.8147138964577657,734
77,lewm_success_ald_fail,lewm,0,9,300,0.83,3.98,23.008641853691866,0.0033333333333333335,0.0033333333333333335,lewm,0.15487536787986755,0.6907576141938839,0.4466365181835354,encoder_raw,5.450251962099202,True,-0.24443693818820209,0.0,0.7892976588628763,0.10033444816053512,0.6810020592645556,3.0103385873980715,True,0.5838209798192683,0.5666666666666667,0.08361204013377926,0.006688963210702341,0.08211225659673137,0.763593701418497,True,0.5403855142102061,0.6666666666666666,0.03678929765886288,0.006688963210702341,0.07946406192589826,3.6018524994213132,True,0.7529155673838909,0.8333333333333334,0.06688963210702341,0.0033444816053511705,2.731134237640709e-05,6.496776045219255,True,0.44204935610395674,0.4666666666666667,0.0,0.0,0.0,0.01721011291986189,0.75,1900,0.5168895673494525,0.7564766839378239,193,0.514086459147977,0.6839237057220708,734
77,lewm_success_ald_fail,lewm,0,9,300,0.83,3.98,23.008641853691866,0.0033333333333333335,0.0033333333333333335,lewm,0.15487536787986755,0.6907576141938839,0.4466365181835354,predictor_raw,5.450251962099202,True,0.41014189046544963,0.13333333333333333,0.8762541806020067,0.10033444816053512,0.6810020592645556,3.0103385873980715,True,-0.11959391356763177,0.23333333333333334,0.15384615384615385,0.006688963210702341,0.08211225659673137,0.763593701418497,True,0.28834894571445974,0.4,0.03678929765886288,0.006688963210702341,0.07946406192589826,3.6018524994213132,True,0.04047081705973532,0.3333333333333333,0.2508361204013378,0.0033444816053511705,2.731134237640709e-05,6.496776045219255,True,0.39206657851753907,0.3333333333333333,0.0,0.0,0.0,0.4045940461039455,0.7310526315789474,1900,0.02097940226694777,0.5129533678756477,193,0.32536981199602366,0.5435967302452316,734
77,lewm_success_ald_fail,lewm,0,9,300,0.83,3.98,23.008641853691866,0.0033333333333333335,0.0033333333333333335,ald_tf,0.15958476066589355,0.7117619157152241,0.7502776697518861,encoder_raw,5.450251962099202,True,-0.24443693818820209,0.0,0.7892976588628763,0.10033444816053512,0.6810020592645556,3.0103385873980715,True,0.5838209798192683,0.5666666666666667,0.08361204013377926,0.006688963210702341,0.08211225659673137,0.763593701418497,True,0.5403855142102061,0.6666666666666666,0.03678929765886288,0.006688963210702341,0.07946406192589826,3.6018524994213132,True,0.7529155673838909,0.8333333333333334,0.06688963210702341,0.0033444816053511705,2.731134237640709e-05,6.496776045219255,True,0.44204935610395674,0.4666666666666667,0.0,0.0,0.0,0.01721011291986189,0.75,1900,0.5168895673494525,0.7564766839378239,193,0.514086459147977,0.6839237057220708,734
77,lewm_success_ald_fail,lewm,0,9,300,0.83,3.98,23.008641853691866,0.0033333333333333335,0.0033333333333333335,ald_tf,0.15958476066589355,0.7117619157152241,0.7502776697518861,predictor_raw,5.450251962099202,True,-0.24571028566984077,0.0,0.8127090301003345,0.10033444816053512,0.6810020592645556,3.0103385873980715,True,0.5005211734281851,0.3333333333333333,0.09698996655518395,0.006688963210702341,0.08211225659673137,0.763593701418497,True,0.36936989855357266,0.23333333333333334,0.12040133779264214,0.006688963210702341,0.07946406192589826,3.6018524994213132,True,0.6090015540302055,0.36666666666666664,0.3010033444816054,0.0033444816053511705,2.731134237640709e-05,6.496776045219255,True,0.1556626184735386,0.16666666666666666,0.0,0.0,0.0,-0.029154626763006855,0.6552631578947369,1900,0.4024344414135913,0.6217616580310881,193,0.3045720622322976,0.555858310626703,734
77,lewm_success_ald_fail,lewm,0,19,300,1.0,4.926666666666667,18.462410483380886,0.38666666666666666,0.37666666666666665,factor,0.18236401677131653,0.9619172255076729,0.11708841209346771,encoder_raw,1.343727181496628,True,0.5923288036533739,0.5,0.046822742474916385,0.05016722408026756,0.0736774086005246,0.8185273337554949,True,0.827874087489861,0.3,0.07023411371237458,0.13377926421404682,0.037308314244819424,0.48235801645294857,True,0.6698194424382493,0.23333333333333334,0.5418060200668896,0.1705685618729097,0.01486347245246876,1.0103936999014909,True,0.9175039722663585,0.6333333333333333,0.08361204013377926,0.056856187290969896,0.04736669104358739,3.140804077421369,True,0.8739181546461627,0.6,0.046822742474916385,0.04013377926421405,0.08834556208625644,0.07444063943159936,0.5972222222222222,936,0.7772814811017982,0.8789893617021277,752,0.5352897123688656,0.7182539682539683,504
77,lewm_success_ald_fail,lewm,0,19,300,1.0,4.926666666666667,18.462410483380886,0.38666666666666666,0.37666666666666665,factor,0.18236401677131653,0.9619172255076729,0.11708841209346771,predictor_raw,1.343727181496628,True,0.7669462994033267,0.16666666666666666,0.21070234113712374,0.22742474916387959,0.3671141091075923,0.8185273337554949,True,0.1334250380559784,0.13333333333333333,0.2140468227424749,0.1705685618729097,0.051797201283017145,0.48235801645294857,True,0.2667571861909577,0.13333333333333333,0.9297658862876255,0.5518394648829431,0.17642810204379772,1.0103936999014909,True,0.2603748930543673,0.16666666666666666,0.0802675585284281,0.25418060200668896,0.22342020767311407,3.140804077421369,True,0.4214029044767164,0.16666666666666666,0.21070234113712374,0.20735785953177258,0.5578357792228508,0.8332356807416089,0.7564102564102564,936,-0.4344927249529907,0.4029255319148936,752,-0.3452341665862757,0.37103174603174605,504
77,lewm_success_ald_fail,lewm,0,19,300,1.0,4.926666666666667,18.462410483380886,0.38666666666666666,0.37666666666666665,factor,0.18236401677131653,0.9619172255076729,0.11708841209346771,encoder_factor_head_diagnostic_only,1.343727181496628,True,0.7492878809764553,0.5333333333333333,0.033444816053511704,0.05016722408026756,0.0736774086005246,0.8185273337554949,True,0.8250593895487728,0.26666666666666666,0.06688963210702341,0.13377926421404682,0.037308314244819424,0.48235801645294857,True,0.7306690074334159,0.23333333333333334,0.6020066889632107,0.1705685618729097,0.01486347245246876,1.0103936999014909,True,0.9366099623329148,0.6,0.09698996655518395,0.056856187290969896,0.04736669104358739,3.140804077421369,True,0.955836398182202,0.6333333333333333,0.033444816053511704,0.04013377926421405,0.08834556208625644,0.5305292499937064,0.7745726495726496,936,0.8124795640450424,0.8351063829787234,752,0.6138991827015294,0.6825396825396826,504
77,lewm_success_ald_fail,lewm,0,19,300,1.0,4.926666666666667,18.462410483380886,0.38666666666666666,0.37666666666666665,lewm,0.15669649839401245,0.8562039531996862,0.6387648751652796,encoder_raw,1.343727181496628,True,0.5860576228624762,0.4666666666666667,0.05016722408026756,0.05016722408026756,0.0736774086005246,0.8185273337554949,True,0.8450805008944544,0.26666666666666666,0.07023411371237458,0.13377926421404682,0.037308314244819424,0.48235801645294857,True,0.6710452338359315,0.2,0.45819397993311034,0.1705685618729097,0.01486347245246876,1.0103936999014909,True,0.926959188435427,0.6,0.10702341137123746,0.056856187290969896,0.04736669104358739,3.140804077421369,True,0.8714270158557317,0.5666666666666667,0.05016722408026756,0.04013377926421405,0.08834556208625644,0.04071967248797616,0.5416666666666666,936,0.8078728759009213,0.8976063829787234,752,0.5619851742844225,0.7222222222222222,504
77,lewm_success_ald_fail,lewm,0,19,300,1.0,4.926666666666667,18.462410483380886,0.38666666666666666,0.37666666666666665,lewm,0.15669649839401245,0.8562039531996862,0.6387648751652796,predictor_raw,1.343727181496628,True,0.7997062189579884,0.6,0.06354515050167224,0.043478260869565216,0.07163906360285102,0.8185273337554949,True,0.41148946099401107,0.06666666666666667,0.22073578595317725,0.04013377926421405,0.008750848642246125,0.48235801645294857,True,0.6767279636440405,0.36666666666666664,0.7926421404682275,0.2508361204013378,0.029217664847784472,1.0103936999014909,True,0.6528050311670129,0.36666666666666664,0.35451505016722407,0.033444816053511704,0.033163417836329805,3.140804077421369,True,0.745410060111779,0.5,0.06354515050167224,0.030100334448160536,0.0721039438813253,0.6545930386673271,0.7232905982905983,936,-0.0756942880074106,0.4734042553191489,752,0.40829184695394216,0.6309523809523809,504
77,lewm_success_ald_fail,lewm,0,19,300,1.0,4.926666666666667,18.462410483380886,0.38666666666666666,0.37666666666666665,ald_tf,0.10706093162298203,0.584990691102394,0.8547188302092246,encoder_raw,1.343727181496628,True,0.5860576228624762,0.4666666666666667,0.05016722408026756,0.05016722408026756,0.0736774086005246,0.8185273337554949,True,0.8450805008944544,0.26666666666666666,0.07023411371237458,0.13377926421404682,0.037308314244819424,0.48235801645294857,True,0.6710452338359315,0.2,0.45819397993311034,0.1705685618729097,0.01486347245246876,1.0103936999014909,True,0.926959188435427,0.6,0.10702341137123746,0.056856187290969896,0.04736669104358739,3.140804077421369,True,0.8714270158557317,0.5666666666666667,0.05016722408026756,0.04013377926421405,0.08834556208625644,0.04071967248797616,0.5416666666666666,936,0.8078728759009213,0.8976063829787234,752,0.5619851742844225,0.7222222222222222,504
77,lewm_success_ald_fail,lewm,0,19,300,1.0,4.926666666666667,18.462410483380886,0.38666666666666666,0.37666666666666665,ald_tf,0.10706093162298203,0.584990691102394,0.8547188302092246,predictor_raw,1.343727181496628,True,0.424566050733897,0.13333333333333333,0.1705685618729097,0.22408026755852842,0.3666558784757559,0.8185273337554949,True,0.6845196057733974,0.03333333333333333,0.2976588628762542,0.28762541806020064,0.11197142987501456,0.48235801645294857,True,0.47967955199502216,0.03333333333333333,0.6287625418060201,0.3377926421404682,0.06078382925964182,1.0103936999014909,True,0.6920623562484027,0.13333333333333333,0.3612040133779264,0.18729096989966554,0.1679501634809556,3.140804077421369,True,0.6592295469949666,0.16666666666666666,0.1705685618729097,0.18729096989966554,0.5019075043988559,-0.018370592114452453,0.5256410256410257,936,0.5811587381626835,0.7074468085106383,752,0.24945610764334064,0.5833333333333334,504
77,lewm_success_ald_fail,lewm,0,29,300,1.0,5.003333333333333,13.430570513216669,0.77,0.77,factor,0.10643775016069412,1.1746241545213691,-0.028337203746708298,encoder_raw,0.4866216086530305,True,0.5718716874631941,0.26666666666666666,0.16722408026755853,0.15719063545150502,0.06956411010596177,0.1879870525059066,True,0.6331150346114957,0.1,0.3712374581939799,0.18394648829431437,0.0201424838886355,0.10705668757277606,True,0.449225435838176,0.13333333333333333,0.5819397993311036,0.32441471571906355,0.017939813583504487,0.2294018151379807,True,0.7828478094201047,0.43333333333333335,0.17725752508361203,0.10033444816053512,0.03752939240088903,0.8223772732800003,True,0.7367935199279992,0.3333333333333333,0.17725752508361203,0.12374581939799331,0.103660888003671,0.08935802601048685,0.5797872340425532,376,0.5332131440751868,0.7159763313609467,1014,0.31963027698960617,0.7349137931034483,464
77,lewm_success_ald_fail,lewm,0,29,300,1.0,5.003333333333333,13.430570513216669,0.77,0.77,factor,0.10643775016069412,1.1746241545213691,-0.028337203746708298,predictor_raw,0.4866216086530305,True,0.7034793719930221,0.06666666666666667,0.17725752508361203,0.36454849498327757,0.20621572060300877,0.1879870525059066,True,0.20227602528916988,0.16666666666666666,0.5150501672240803,0.9096989966555183,0.7676045579642564,0.10705668757277606,True,0.28003733374815276,0.06666666666666667,0.8461538461538461,0.4882943143812709,0.03684421619272624,0.2294018151379807,True,0.3926136957077301,0.13333333333333333,0.16387959866220736,0.8996655518394648,0.8038958690857316,0.8223772732800003,True,0.4788613206813409,0.1,0.16387959866220736,0.7290969899665551,1.0066789751855607,0.7500926950519102,0.5558510638297872,376,-0.39954926974520555,0.5601577909270217,1014,-0.3857754654540175,0.3879310344827586,464
77,lewm_success_ald_fail,lewm,0,29,300,1.0,5.003333333333333,13.430570513216669,0.77,0.77,factor,0.10643775016069412,1.1746241545213691,-0.028337203746708298,encoder_factor_head_diagnostic_only,0.4866216086530305,True,0.7164617384637607,0.36666666666666664,0.16387959866220736,0.15719063545150502,0.06956411010596177,0.1879870525059066,True,0.6677798642207136,0.03333333333333333,0.3511705685618729,0.18394648829431437,0.0201424838886355,0.10705668757277606,True,0.5029833664818498,0.26666666666666666,0.6789297658862876,0.32441471571906355,0.017939813583504487,0.2294018151379807,True,0.836032400360004,0.3,0.22742474916387959,0.10033444816053512,0.03752939240088903,0.8223772732800003,True,0.8404466716296848,0.36666666666666664,0.22742474916387959,0.12374581939799331,0.103660888003671,0.34392543490905253,0.6728723404255319,376,0.5287624135885912,0.6074950690335306,1014,0.27817773412297697,0.7112068965517241,464
77,lewm_success_ald_fail,lewm,0,29,300,1.0,5.003333333333333,13.430570513216669,0.77,0.77,lewm,0.073927141726017,0.8574287764767186,0.7471371904132268,encoder_raw,0.4866216086530305,True,0.5526452516139069,0.2,0.22073578595317725,0.15719063545150502,0.06956411010596177,0.1879870525059066,True,0.6252500583339815,0.1,0.3177257525083612,0.18394648829431437,0.0201424838886355,0.10705668757277606,True,0.4571104123379149,0.06666666666666667,0.6053511705685619,0.32441471571906355,0.017939813583504487,0.2294018151379807,True,0.773412149023878,0.36666666666666664,0.17725752508361203,0.10033444816053512,0.03752939240088903,0.8223772732800003,True,0.7213520150223891,0.26666666666666666,0.17725752508361203,0.12374581939799331,0.103660888003671,0.04438279091832746,0.574468085106383,376,0.5394549671165497,0.6617357001972387,1014,0.3503627800935874,0.7068965517241379,464
77,lewm_success_ald_fail,lewm,0,29,300,1.0,5.003333333333333,13.430570513216669,0.77,0.77,lewm,0.073927141726017,0.8574287764767186,0.7471371904132268,predictor_raw,0.4866216086530305,True,0.7691094345492727,0.4,0.11371237458193979,0.056856187290969896,0.025174941638539082,0.1879870525059066,True,0.37826464738497095,0.06666666666666667,0.5250836120401338,0.22073578595317725,0.029763769516321953,0.10705668757277606,True,0.6689505438949321,0.5333333333333333,0.5719063545150501,0.07023411371237458,0.0011906299384347493,0.2294018151379807,True,0.7135225946954966,0.23333333333333334,0.0802675585284281,0.07692307692307693,0.030401494383505746,0.8223772732800003,True,0.7893314370159669,0.36666666666666664,0.0802675585284281,0.06020066889632107,0.05214382151886502,0.5211547301681323,0.7180851063829787,376,0.036097212243738686,0.40236686390532544,1014,0.3814186766067299,0.6810344827586207,464
77,lewm_success_ald_fail,lewm,0,29,300,1.0,5.003333333333333,13.430570513216669,0.77,0.77,ald_tf,0.0733071118593216,0.8502374873565474,0.6755177279747553,encoder_raw,0.4866216086530305,True,0.5526452516139069,0.2,0.22073578595317725,0.15719063545150502,0.06956411010596177,0.1879870525059066,True,0.6252500583339815,0.1,0.3177257525083612,0.18394648829431437,0.0201424838886355,0.10705668757277606,True,0.4571104123379149,0.06666666666666667,0.6053511705685619,0.32441471571906355,0.017939813583504487,0.2294018151379807,True,0.773412149023878,0.36666666666666664,0.17725752508361203,0.10033444816053512,0.03752939240088903,0.8223772732800003,True,0.7213520150223891,0.26666666666666666,0.17725752508361203,0.12374581939799331,0.103660888003671,0.04438279091832746,0.574468085106383,376,0.5394549671165497,0.6617357001972387,1014,0.3503627800935874,0.7068965517241379,464
77,lewm_success_ald_fail,lewm,0,29,300,1.0,5.003333333333333,13.430570513216669,0.77,0.77,ald_tf,0.0733071118593216,0.8502374873565474,0.6755177279747553,predictor_raw,0.4866216086530305,True,0.09577128634762608,0.0,0.5183946488294314,0.7926421404682275,0.714690965246246,0.1879870525059066,True,0.18853320592451028,0.0,0.5451505016722408,0.568561872909699,0.1226872250351112,0.10705668757277606,True,0.13302236691518796,0.0,0.38461538461538464,0.8294314381270903,0.17924447542837188,0.2294018151379807,True,0.23477549750552784,0.0,0.5518394648829431,0.7391304347826086,0.3013787953922321,0.8223772732800003,True,0.23092701030011445,0.0,0.5518394648829431,0.7357859531772575,1.0126371461352983,-0.09863517256985539,0.6170212765957447,376,0.1959337072121035,0.43096646942800787,1014,0.1443468992732696,0.6422413793103449,464
77,lewm_success_ald_fail,lewm,1,0,300,1.0,8.006666666666666,22.00829311215156,0.95,0.08,factor,0.07307744026184082,0.17384281299472318,0.9536141512683475,encoder_raw,12.203620661239139,True,0.6076183068700763,0.3,0.0,0.0,0.0,1.671717519380979,True,0.6634304825609173,0.23333333333333334,0.7491638795986622,0.10367892976588629,0.002263528680050198,0.7870479999339013,True,0.622381582017578,0.13333333333333333,0.05016722408026756,0.13377926421404682,0.03199178044298362,2.595734036938538,True,0.822854920610229,0.26666666666666666,0.49498327759197325,0.043478260869565216,0.012325282832031263,14.16970572055636,True,0.7428118090201002,0.5666666666666667,0.0,0.0,0.0,0.8040268020665466,0.9407294832826748,1974,0.8009352382262148,0.943502824858757,531,0.69928325757689,0.9271523178807947,906
77,lewm_success_ald_fail,lewm,1,0,300,1.0,8.006666666666666,22.00829311215156,0.95,0.08,factor,0.07307744026184082,0.17384281299472318,0.9536141512683475,predictor_raw,12.203620661239139,True,0.7008922321359127,0.4666666666666667,0.0,0.0,0.0,1.671717519380979,True,0.5994008822320248,0.16666666666666666,0.4414715719063545,0.10367892976588629,0.002263528680050198,0.7870479999339013,True,0.5013904598939988,0.1,0.07692307692307693,0.13377926421404682,0.03199178044298362,2.595734036938538,True,0.7240040444893833,0.13333333333333333,0.5953177257525084,0.043478260869565216,0.012325282832031263,14.16970572055636,True,0.8176219735774842,0.7,0.0,0.0,0.0,0.8316893567900295,0.9381965552178319,1974,0.7438676560180361,0.8832391713747646,531,0.49025781624459897,0.7715231788079471,906
77,lewm_success_ald_fail,lewm,1,0,300,1.0,8.006666666666666,22.00829311215156,0.95,0.08,factor,0.07307744026184082,0.17384281299472318,0.9536141512683475,encoder_factor_head_diagnostic_only,12.203620661239139,True,0.88954366159624,0.5,0.0,0.0,0.0,1.671717519380979,True,0.42637584862054023,0.16666666666666666,0.6153846153846154,0.10367892976588629,0.002263528680050198,0.7870479999339013,True,0.3941172679696441,0.03333333333333333,0.09364548494983277,0.13377926421404682,0.03199178044298362,2.595734036938538,True,0.5704294492161024,0.13333333333333333,0.6454849498327759,0.043478260869565216,0.012325282832031263,14.16970572055636,True,0.9554399493327703,0.8,0.0,0.0,0.0,0.9542480456684196,0.9630192502532928,1974,0.7546318252461209,0.9152542372881356,531,0.46422300173131065,0.8178807947019867,906
77,lewm_success_ald_fail,lewm,1,0,300,1.0,8.006666666666666,22.00829311215156,0.95,0.08,lewm,0.06208094209432602,0.1484385204481009,0.9616524628051423,encoder_raw,12.203620661239139,True,0.6010409004544495,0.3,0.0,0.0,0.0,1.671717519380979,True,0.6230784786497627,0.23333333333333334,0.7591973244147158,0.10367892976588629,0.002263528680050198,0.7870479999339013,True,0.6775679729774775,0.2,0.030100334448160536,0.13377926421404682,0.03199178044298362,2.595734036938538,True,0.8026160290669896,0.26666666666666666,0.36789297658862874,0.043478260869565216,0.012325282832031263,14.16970572055636,True,0.7314832387026523,0.5333333333333333,0.0,0.0,0.0,0.7959112138880604,0.9665653495440729,1974,0.7618276560028382,0.9246704331450094,531,0.7640467148910285,0.9481236203090507,906
77,lewm_success_ald_fail,lewm,1,0,300,1.0,8.006666666666666,22.00829311215156,0.95,0.08,lewm,0.06208094209432602,0.1484385204481009,0.9616524628051423,predictor_raw,12.203620661239139,True,0.6193042144912722,0.36666666666666664,0.0,0.0,0.0,1.671717519380979,True,0.5882167579639774,0.2,0.5317725752508361,0.10367892976588629,0.002263528680050198,0.7870479999339013,True,0.668277647529417,0.16666666666666666,0.020066889632107024,0.13377926421404682,0.03199178044298362,2.595734036938538,True,0.7654667274080823,0.16666666666666666,0.3177257525083612,0.043478260869565216,0.012325282832031263,14.16970572055636,True,0.7398188868765209,0.5333333333333333,0.0,0.0,0.0,0.7875155861448319,0.930597771023303,1974,0.7087904266129875,0.864406779661017,531,0.7386578074934247,0.8962472406181016,906
77,lewm_success_ald_fail,lewm,1,0,300,1.0,8.006666666666666,22.00829311215156,0.95,0.08,ald_tf,0.07860385626554489,0.18794560346465924,0.9645849398326648,encoder_raw,12.203620661239139,True,0.6010409004544495,0.3,0.0,0.0,0.0,1.671717519380979,True,0.6230784786497627,0.23333333333333334,0.7591973244147158,0.10367892976588629,0.002263528680050198,0.7870479999339013,True,0.6775679729774775,0.2,0.030100334448160536,0.13377926421404682,0.03199178044298362,2.595734036938538,True,0.8026160290669896,0.26666666666666666,0.36789297658862874,0.043478260869565216,0.012325282832031263,14.16970572055636,True,0.7314832387026523,0.5333333333333333,0.0,0.0,0.0,0.7959112138880604,0.9665653495440729,1974,0.7618276560028382,0.9246704331450094,531,0.7640467148910285,0.9481236203090507,906
77,lewm_success_ald_fail,lewm,1,0,300,1.0,8.006666666666666,22.00829311215156,0.95,0.08,ald_tf,0.07860385626554489,0.18794560346465924,0.9645849398326648,predictor_raw,12.203620661239139,True,0.7155412837920422,0.4,0.0,0.0,0.0,1.671717519380979,True,0.530680563117368,0.2,0.6956521739130435,0.10367892976588629,0.002263528680050198,0.7870479999339013,True,0.6116436849298326,0.13333333333333333,0.05351170568561873,0.13377926421404682,0.03199178044298362,2.595734036938538,True,0.7104212269025212,0.16666666666666666,0.47157190635451507,0.043478260869565216,0.012325282832031263,14.16970572055636,True,0.8197828864765164,0.6,0.0,0.0,0.0,0.8555416718017459,0.9660587639311043,1974,0.6841050194435777,0.864406779661017,531,0.7062675622320352,0.8984547461368654,906
77,lewm_success_ald_fail,lewm,1,3,300,1.0,4.66,12.15596294952941,1.0,0.11,factor,0.046603038907051086,0.16764617782129015,0.9619355770619673,encoder_raw,7.32967344564428,True,0.8595291058789543,0.6666666666666666,0.0033444816053511705,0.006688963210702341,0.029071814027179135,0.4578807192184724,True,0.46376515294614384,0.13333333333333333,0.43478260869565216,0.45484949832775917,0.0076739564980193445,0.1751638558467947,True,0.3667676307514528,0.13333333333333333,0.5016722408026756,0.11036789297658862,0.016843235023882606,0.9302746567026472,True,0.4820466894076601,0.16666666666666666,0.34448160535117056,0.006688963210702341,0.006359113214966947,7.9774334879751985,True,0.9073687485416505,0.7333333333333333,0.0,0.0,0.0,0.9212336405607547,0.9566548881036514,4245,0.6729475734268651,0.8461538461538461,325,0.48690307051983317,0.7598116169544741,1274
77,lewm_success_ald_fail,lewm,1,3,300,1.0,4.66,12.15596294952941,1.0,0.11,factor,0.046603038907051086,0.16764617782129015,0.9619355770619673,predictor_raw,7.32967344564428,True,0.9029046989410994,0.6666666666666666,0.006688963210702341,0.010033444816053512,0.03700047335140323,0.4578807192184724,True,0.4105130057000633,0.13333333333333333,0.46153846153846156,0.030100334448160536,8.605257888083789e-05,0.1751638558467947,True,0.26320914676829743,0.06666666666666667,0.6020066889632107,0.46488294314381273,0.04855743633718089,0.9302746567026472,True,0.3961741797131079,0.13333333333333333,0.30434782608695654,0.3277591973244147,0.030485410609126726,7.9774334879751985,True,0.9386850965010722,0.6333333333333333,0.016722408026755852,0.0033444816053511705,0.03205495671838386,0.938178990712123,0.9540636042402827,4245,0.6452090861774745,0.8123076923076923,325,0.25935888464150536,0.5698587127158555,1274
77,lewm_success_ald_fail,lewm,1,3,300,1.0,4.66,12.15596294952941,1.0,0.11,factor,0.046603038907051086,0.16764617782129015,0.9619355770619673,encoder_factor_head_diagnostic_only,7.32967344564428,True,0.9358326203624485,0.6666666666666666,0.023411371237458192,0.006688963210702341,0.029071814027179135,0.4578807192184724,True,0.37225080278669764,0.2,0.4180602006688963,0.45484949832775917,0.0076739564980193445,0.1751638558467947,True,0.28298269980777563,0.1,0.431438127090301,0.11036789297658862,0.016843235023882606,0.9302746567026472,True,0.3909305658951766,0.13333333333333333,0.3210702341137124,0.006688963210702341,0.006359113214966947,7.9774334879751985,True,0.9707498972210802,0.7333333333333333,0.0,0.0,0.0,0.9668195871893167,0.9795053003533569,4245,0.6789095659343685,0.8923076923076924,325,0.4246833577813003,0.7229199372056515,1274
77,lewm_success_ald_fail,lewm,1,3,300,1.0,4.66,12.15596294952941,1.0,0.11,lewm,0.04339573532342911,0.16581444150560393,0.9268916321292459,encoder_raw,7.32967344564428,True,0.8355768397426638,0.7333333333333333,0.016722408026755852,0.006688963210702341,0.029071814027179135,0.4578807192184724,True,0.39630351448349427,0.1,0.46488294314381273,0.45484949832775917,0.0076739564980193445,0.1751638558467947,True,0.46029933665929623,0.16666666666666666,0.391304347826087,0.11036789297658862,0.016843235023882606,0.9302746567026472,True,0.48850587228746983,0.13333333333333333,0.22073578595317725,0.006688963210702341,0.006359113214966947,7.9774334879751985,True,0.8839573773041922,0.7666666666666667,0.0,0.0,0.0,0.8987761435932325,0.9795053003533569,4245,0.49940286605959106,0.8153846153846154,325,0.6299788114643101,0.8963893249607535,1274
77,lewm_success_ald_fail,lewm,1,3,300,1.0,4.66,12.15596294952941,1.0,0.11,lewm,0.04339573532342911,0.16581444150560393,0.9268916321292459,predictor_raw,7.32967344564428,True,0.7537448193868821,0.5333333333333333,0.06020066889632107,0.14381270903010032,1.050860614304927,0.4578807192184724,True,0.41471527461416235,0.2,0.3110367892976589,0.06688963210702341,0.00023169648666413,0.1751638558467947,True,0.48661696241069347,0.16666666666666666,0.48494983277591974,0.38127090301003347,0.03694717409698364,0.9302746567026472,True,0.5407033411482349,0.13333333333333333,0.18729096989966554,0.24749163879598662,0.019020792276712765,7.9774334879751985,True,0.810961899576662,0.5333333333333333,0.07357859531772576,0.12709030100334448,1.034450479339494,0.8124859783060886,0.9130742049469964,4245,0.4412643926754482,0.7507692307692307,325,0.5690787259035021,0.8061224489795918,1274
77,lewm_success_ald_fail,lewm,1,3,300,1.0,4.66,12.15596294952941,1.0,0.11,ald_tf,0.04270097240805626,0.1631597630231965,0.9600400004444494,encoder_raw,7.32967344564428,True,0.8355768397426638,0.7333333333333333,0.016722408026755852,0.006688963210702341,0.029071814027179135,0.4578807192184724,True,0.39630351448349427,0.1,0.46488294314381273,0.45484949832775917,0.0076739564980193445,0.1751638558467947,True,0.46029933665929623,0.16666666666666666,0.391304347826087,0.11036789297658862,0.016843235023882606,0.9302746567026472,True,0.48850587228746983,0.13333333333333333,0.22073578595317725,0.006688963210702341,0.006359113214966947,7.9774334879751985,True,0.8839573773041922,0.7666666666666667,0.0,0.0,0.0,0.8987761435932325,0.9795053003533569,4245,0.49940286605959106,0.8153846153846154,325,0.6299788114643101,0.8963893249607535,1274
77,lewm_success_ald_fail,lewm,1,3,300,1.0,4.66,12.15596294952941,1.0,0.11,ald_tf,0.04270097240805626,0.1631597630231965,0.9600400004444494,predictor_raw,7.32967344564428,True,0.9021944688274314,0.8,0.023411371237458192,0.04013377926421405,0.27094939627060755,0.4578807192184724,True,0.3577239747108301,0.2,0.431438127090301,0.13377926421404682,0.0007105771149717968,0.1751638558467947,True,0.3515670174113046,0.13333333333333333,0.5384615384615384,0.4013377926421405,0.03935606892417421,0.9302746567026472,True,0.4020600228891432,0.1,0.34448160535117056,0.27759197324414714,0.021908567732211004,7.9774334879751985,True,0.9360201780019778,0.7666666666666667,0.0033444816053511705,0.030100334448160536,0.2574270367606725,0.936936657183528,0.9714958775029446,4245,0.5157994154550359,0.7384615384615385,325,0.5129500179504847,0.7189952904238619,1274
77,lewm_success_ald_fail,lewm,1,9,300,1.0,2.4566666666666666,7.76881164718657,1.0,0.22333333333333333,factor,0.04284844174981117,0.2335963242443525,0.9655702841142679,encoder_raw,4.391281245867355,True,0.9101358903987822,0.7,0.0033444816053511705,0.0033444816053511705,0.017294938401468653,0.04842589327272043,True,0.47481372015244616,0.23333333333333334,0.19732441471571907,0.5183946488294314,0.005706369434586588,0.03509732098748922,True,0.0678327536972633,0.03333333333333333,0.9431438127090301,0.23411371237458195,0.020805673353066968,0.22069925851948788,True,0.30222291358792874,0.13333333333333333,0.03678929765886288,0.13712374581939799,0.01538153588868148,4.808835495535409,True,0.9433935932621473,0.7333333333333333,0.0033444816053511705,0.0033444816053511705,0.012900620951984909,0.9454236699605293,0.9657973492945703,4678,0.6630621576433443,0.8333333333333334,60,0.5305570947685174,0.6570446735395189,1455
77,lewm_success_ald_fail,lewm,1,9,300,1.0,2.4566666666666666,7.76881164718657,1.0,0.22333333333333333,factor,0.04284844174981117,0.2335963242443525,0.9655702841142679,predictor_raw,4.391281245867355,True,0.9161212902365582,0.7333333333333333,0.0,0.0,0.0,0.04842589327272043,True,0.47045100501116677,0.3,0.1806020066889632,0.21739130434782608,0.0030562404592187815,0.03509732098748922,True,0.014125045833842598,0.06666666666666667,0.9531772575250836,0.5351170568561873,0.027850119777918517,0.22069925851948788,True,0.2465258502872254,0.1,0.09698996655518395,0.4214046822742475,0.019775853338165228,4.808835495535409,True,0.9437909310103446,0.7666666666666667,0.0,0.0,0.0,0.9406771458916261,0.9598118854211202,4678,0.6308513811343441,0.8166666666666667,60,0.38419313539764466,0.49553264604811,1455
77,lewm_success_ald_fail,lewm,1,9,300,1.0,2.4566666666666666,7.76881164718657,1.0,0.22333333333333333,factor,0.04284844174981117,0.2335963242443525,0.9655702841142679,encoder_factor_head_diagnostic_only,4.391281245867355,True,0.9193591039900443,0.5333333333333333,0.030100334448160536,0.06688963210702341,0.2979515493040367,0.04842589327272043,True,0.46269714107934534,0.16666666666666666,0.10367892976588629,0.5652173913043478,0.006335316187241853,0.03509732098748922,True,0.0745621618017978,0.03333333333333333,0.9297658862876255,0.18729096989966554,0.019620976273957997,0.22069925851948788,True,0.30783675374170827,0.13333333333333333,0.07357859531772576,0.0802675585284281,0.014825785562227776,4.808835495535409,True,0.950741674907499,0.5666666666666667,0.030100334448160536,0.06020066889632107,0.2930014815280993,0.9545176246611738,0.9779820436083797,4678,0.6712855842972106,0.9333333333333333,60,0.5767167924020146,0.6281786941580756,1455
77,lewm_success_ald_fail,lewm,1,9,300,1.0,2.4566666666666666,7.76881164718657,1.0,0.22333333333333333,lewm,0.04206550866365433,0.2515517655735939,0.8437342637140413,encoder_raw,4.391281245867355,True,0.8848782764252936,0.6666666666666666,0.0,0.0,0.0,0.04842589327272043,True,0.45527483638707095,0.23333333333333334,0.22073578595317725,0.21739130434782608,0.0030562404592187815,0.03509732098748922,True,0.14740119334659274,0.03333333333333333,0.9230769230769231,0.5351170568561873,0.027850119777918517,0.22069925851948788,True,0.3467247413860154,0.16666666666666666,0.020066889632107024,0.4214046822742475,0.019775853338165228,4.808835495535409,True,0.9235449282769809,0.7333333333333333,0.0,0.0,0.0,0.9321558075019586,0.9878153056861907,4678,0.6105312654714384,0.85,60,0.6286363556883536,0.7278350515463917,1455
77,lewm_success_ald_fail,lewm,1,9,300,1.0,2.4566666666666666,7.76881164718657,1.0,0.22333333333333333,lewm,0.04206550866365433,0.2515517655735939,0.8437342637140413,predictor_raw,4.391281245867355,True,0.6324421382459805,0.16666666666666666,0.13377926421404682,0.010033444816053512,0.048301251618567555,0.04842589327272043,True,0.49491438793764375,0.16666666666666666,0.0802675585284281,0.07023411371237458,0.001062111098926901,0.03509732098748922,True,0.32003688929877,0.06666666666666667,0.862876254180602,0.7591973244147158,0.06802974721701492,0.22069925851948788,True,0.5090572117467972,0.23333333333333334,0.006688963210702341,0.6488294314381271,0.057961351416969745,4.808835495535409,True,0.6938841542683808,0.16666666666666666,0.13377926421404682,0.020066889632107024,0.08648674969737209,0.7005255423479414,0.8805044890979051,4678,0.5399391622702346,0.8166666666666667,60,0.5862849797052124,0.6109965635738832,1455
77,lewm_success_ald_fail,lewm,1,9,300,1.0,2.4566666666666666,7.76881164718657,1.0,0.22333333333333333,ald_tf,0.03106829896569252,0.1857884453669003,0.9552790586562073,encoder_raw,4.391281245867355,True,0.8848782764252936,0.6666666666666666,0.0,0.0,0.0,0.04842589327272043,True,0.45527483638707095,0.23333333333333334,0.22073578595317725,0.21739130434782608,0.0030562404592187815,0.03509732098748922,True,0.14740119334659274,0.03333333333333333,0.9230769230769231,0.5351170568561873,0.027850119777918517,0.22069925851948788,True,0.3467247413860154,0.16666666666666666,0.020066889632107024,0.4214046822742475,0.019775853338165228,4.808835495535409,True,0.9235449282769809,0.7333333333333333,0.0,0.0,0.0,0.9321558075019586,0.9878153056861907,4678,0.6105312654714384,0.85,60,0.6286363556883536,0.7278350515463917,1455
77,lewm_success_ald_fail,lewm,1,9,300,1.0,2.4566666666666666,7.76881164718657,1.0,0.22333333333333333,ald_tf,0.03106829896569252,0.1857884453669003,0.9552790586562073,predictor_raw,4.391281245867355,True,0.9419913554595051,0.7666666666666667,0.013377926421404682,0.0033444816053511705,0.017294938401468653,0.04842589327272043,True,0.3798148868320759,0.3333333333333333,0.12709030100334448,0.5183946488294314,0.005706369434586588,0.03509732098748922,True,0.03728352537250414,0.0,0.9331103678929766,0.23411371237458195,0.020805673353066968,0.22069925851948788,True,0.21297969977444195,0.13333333333333333,0.11705685618729098,0.13712374581939799,0.01538153588868148,4.808835495535409,True,0.9642329359215103,0.8,0.013377926421404682,0.0033444816053511705,0.012900620951984909,0.9559400699486093,0.9777682770414707,4678,0.4674665630628646,0.6666666666666666,60,0.47157494530902705,0.5690721649484536,1455
77,lewm_success_ald_fail,lewm,1,19,300,1.0,1.6766666666666667,5.169203597154927,1.0,0.4166666666666667,factor,0.035482004284858704,0.3546773925795687,0.9438024866942966,encoder_raw,2.081001378119165,True,0.9088029866998523,0.8,0.020066889632107024,0.020066889632107024,0.023791064129614386,0.0038047762856207243,True,0.41191391015455725,0.06666666666666667,0.17391304347826086,0.5418060200668896,0.004589550230141225,0.016429978139330746,True,0.1431100345559395,0.03333333333333333,0.6421404682274248,0.25418060200668896,0.02308191538995544,0.02963144936907009,True,0.2898347759419549,0.06666666666666667,0.38127090301003347,0.2040133779264214,0.010438766297504155,2.200212229167179,True,0.9380268669651886,0.8333333333333334,0.020066889632107024,0.016722408026755852,0.020453416997215833,0.958658137081106,0.975440032746623,2443,0.6418436518827151,0.49514563106796117,206,0.7518674392654529,0.6233766233766234,77
77,lewm_success_ald_fail,lewm,1,19,300,1.0,1.6766666666666667,5.169203597154927,1.0,0.4166666666666667,factor,0.035482004284858704,0.3546773925795687,0.9438024866942966,predictor_raw,2.081001378119165,True,0.9240987122079134,0.6333333333333333,0.010033444816053512,0.06688963210702341,0.1305479345928513,0.0038047762856207243,True,0.4010346781630907,0.23333333333333334,0.043478260869565216,0.24749163879598662,0.0027141085404592063,0.016429978139330746,True,-0.04314625718063534,0.0,0.8127090301003345,0.5384615384615384,0.028250784138343882,0.02963144936907009,True,0.11993822153579484,0.0,0.6321070234113713,0.4882943143812709,0.013732193356210579,2.200212229167179,True,0.9369037433749264,0.6666666666666666,0.010033444816053512,0.06354515050167224,0.13050371451915918,0.9299696424080383,0.9476054031927957,2443,0.4423116384713213,0.4320388349514563,206,0.2755154139145404,0.5064935064935064,77
77,lewm_success_ald_fail,lewm,1,19,300,1.0,1.6766666666666667,5.169203597154927,1.0,0.4166666666666667,factor,0.035482004284858704,0.3546773925795687,0.9438024866942966,encoder_factor_head_diagnostic_only,2.081001378119165,True,0.860988677651974,0.43333333333333335,0.020066889632107024,0.07023411371237458,0.1332590715973417,0.0038047762856207243,True,0.40837742641584907,0.06666666666666667,0.27424749163879597,0.6287625418060201,0.00500748679292593,0.016429978139330746,True,0.1922114690163224,0.06666666666666667,0.6956521739130435,0.22073578595317725,0.022514018920062415,0.02963144936907009,True,0.3537999311103457,0.06666666666666667,0.35451505016722407,0.18729096989966554,0.010288806390395838,2.200212229167179,True,0.8943877154190603,0.4666666666666667,0.020066889632107024,0.06020066889632107,0.1297714645578348,0.9204045316997994,0.9381907490790012,2443,0.5548942513675987,0.5728155339805825,206,0.6981739378169649,0.7662337662337663,77
77,lewm_success_ald_fail,lewm,1,19,300,1.0,1.6766666666666667,5.169203597154927,1.0,0.4166666666666667,lewm,0.024604272097349167,0.2694005977942845,0.8479623106923411,encoder_raw,2.081001378119165,True,0.8752568361870687,0.8,0.0,0.0,0.0,0.0038047762856207243,True,0.4359288436538184,0.06666666666666667,0.1705685618729097,0.2508361204013378,0.0027298897398185256,0.016429978139330746,True,0.21017922421360238,0.03333333333333333,0.5953177257525084,0.5418060200668896,0.02827922301267669,0.02963144936907009,True,0.3351339459327326,0.06666666666666667,0.3177257525083612,0.4983277591973244,0.013776413429902705,2.200212229167179,True,0.9118861320681341,0.8333333333333334,0.0,0.0,0.0,0.9536317356054994,0.9815800245599673,2443,0.7060612652052896,0.5097087378640777,206,0.812082271248819,0.6233766233766234,77
77,lewm_success_ald_fail,lewm,1,19,300,1.0,1.6766666666666667,5.169203597154927,1.0,0.4166666666666667,lewm,0.024604272097349167,0.2694005977942845,0.8479623106923411,predictor_raw,2.081001378119165,True,0.6415582395359949,0.13333333333333333,0.17391304347826086,0.13043478260869565,0.26130235309904676,0.0038047762856207243,True,0.4198699985555395,0.06666666666666667,0.31438127090301005,0.5284280936454849,0.004488512421784678,0.016429978139330746,True,0.35708041200457785,0.06666666666666667,0.6354515050167224,0.3210702341137124,0.023727558241231805,0.02963144936907009,True,0.47906443404926724,0.06666666666666667,0.2976588628762542,0.28762541806020064,0.010983371340423972,2.200212229167179,True,0.6918792431027011,0.16666666666666666,0.17391304347826086,0.13043478260869565,0.258509311009568,0.7352662131894959,0.866966844044208,2443,0.5162041371306304,0.5825242718446602,206,0.6689971202853308,0.7922077922077922,77
77,lewm_success_ald_fail,lewm,1,19,300,1.0,1.6766666666666667,5.169203597154927,1.0,0.4166666666666667,ald_tf,0.02694590948522091,0.2950399871496826,0.9102945588284315,encoder_raw,2.081001378119165,True,0.8752568361870687,0.8,0.0,0.0,0.0,0.0038047762856207243,True,0.4359288436538184,0.06666666666666667,0.1705685618729097,0.2508361204013378,0.0027298897398185256,0.016429978139330746,True,0.21017922421360238,0.03333333333333333,0.5953177257525084,0.5418060200668896,0.02827922301267669,0.02963144936907009,True,0.3351339459327326,0.06666666666666667,0.3177257525083612,0.4983277591973244,0.013776413429902705,2.200212229167179,True,0.9118861320681341,0.8333333333333334,0.0,0.0,0.0,0.9536317356054994,0.9815800245599673,2443,0.7060612652052896,0.5097087378640777,206,0.812082271248819,0.6233766233766234,77
77,lewm_success_ald_fail,lewm,1,19,300,1.0,1.6766666666666667,5.169203597154927,1.0,0.4166666666666667,ald_tf,0.02694590948522091,0.2950399871496826,0.9102945588284315,predictor_raw,2.081001378119165,True,0.9667809642329359,0.7,0.013377926421404682,0.010033444816053512,0.012013750405281493,0.0038047762856207243,True,0.36630095889954334,0.2,0.056856187290969896,0.48494983277591974,0.0043270569060568365,0.016429978139330746,True,-0.030712341248236092,0.03333333333333333,0.6956521739130435,0.3177257525083612,0.023720953943159206,0.02963144936907009,True,0.08752141690463228,0.06666666666666667,0.5852842809364549,0.2608695652173913,0.010815311526623534,2.200212229167179,True,0.9779441993799931,0.7,0.013377926421404682,0.010033444816053512,0.009052648502002318,0.9748779279670088,0.9819893573475236,2443,0.5009453652274871,0.6262135922330098,206,0.45929732336178863,0.8181818181818182,77
77,lewm_success_ald_fail,lewm,1,29,300,1.0,1.3133333333333332,4.023791094032364,1.0,0.6966666666666667,factor,0.03213700279593468,0.7708340127985787,0.9218308744901962,encoder_raw,0.8972024026475822,True,0.9106483008248994,0.7666666666666667,0.12040133779264214,0.06354515050167224,0.034887795445279396,0.0018463206067885927,True,0.20523303824846223,0.0,0.34782608695652173,0.7023411371237458,0.00366557350696728,0.007067348340092223,True,0.08037737324965437,0.1,0.8862876254180602,0.22742474916387959,0.026179373723146687,0.005641448179241608,True,0.2390185397698165,0.13333333333333333,0.9832775919732442,0.2040133779264214,0.011054781342791576,0.9142679172929932,True,0.9281516141965224,0.7666666666666667,0.12040133779264214,0.06020066889632107,0.030803589611458744,0.9559727861519854,0.9659685863874345,1910,0.4834000801851208,0.4716981132075472,106,0.7350462914009347,0.6288659793814433,97
77,lewm_success_ald_fail,lewm,1,29,300,1.0,1.3133333333333332,4.023791094032364,1.0,0.6966666666666667,factor,0.03213700279593468,0.7708340127985787,0.9218308744901962,predictor_raw,0.8972024026475822,True,0.9692641029344771,0.8,0.033444816053511704,0.07692307692307693,0.05420218629537192,0.0018463206067885927,True,0.23543461594017712,0.1,0.3110367892976589,0.47491638795986624,0.0028562866990413044,0.007067348340092223,True,-0.1681689796553295,0.0,0.919732441471572,0.45484949832775917,0.028651301540675973,0.005641448179241608,True,-0.007277414193491039,0.0,0.979933110367893,0.43812709030100333,0.012717422352394887,0.9142679172929932,True,0.9682245358281759,0.8,0.033444816053511704,0.07692307692307693,0.05178062147115459,0.9683558801821462,0.9712041884816754,1910,0.15780764972334885,0.46226415094339623,106,0.14749133668007539,0.4845360824742268,97
77,lewm_success_ald_fail,lewm,1,29,300,1.0,1.3133333333333332,4.023791094032364,1.0,0.6966666666666667,factor,0.03213700279593468,0.7708340127985787,0.9218308744901962,encoder_factor_head_diagnostic_only,0.8972024026475822,True,0.7544553848178546,0.2,0.3010033444816054,0.24749163879598662,0.22850270235160144,0.0018463206067885927,True,0.19415868805597003,0.0,0.5317725752508361,0.7993311036789298,0.0041910772991152825,0.007067348340092223,True,0.15791515813073176,0.1,0.9431438127090301,0.12040133779264214,0.024571754562385625,0.005641448179241608,True,0.32997425748034126,0.23333333333333334,0.9765886287625418,0.0903010033444816,0.009972665974178518,0.9142679172929932,True,0.7792156709367188,0.2,0.3010033444816054,0.2408026755852843,0.22333638114916773,0.8162000209439786,0.8340314136125655,1910,0.3612555345859327,0.49056603773584906,106,0.5679974181440823,0.6597938144329897,97
77,lewm_success_ald_fail,lewm,1,29,300,1.0,1.3133333333333332,4.023791094032364,1.0,0.6966666666666667,lewm,0.022050857543945312,0.6074520432894471,0.7653432884114083,encoder_raw,0.8972024026475822,True,0.8987881637744257,0.7,0.0802675585284281,0.06354515050167224,0.034887795445279396,0.0018463206067885927,True,0.23391381411520842,0.0,0.3110367892976589,0.7023411371237458,0.00366557350696728,0.007067348340092223,True,0.09655889356944633,0.1,0.8762541806020067,0.22742474916387959,0.026179373723146687,0.005641448179241608,True,0.25433338340801115,0.13333333333333333,0.9732441471571907,0.2040133779264214,0.011054781342791576,0.9142679172929932,True,0.9201452994568846,0.7,0.0802675585284281,0.06020066889632107,0.030803589611458744,0.9556563031098441,0.9717277486910995,1910,0.5850338750303039,0.4528301886792453,106,0.7740033815337636,0.6494845360824743,97
77,lewm_success_ald_fail,lewm,1,29,300,1.0,1.3133333333333332,4.023791094032364,1.0,0.6966666666666667,lewm,0.022050857543945312,0.6074520432894471,0.7653432884114083,predictor_raw,0.8972024026475822,True,0.5730557006188958,0.1,0.23411371237458195,0.16722408026755853,0.14592131440944772,0.0018463206067885927,True,0.2543406037844865,0.06666666666666667,0.7157190635451505,0.4983277591973244,0.0028935251450378334,0.007067348340092223,True,0.17011744574939722,0.06666666666666667,0.8929765886287625,0.431438127090301,0.02835671543865386,0.005641448179241608,True,0.3276374181935355,0.06666666666666667,0.959866220735786,0.391304347826087,0.0124600746963693,0.9142679172929932,True,0.6050827231413682,0.1,0.23411371237458195,0.15384615384615385,0.14324240192920482,0.6288042709430829,0.7392670157068063,1910,0.4081483929251563,0.5471698113207547,106,0.4987660991535747,0.7422680412371134,97
77,lewm_success_ald_fail,lewm,1,29,300,1.0,1.3133333333333332,4.023791094032364,1.0,0.6966666666666667,ald_tf,0.02990151010453701,0.8237200469071292,0.8355961002216851,encoder_raw,0.8972024026475822,True,0.8987881637744257,0.7,0.0802675585284281,0.06354515050167224,0.034887795445279396,0.0018463206067885927,True,0.23391381411520842,0.0,0.3110367892976589,0.7023411371237458,0.00366557350696728,0.007067348340092223,True,0.09655889356944633,0.1,0.8762541806020067,0.22742474916387959,0.026179373723146687,0.005641448179241608,True,0.25433338340801115,0.13333333333333333,0.9732441471571907,0.2040133779264214,0.011054781342791576,0.9142679172929932,True,0.9201452994568846,0.7,0.0802675585284281,0.06020066889632107,0.030803589611458744,0.9556563031098441,0.9717277486910995,1910,0.5850338750303039,0.4528301886792453,106,0.7740033815337636,0.6494845360824743,97
77,lewm_success_ald_fail,lewm,1,29,300,1.0,1.3133333333333332,4.023791094032364,1.0,0.6966666666666667,ald_tf,0.02990151010453701,0.8237200469071292,0.8355961002216851,predictor_raw,0.8972024026475822,True,0.9541594906610074,0.7,0.026755852842809364,0.05351170568561873,0.027860097819375908,0.0018463206067885927,True,0.28385026500294447,0.16666666666666666,0.11705685618729098,0.12040133779264214,0.001362103376669302,0.007067348340092223,True,-0.2590602117801309,0.03333333333333333,0.862876254180602,0.7759197324414716,0.034546406045010095,0.005641448179241608,True,-0.11404615606840077,0.03333333333333333,0.9866220735785953,0.7491638795986622,0.017118343534357008,0.9142679172929932,True,0.9522359137323748,0.7,0.026755852842809364,0.056856187290969896,0.0298394541771207,0.9536194314882694,0.9455497382198953,1910,0.1575239276751941,0.5188679245283019,106,-0.1513405843469721,0.5463917525773195,97
77,lewm_success_ald_fail,ald_tf,0,0,300,0.01,0.04,0.1470346945589411,0.0,0.0,factor,0.012074283324182034,0.2897737752319837,0.9365224393330068,encoder_raw,33.74902483445559,True,0.8849526921949759,0.7333333333333333,0.013377926421404682,0.0033444816053511705,1.114935713048376,0.0,False,nan,nan,nan,nan,nan,0.0,False,nan,nan,nan,nan,nan,0.0,False,nan,nan,nan,nan,nan,33.74902483445558,True,0.886389598805714,0.7333333333333333,0.013377926421404682,0.0033444816053511705,1.114935713048376,0.8981871777726388,0.9116233798235671,40582,nan,nan,0,nan,nan,0
77,lewm_success_ald_fail,ald_tf,0,0,300,0.01,0.04,0.1470346945589411,0.0,0.0,factor,0.012074283324182034,0.2897737752319837,0.9365224393330068,predictor_raw,33.74902483445559,True,0.8860329559217325,0.6,0.05016722408026756,0.006688963210702341,1.3958442525479242,0.0,False,nan,nan,nan,nan,nan,0.0,False,nan,nan,nan,nan,nan,0.0,False,nan,nan,nan,nan,nan,33.74902483445558,True,0.8874805275614174,0.6,0.05016722408026756,0.006688963210702341,1.3958442525479242,0.9092043107027549,0.8966783302942191,40582,nan,nan,0,nan,nan,0
77,lewm_success_ald_fail,ald_tf,0,0,300,0.01,0.04,0.1470346945589411,0.0,0.0,factor,0.012074283324182034,0.2897737752319837,0.9365224393330068,encoder_factor_head_diagnostic_only,33.74902483445559,True,0.9509863954995882,0.9333333333333333,0.0,0.0,0.0,0.0,False,nan,nan,nan,nan,nan,0.0,False,nan,nan,nan,nan,nan,0.0,False,nan,nan,nan,nan,nan,33.74902483445558,True,0.9510108402455179,0.9333333333333333,0.0,0.0,0.0,0.9498190816109724,0.963395101276428,40582,nan,nan,0,nan,nan,0
77,lewm_success_ald_fail,ald_tf,0,0,300,0.01,0.04,0.1470346945589411,0.0,0.0,lewm,0.016367223113775253,0.420773409104687,0.9133068196736803,encoder_raw,33.74902483445559,True,0.9114872416766615,0.8666666666666667,0.006688963210702341,0.006688963210702341,1.3958442525479242,0.0,False,nan,nan,nan,nan,nan,0.0,False,nan,nan,nan,nan,nan,0.0,False,nan,nan,nan,nan,nan,33.74902483445558,True,0.9129294816865116,0.8666666666666667,0.006688963210702341,0.006688963210702341,1.3958442525479242,0.9225888747402881,0.9372997880833868,40582,nan,nan,0,nan,nan,0
77,lewm_success_ald_fail,ald_tf,0,0,300,0.01,0.04,0.1470346945589411,0.0,0.0,lewm,0.016367223113775253,0.420773409104687,0.9133068196736803,predictor_raw,33.74902483445559,True,0.8992166579628662,0.6333333333333333,0.07023411371237458,0.006688963210702341,1.3958442525479242,0.0,False,nan,nan,nan,nan,nan,0.0,False,nan,nan,nan,nan,nan,0.0,False,nan,nan,nan,nan,nan,33.74902483445558,True,0.9007020078000867,0.6333333333333333,0.07023411371237458,0.006688963210702341,1.3958442525479242,0.9307252829887068,0.914420186289488,40582,nan,nan,0,nan,nan,0
77,lewm_success_ald_fail,ald_tf,0,0,300,0.01,0.04,0.1470346945589411,0.0,0.0,ald_tf,0.012876692228019238,0.33103780947516703,0.9317526027272407,encoder_raw,33.74902483445559,True,0.9114872416766615,0.8666666666666667,0.006688963210702341,0.006688963210702341,1.3958442525479242,0.0,False,nan,nan,nan,nan,nan,0.0,False,nan,nan,nan,nan,nan,0.0,False,nan,nan,nan,nan,nan,33.74902483445558,True,0.9129294816865116,0.8666666666666667,0.006688963210702341,0.006688963210702341,1.3958442525479242,0.9225888747402881,0.9372997880833868,40582,nan,nan,0,nan,nan,0
77,lewm_success_ald_fail,ald_tf,0,0,300,0.01,0.04,0.1470346945589411,0.0,0.0,ald_tf,0.012876692228019238,0.33103780947516703,0.9317526027272407,predictor_raw,33.74902483445559,True,0.9212622362470694,0.7,0.07357859531772576,0.006688963210702341,1.3958442525479242,0.0,False,nan,nan,nan,nan,nan,0.0,False,nan,nan,nan,nan,nan,0.0,False,nan,nan,nan,nan,nan,33.74902483445558,True,0.9227000300003333,0.7,0.07357859531772576,0.006688963210702341,1.3958442525479242,0.9415753516029696,0.9239810753536051,40582,nan,nan,0,nan,nan,0
77,lewm_success_ald_fail,ald_tf,0,3,300,0.35333333333333333,1.43,2.9480901398813977,0.0,0.0,factor,0.01942550763487816,0.15477728434215748,0.8402369809395984,encoder_raw,13.837777889319154,True,0.2728374156106596,0.0,0.5083612040133779,0.4414715719063545,7.702829399333906,0.04003404278774092,True,0.37151434379499954,0.16666666666666666,0.6755852842809364,0.7224080267558528,0.09405970312081069,0.4374528681943548,True,0.17107874259127168,0.13333333333333333,0.979933110367893,0.046822742474916385,1.1979918629987685,0.7293754358724271,True,0.3375527333268068,0.26666666666666666,0.8896321070234113,0.016722408026755852,0.022858015544994226,12.86848924223704,True,0.43654226500905585,0.06666666666666667,0.2508361204013378,0.3779264214046823,6.875779566753661,0.5871861696681165,0.8241032272573935,17786,0.5622896920110537,0.7567567567567568,37,0.2932899136472292,0.5694444444444444,72
77,lewm_success_ald_fail,ald_tf,0,3,300,0.35333333333333333,1.43,2.9480901398813977,0.0,0.0,factor,0.01942550763487816,0.15477728434215748,0.8402369809395984,predictor_raw,13.837777889319154,True,-0.07624751386126513,0.0,0.7926421404682275,0.29431438127090304,4.994227291804281,0.04003404278774092,True,0.6059556093113899,0.3,0.010033444816053512,0.7357859531772575,0.1150944854474143,0.4374528681943548,True,0.2801972753262524,0.06666666666666667,0.9765886287625418,0.8327759197324415,2.5244131475252325,0.7293754358724271,True,0.4584457589864975,0.13333333333333333,0.9130434782608695,0.7993311036789298,1.370314082398062,12.86848924223704,True,0.08020533561484017,0.0,0.5618729096989966,0.2976588628762542,5.514633526077106,0.33812212221632676,0.7047115708984595,17786,0.6302170407825839,0.7297297297297297,37,0.22211977035494238,0.5138888888888888,72
77,lewm_success_ald_fail,ald_tf,0,3,300,0.35333333333333333,1.43,2.9480901398813977,0.0,0.0,factor,0.01942550763487816,0.15477728434215748,0.8402369809395984,encoder_factor_head_diagnostic_only,13.837777889319154,True,0.9723378533960018,0.8666666666666667,0.010033444816053512,0.010033444816053512,0.03180505103323923,0.04003404278774092,True,-0.3503452182533169,0.0,0.44816053511705684,0.882943143812709,0.5292005718704704,0.4374528681943548,True,-0.36882162852124606,0.1,0.6220735785953178,0.7658862876254181,1.7646125843099492,0.7293754358724271,True,-0.4042845843077699,0.06666666666666667,0.11371237458193979,0.7692307692307693,1.0246196056058345,12.86848924223704,True,0.9839864531551384,0.8,0.030100334448160536,0.010033444816053512,0.20651680851383647,0.9732653021382038,0.9787754413583718,17786,0.4188035842113049,0.6216216216216216,37,0.18382287845789544,0.5,72
77,lewm_success_ald_fail,ald_tf,0,3,300,0.35333333333333333,1.43,2.9480901398813977,0.0,0.0,lewm,0.03827371075749397,0.28940043360963685,0.566603554715462,encoder_raw,13.837777889319154,True,0.444111699268198,0.03333333333333333,0.39464882943143814,0.46488294314381273,8.165827273842845,0.04003404278774092,True,0.317820244441838,0.16666666666666666,0.42474916387959866,0.8294314381270903,0.2905898251502371,0.4374528681943548,True,0.062139101538268536,0.13333333333333333,0.979933110367893,0.7759197324414716,1.8237195663252408,0.7293754358724271,True,0.22955293339939087,0.26666666666666666,0.8327759197324415,0.7591973244147158,0.845115840900893,12.86848924223704,True,0.595652386477735,0.13333333333333333,0.14381270903010032,0.451505016722408,8.161035266618502,0.7233029503875373,0.9155796694029011,17786,0.6397250612986279,0.8378378378378378,37,0.27363660812820817,0.5277777777777778,72
77,lewm_success_ald_fail,ald_tf,0,3,300,0.35333333333333333,1.43,2.9480901398813977,0.0,0.0,lewm,0.03827371075749397,0.28940043360963685,0.566603554715462,predictor_raw,13.837777889319154,True,-0.21307436749297215,0.0,0.7725752508361204,0.5183946488294314,9.70784604874239,0.04003404278774092,True,0.548640561496497,0.06666666666666667,0.2508361204013378,0.391304347826087,0.0900730101817604,0.4374528681943548,True,0.33610125997839246,0.0,0.9966555183946488,0.3745819397993311,1.2310595311475991,0.7293754358724271,True,0.5258569011097407,0.03333333333333333,0.919732441471572,0.34448160535117056,0.051938990754774705,12.86848924223704,True,-0.0750710563450705,0.0,0.4782608695652174,0.47491638795986624,8.909877191371926,0.12380490997075472,0.6283593837849994,17786,0.49922187241716337,0.7297297297297297,37,0.2261751428733019,0.6527777777777778,72
77,lewm_success_ald_fail,ald_tf,0,3,300,0.35333333333333333,1.43,2.9480901398813977,0.0,0.0,ald_tf,0.03290298953652382,0.2487905993556924,0.7827793259485011,encoder_raw,13.837777889319154,True,0.444111699268198,0.03333333333333333,0.39464882943143814,0.46488294314381273,8.165827273842845,0.04003404278774092,True,0.317820244441838,0.16666666666666666,0.42474916387959866,0.8294314381270903,0.2905898251502371,0.4374528681943548,True,0.062139101538268536,0.13333333333333333,0.979933110367893,0.7759197324414716,1.8237195663252408,0.7293754358724271,True,0.22955293339939087,0.26666666666666666,0.8327759197324415,0.7591973244147158,0.845115840900893,12.86848924223704,True,0.595652386477735,0.13333333333333333,0.14381270903010032,0.451505016722408,8.161035266618502,0.7233029503875373,0.9155796694029011,17786,0.6397250612986279,0.8378378378378378,37,0.27363660812820817,0.5277777777777778,72
77,lewm_success_ald_fail,ald_tf,0,3,300,0.35333333333333333,1.43,2.9480901398813977,0.0,0.0,ald_tf,0.03290298953652382,0.2487905993556924,0.7827793259485011,predictor_raw,13.837777889319154,True,0.021284680940899345,0.0,0.7023411371237458,0.4782608695652174,8.561330919045787,0.04003404278774092,True,0.5422031076593228,0.06666666666666667,0.2909698996655518,0.030100334448160536,0.036514403127543615,0.4374528681943548,True,0.3474539519553481,0.03333333333333333,0.9866220735785953,0.705685618729097,1.2957520562680738,0.7293754358724271,True,0.5275601962884483,0.13333333333333333,0.9264214046822743,0.6755852842809364,0.06307290882103245,12.86848924223704,True,0.19057500638895988,0.0,0.391304347826087,0.4214046822742475,7.774495979741581,0.46548660822377513,0.7712245586416282,17786,0.6115249074432291,0.6756756756756757,37,0.37725387366002217,0.6388888888888888,72
77,lewm_success_ald_fail,ald_tf,0,9,300,0.3333333333333333,0.81,1.4240173411424613,0.0,0.0,factor,0.015147247351706028,0.17143375466250127,0.841124737316485,encoder_raw,11.19488686098278,True,0.28383880393299415,0.0,0.7658862876254181,0.4180602006688963,7.3136481732306065,0.0,False,nan,nan,nan,nan,nan,0.24673556745352876,True,0.24665285003900544,0.3333333333333333,0.0033444816053511705,0.013377926421404682,0.13287066183364327,0.24606160195387883,True,0.23988191381330165,0.2,0.030100334448160536,0.013377926421404682,0.021836740163878154,9.87384996915837,True,0.40251905105138447,0.0,0.6555183946488294,0.3779264214046823,6.704247493008834,0.531911489490991,0.7863340563991323,18901,nan,nan,0,0.4428106366343583,nan,0
77,lewm_success_ald_fail,ald_tf,0,9,300,0.3333333333333333,0.81,1.4240173411424613,0.0,0.0,factor,0.015147247351706028,0.17143375466250127,0.841124737316485,predictor_raw,11.19488686098278,True,-0.03599328881432016,0.0,0.8996655518394648,0.5117056856187291,9.500792956263625,0.0,False,nan,nan,nan,nan,nan,0.24673556745352876,True,0.3911701245558328,0.2,0.05351170568561873,0.7090301003344481,0.2791398948310251,0.24606160195387883,True,0.3870095482761919,0.2,0.12709030100334448,0.7023411371237458,0.0830114016283825,9.87384996915837,True,0.08299381104234492,0.0,0.802675585284281,0.49498327759197325,8.952566937506358,0.276315305706996,0.6955187556213956,18901,nan,nan,0,0.4007249691644671,nan,0
77,lewm_success_ald_fail,ald_tf,0,9,300,0.3333333333333333,0.81,1.4240173411424613,0.0,0.0,factor,0.015147247351706028,0.17143375466250127,0.841124737316485,encoder_factor_head_diagnostic_only,11.19488686098278,True,0.9761933942133437,0.9333333333333333,0.010033444816053512,0.05016722408026756,0.7075663114280856,0.0,False,nan,nan,nan,nan,nan,0.24673556745352876,True,-0.4319730095264787,0.03333333333333333,0.23745819397993312,0.3595317725752508,0.1622062599164309,0.24606160195387883,True,-0.44267692892371663,0.06666666666666667,0.3979933110367893,0.35618729096989965,0.04324220766229514,9.87384996915837,True,0.9867204035780069,0.8,0.006688963210702341,0.0033444816053511705,0.11957109870472982,0.9740183545584371,0.9789164594465901,18901,nan,nan,0,0.28272112465057314,nan,0
77,lewm_success_ald_fail,ald_tf,0,9,300,0.3333333333333333,0.81,1.4240173411424613,0.0,0.0,lewm,0.04826852306723595,0.514705656859744,0.3115124539758795,encoder_raw,11.19488686098278,True,0.5105005090614099,0.0,0.7625418060200669,0.3277591973244147,5.7954387048090235,0.0,False,nan,nan,nan,nan,nan,0.24673556745352876,True,0.08372444611322813,0.23333333333333334,0.0,0.0,0.0,0.24606160195387883,True,0.07882955413271499,0.16666666666666666,0.046822742474916385,0.6989966555183946,0.07632255302417734,9.87384996915837,True,0.6204295449159375,0.1,0.5117056856187291,0.25752508361204013,5.240523837447551,0.6875260243064465,0.8764351092534787,18901,nan,nan,0,0.4291773129332659,nan,0
77,lewm_success_ald_fail,ald_tf,0,9,300,0.3333333333333333,0.81,1.4240173411424613,0.0,0.0,lewm,0.04826852306723595,0.514705656859744,0.3115124539758795,predictor_raw,11.19488686098278,True,-0.3661227346970522,0.0,0.9297658862876255,0.5719063545150501,10.829408572803063,0.0,False,nan,nan,nan,nan,nan,0.24673556745352876,True,0.5677557496563579,0.16666666666666666,0.47491638795986624,0.3595317725752508,0.1622062599164309,0.24606160195387883,True,0.5772046755047024,0.13333333333333333,0.2976588628762542,0.35618729096989965,0.04324220766229514,9.87384996915837,True,-0.26632518139090433,0.0,0.8729096989966555,0.5585284280936454,10.241413360079706,-0.06848453255661882,0.5883815671128512,18901,nan,nan,0,0.45241692697271624,nan,0
77,lewm_success_ald_fail,ald_tf,0,9,300,0.3333333333333333,0.81,1.4240173411424613,0.0,0.0,ald_tf,0.03225695341825485,0.3439681875973292,0.6846862802985794,encoder_raw,11.19488686098278,True,0.5105005090614099,0.0,0.7625418060200669,0.3277591973244147,5.7954387048090235,0.0,False,nan,nan,nan,nan,nan,0.24673556745352876,True,0.08372444611322813,0.23333333333333334,0.0,0.0,0.0,0.24606160195387883,True,0.07882955413271499,0.16666666666666666,0.046822742474916385,0.6989966555183946,0.07632255302417734,9.87384996915837,True,0.6204295449159375,0.1,0.5117056856187291,0.25752508361204013,5.240523837447551,0.6875260243064465,0.8764351092534787,18901,nan,nan,0,0.4291773129332659,nan,0
77,lewm_success_ald_fail,ald_tf,0,9,300,0.3333333333333333,0.81,1.4240173411424613,0.0,0.0,ald_tf,0.03225695341825485,0.3439681875973292,0.6846862802985794,predictor_raw,11.19488686098278,True,-0.02186202068911877,0.0,0.7959866220735786,0.3745819397993311,6.628221141344631,0.0,False,nan,nan,nan,nan,nan,0.24673556745352876,True,0.45174298357738857,0.23333333333333334,0.033444816053511704,0.3595317725752508,0.1622062599164309,0.24606160195387883,True,0.44716908724416443,0.23333333333333334,0.023411371237458192,0.35618729096989965,0.04324220766229514,9.87384996915837,True,0.1009260102890032,0.0,0.8160535117056856,0.3210702341137124,6.040225928621275,0.34626492507853235,0.7495899687847204,18901,nan,nan,0,0.48726737530435416,nan,0
77,lewm_success_ald_fail,ald_tf,0,19,300,0.6933333333333334,1.07,4.097224923546395,0.0,0.0,factor,0.028460737317800522,0.46300514320130315,0.57809306039839,encoder_raw,5.081978969778511,True,-0.34290703549164747,0.0,0.9264214046822743,0.8127090301003345,8.924183723569891,0.0669906725457049,True,-0.18138339478916765,0.2,1.0,0.016722408026755852,0.03379517065942511,0.7091704026822927,True,0.6409079058821918,0.4666666666666667,0.13043478260869565,0.5986622073578596,0.4884831544722439,0.9372332350150505,True,0.44294386332948155,0.23333333333333334,0.0033444816053511705,0.4682274247491639,0.20899102383625734,4.1924984448737135,True,-0.1647532188424026,0.0,0.842809364548495,0.8127090301003345,8.342049480824738,0.019457465553803954,0.6633466135458167,5522,-0.03846206048030578,0.5561097256857855,401,0.5353178642137701,0.8131868131868132,273
77,lewm_success_ald_fail,ald_tf,0,19,300,0.6933333333333334,1.07,4.097224923546395,0.0,0.0,factor,0.028460737317800522,0.46300514320130315,0.57809306039839,predictor_raw,5.081978969778511,True,-0.39976888632095914,0.0,0.939799331103679,0.5418060200668896,5.033605005994317,0.0669906725457049,True,0.13871161457884312,0.13333333333333333,1.0,0.9130434782608695,0.6214499978783468,0.7091704026822927,True,0.39382912039208184,0.43333333333333335,0.5083612040133779,0.033444816053511704,0.09019716209023332,0.9372332350150505,True,0.3653678211161278,0.16666666666666666,0.45484949832775917,0.5518394648829431,0.39835985867316825,4.1924984448737135,True,-0.23601817797975533,0.0,0.8896321070234113,0.4682274247491639,4.640839598086075,-0.15312683533247626,0.509779065555958,5522,0.18607886159491308,0.6508728179551122,401,0.27497311926028106,0.5970695970695971,273
77,lewm_success_ald_fail,ald_tf,0,19,300,0.6933333333333334,1.07,4.097224923546395,0.0,0.0,factor,0.028460737317800522,0.46300514320130315,0.57809306039839,encoder_factor_head_diagnostic_only,5.081978969778511,True,0.9509388829672691,0.7,0.0,0.0,0.0,0.0669906725457049,True,-0.19945509164698075,0.0,0.8361204013377926,0.8595317725752508,0.39913269925069633,0.7091704026822927,True,-0.45822802572203053,0.0,0.23745819397993312,0.7926421404682275,1.2035078234830094,0.9372332350150505,True,-0.5693216387723635,0.03333333333333333,0.8160535117056856,0.8193979933110368,1.2893532214382941,4.1924984448737135,True,0.9648192640427422,0.6666666666666666,0.006688963210702341,0.013377926421404682,0.49822795485688287,0.9366072885970618,0.9641434262948207,5522,0.002900802814289979,0.5561097256857855,401,0.30893176859127947,0.5567765567765568,273
77,lewm_success_ald_fail,ald_tf,0,19,300,0.6933333333333334,1.07,4.097224923546395,0.0,0.0,lewm,0.0859961062669754,1.278145620561949,0.15905337583308785,encoder_raw,5.081978969778511,True,-0.07461774284750564,0.0,0.8996655518394648,0.5919732441471572,5.525587722543497,0.0669906725457049,True,-0.2712538787115565,0.06666666666666667,0.959866220735786,0.8729096989966555,0.43400816216804944,0.7091704026822927,True,0.49147091981997604,0.6,0.07023411371237458,0.04013377926421405,0.116036418273044,0.9372332350150505,True,0.22076186499240832,0.06666666666666667,0.0033444816053511705,0.4782608695652174,0.2367572791456818,4.1924984448737135,True,0.09604976590288179,0.0,0.7859531772575251,0.5317725752508361,4.971219735107767,0.2387915931280218,0.8136544730170229,5522,-0.0923663045994787,0.5012468827930174,401,0.4933726185275408,0.8168498168498168,273
77,lewm_success_ald_fail,ald_tf,0,19,300,0.6933333333333334,1.07,4.097224923546395,0.0,0.0,lewm,0.0859961062669754,1.278145620561949,0.15905337583308785,predictor_raw,5.081978969778511,True,-0.7365344059378438,0.0,0.9732441471571907,0.6755852842809364,6.746963191092396,0.0669906725457049,True,0.2126428499570774,0.0,0.9933110367892977,0.6588628762541806,0.1252698943869141,0.7091704026822927,True,0.5557744996907635,0.1,0.5451505016722408,0.6020066889632107,0.4917158583980481,0.9372332350150505,True,0.6843860783751962,0.23333333333333334,0.862876254180602,0.5050167224080268,0.30369845148955044,4.1924984448737135,True,-0.5978395315503505,0.0,0.9096989966555183,0.6755852842809364,6.259536376000536,-0.5443832136018463,0.43190872872147773,5522,0.25846319878308127,0.6084788029925187,401,0.32623543775718894,0.6556776556776557,273
77,lewm_success_ald_fail,ald_tf,0,19,300,0.6933333333333334,1.07,4.097224923546395,0.0,0.0,ald_tf,0.05815570801496506,0.8643584778041528,0.5205379572677622,encoder_raw,5.081978969778511,True,-0.07461774284750564,0.0,0.8996655518394648,0.5919732441471572,5.525587722543497,0.0669906725457049,True,-0.2712538787115565,0.06666666666666667,0.959866220735786,0.8729096989966555,0.43400816216804944,0.7091704026822927,True,0.49147091981997604,0.6,0.07023411371237458,0.04013377926421405,0.116036418273044,0.9372332350150505,True,0.22076186499240832,0.06666666666666667,0.0033444816053511705,0.4782608695652174,0.2367572791456818,4.1924984448737135,True,0.09604976590288179,0.0,0.7859531772575251,0.5317725752508361,4.971219735107767,0.2387915931280218,0.8136544730170229,5522,-0.0923663045994787,0.5012468827930174,401,0.4933726185275408,0.8168498168498168,273
77,lewm_success_ald_fail,ald_tf,0,19,300,0.6933333333333334,1.07,4.097224923546395,0.0,0.0,ald_tf,0.05815570801496506,0.8643584778041528,0.5205379572677622,predictor_raw,5.081978969778511,True,-0.1555403948932766,0.0,0.9665551839464883,0.3712374581939799,3.8063418197740884,0.0669906725457049,True,0.127329867855182,0.16666666666666666,1.0,0.7625418060200669,0.18414165079007078,0.7091704026822927,True,0.24970677229837598,0.3,0.18394648829431437,0.8327759197324415,1.3898622957421867,0.9372332350150505,True,0.13279719757442202,0.0,0.5886287625418061,0.8127090301003345,1.2607166452368457,4.1924984448737135,True,0.01054011711241236,0.0,0.9096989966555183,0.391304347826087,4.275933198429524,0.06136864183827454,0.7354219485693589,5522,0.2031657418868976,0.6259351620947631,401,0.2626128196754829,0.5128205128205128,273
77,lewm_success_ald_fail,ald_tf,0,29,300,0.9866666666666667,1.5833333333333333,6.993742786694362,0.0,0.0,factor,0.03771203011274338,0.7660595800221844,0.5917597519705535,encoder_raw,1.9128874313957551,True,-0.6798051844804078,0.0,0.9732441471571907,0.979933110367893,5.765368274551188,0.1763696171662198,True,-0.3007129397551411,0.0,0.7591973244147158,0.7525083612040134,0.20430286966285943,1.3157659712677177,True,0.836879216773924,0.5666666666666667,0.11705685618729098,0.11371237458193979,0.11414374153547735,0.9488005765277663,True,0.6517426706269958,0.43333333333333335,0.006688963210702341,0.0033444816053511705,0.027728415348160507,1.5485991911645982,True,-0.41306596885143076,0.0,0.9531772575250836,0.9632107023411371,4.705489324595396,-0.3613503748074784,0.5168539325842697,801,-0.04417566667563549,0.7058823529411765,221,0.6733151046044082,0.6976542137271937,1151
77,lewm_success_ald_fail,ald_tf,0,29,300,0.9866666666666667,1.5833333333333333,6.993742786694362,0.0,0.0,factor,0.03771203011274338,0.7660595800221844,0.5917597519705535,predictor_raw,1.9128874313957551,True,-0.8177979755330614,0.0,0.9933110367892977,0.8327759197324415,3.915770426991532,0.1763696171662198,True,0.07298489519281465,0.03333333333333333,0.2809364548494983,0.8561872909698997,0.9028068880757898,1.3157659712677177,True,0.5213282991825438,0.43333333333333335,0.11036789297658862,0.10367892976588629,0.10855109266175056,0.9488005765277663,True,0.5674480932260534,0.23333333333333334,0.23411371237458195,0.2140468227424749,0.7206397848873642,1.5485991911645982,True,-0.5599235547061634,0.0,0.919732441471572,0.7725752508361204,3.5488028465749446,-0.7214567703891477,0.13108614232209737,801,0.2703704975487936,0.6063348416289592,221,0.13619696104642962,0.63249348392702,1151
77,lewm_success_ald_fail,ald_tf,0,29,300,0.9866666666666667,1.5833333333333333,6.993742786694362,0.0,0.0,factor,0.03771203011274338,0.7660595800221844,0.5917597519705535,encoder_factor_head_diagnostic_only,1.9128874313957551,True,0.8614138892003175,0.6333333333333333,0.016722408026755852,0.0033444816053511705,0.12079274469131536,0.1763696171662198,True,0.24967701986864693,0.0,0.6187290969899666,0.7391304347826086,0.1863317430421963,1.3157659712677177,True,-0.4343417766527061,0.0,0.5752508361204013,0.3979933110367893,1.071201073420616,0.9488005765277663,True,-0.1823049210589979,0.03333333333333333,0.8528428093645485,0.35451505016722407,0.9668146206126362,1.5485991911645982,True,0.929633099215897,0.8333333333333334,0.0,0.0,0.0,0.8910798746410725,0.9413233458177278,801,0.5546601590232746,0.7194570135746606,221,0.5111454048814643,0.739357080799305,1151
77,lewm_success_ald_fail,ald_tf,0,29,300,0.9866666666666667,1.5833333333333333,6.993742786694362,0.0,0.0,lewm,0.07143113762140274,1.297657291623735,0.6274301522717127,encoder_raw,1.9128874313957551,True,-0.72689815741266,0.0,0.9966555183946488,0.979933110367893,5.765368274551188,0.1763696171662198,True,-0.3811882492114414,0.0,0.7023411371237458,0.7525083612040134,0.20430286966285943,1.3157659712677177,True,0.8710809455082527,0.5666666666666667,0.07357859531772576,0.11371237458193979,0.11414374153547735,0.9488005765277663,True,0.6075771416695906,0.36666666666666664,0.023411371237458192,0.0033444816053511705,0.027728415348160507,1.5485991911645982,True,-0.49430154716181013,0.0,0.9765886287625418,0.9632107023411371,4.705489324595396,-0.5090261175063281,0.4369538077403246,801,-0.24287579009159346,0.4796380090497738,221,0.7178443347843301,0.7801911381407471,1151
77,lewm_success_ald_fail,ald_tf,0,29,300,0.9866666666666667,1.5833333333333333,6.993742786694362,0.0,0.0,lewm,0.07143113762140274,1.297657291623735,0.6274301522717127,predictor_raw,1.9128874313957551,True,-0.8511219013544595,0.0,0.9966555183946488,0.8160535117056856,3.790102573680718,0.1763696171662198,True,0.12245543781047613,0.1,0.3076923076923077,0.8729096989966555,0.9924141701773828,1.3157659712677177,True,0.5434043943779442,0.3333333333333333,0.06688963210702341,0.07023411371237458,0.05711848428203714,0.9488005765277663,True,0.6108109309881643,0.13333333333333333,0.19063545150501673,0.23411371237458195,0.7588144586092436,1.5485991911645982,True,-0.5825393615484616,0.0,0.9698996655518395,0.7157190635451505,3.4613096669860095,-0.7752032966537412,0.18102372034956304,801,0.4081634276586708,0.5746606334841629,221,0.21013783400200856,0.6507384882710686,1151
77,lewm_success_ald_fail,ald_tf,0,29,300,0.9866666666666667,1.5833333333333333,6.993742786694362,0.0,0.0,ald_tf,0.1194145455956459,2.169350243859127,0.13043257485445195,encoder_raw,1.9128874313957551,True,-0.72689815741266,0.0,0.9966555183946488,0.979933110367893,5.765368274551188,0.1763696171662198,True,-0.3811882492114414,0.0,0.7023411371237458,0.7525083612040134,0.20430286966285943,1.3157659712677177,True,0.8710809455082527,0.5666666666666667,0.07357859531772576,0.11371237458193979,0.11414374153547735,0.9488005765277663,True,0.6075771416695906,0.36666666666666664,0.023411371237458192,0.0033444816053511705,0.027728415348160507,1.5485991911645982,True,-0.49430154716181013,0.0,0.9765886287625418,0.9632107023411371,4.705489324595396,-0.5090261175063281,0.4369538077403246,801,-0.24287579009159346,0.4796380090497738,221,0.7178443347843301,0.7801911381407471,1151
77,lewm_success_ald_fail,ald_tf,0,29,300,0.9866666666666667,1.5833333333333333,6.993742786694362,0.0,0.0,ald_tf,0.1194145455956459,2.169350243859127,0.13043257485445195,predictor_raw,1.9128874313957551,True,-0.1123336925965844,0.0,0.9966555183946488,0.35785953177257523,1.8425631608491133,0.1763696171662198,True,0.36875345845065216,0.3,0.23411371237458195,0.17391304347826086,0.017690032066961625,1.3157659712677177,True,0.0037374246929358294,0.0,0.3076923076923077,0.6688963210702341,1.6743546471943915,0.9488005765277663,True,-0.02246366022480232,0.0,0.8729096989966555,0.5986622073578596,1.401326483411177,1.5485991911645982,True,0.07086878743097146,0.0,0.9732441471571907,0.2976588628762542,2.156282278956338,-0.05470620272876917,0.616729088639201,801,0.3826329990694675,0.5294117647058824,221,0.09510130233582169,0.576889661164205,1151
77,lewm_success_ald_fail,ald_tf,1,0,300,1.0,6.316666666666666,9.082773432317218,0.0,0.0,factor,0.0385955311357975,0.24714164302056615,0.8185806508961211,encoder_raw,13.157213685176622,True,0.41446016066845187,0.16666666666666666,0.0,0.0,0.0,0.7666944407316564,True,0.5323468038533762,0.3333333333333333,0.7023411371237458,0.7591973244147158,0.9985588667956069,2.950957707202293,True,0.6103236702630029,0.16666666666666666,0.1705685618729097,0.05351170568561873,1.9876681180075608,3.853142876820253,True,0.7675716396848854,0.36666666666666664,0.3076923076923077,0.09698996655518395,0.5274292825421281,13.859409459755438,True,0.6442116023511373,0.3333333333333333,0.0,0.0,0.0,0.7404974118837716,0.8456026058631921,1535,0.6942236896952743,0.8487084870848709,271,0.6776801157089071,0.8466898954703833,574
77,lewm_success_ald_fail,ald_tf,1,0,300,1.0,6.316666666666666,9.082773432317218,0.0,0.0,factor,0.0385955311357975,0.24714164302056615,0.8185806508961211,predictor_raw,13.157213685176622,True,0.14425004722274692,0.03333333333333333,0.026755852842809364,0.20066889632107024,2.549467425998819,0.7666944407316564,True,0.7327130301447794,0.23333333333333334,0.07357859531772576,0.013377926421404682,0.10906231337019051,2.950957707202293,True,0.48411249013877933,0.06666666666666667,0.4013377926421405,0.5083612040133779,4.374142315813323,3.853142876820253,True,0.7177301970021889,0.13333333333333333,0.3979933110367893,0.4013377926421405,2.024406926922474,13.859409459755438,True,0.3680863120701341,0.13333333333333333,0.026755852842809364,0.12709030100334448,4.046445070379164,0.4795179760532669,0.7231270358306189,1535,0.7668416758150401,0.8044280442804428,271,0.40744290067771666,0.6428571428571429,574
77,lewm_success_ald_fail,ald_tf,1,0,300,1.0,6.316666666666666,9.082773432317218,0.0,0.0,factor,0.0385955311357975,0.24714164302056615,0.8185806508961211,encoder_factor_head_diagnostic_only,13.157213685176622,True,0.9215071278569762,0.5333333333333333,0.0,0.0,0.0,0.7666944407316564,True,0.029056322848031644,0.1,0.822742474916388,0.7591973244147158,0.9985588667956069,2.950957707202293,True,0.12517872420804677,0.1,0.7759197324414716,0.05351170568561873,1.9876681180075608,3.853142876820253,True,0.21551306125623618,0.2,0.45819397993311034,0.09698996655518395,0.5274292825421281,13.859409459755438,True,0.9815975733063701,0.8666666666666667,0.0,0.0,0.0,0.954239612172001,0.9785016286644951,1535,0.552804603244768,0.7970479704797048,271,0.2671958458335315,0.705574912891986,574
77,lewm_success_ald_fail,ald_tf,1,0,300,1.0,6.316666666666666,9.082773432317218,0.0,0.0,lewm,0.04463731870055199,0.27887297070546985,0.8218157979533106,encoder_raw,13.157213685176622,True,0.5542008244536051,0.16666666666666666,0.0033444816053511705,0.12040133779264214,1.4306377494833793,0.7666944407316564,True,0.4519214657940644,0.3,0.5551839464882943,0.11036789297658862,0.1728306921823598,2.950957707202293,True,0.42301892243247147,0.13333333333333333,0.35785953177257523,0.19063545150501673,2.9126750627608264,3.853142876820253,True,0.6004960055111723,0.3333333333333333,0.38461538461538464,0.13377926421404682,0.6267080526821465,13.859409459755438,True,0.7311765686285403,0.3333333333333333,0.0033444816053511705,0.030100334448160536,1.5299165196233977,0.7802079850962111,0.867100977198697,1535,0.664642603159724,0.8302583025830258,271,0.4469763058103735,0.7369337979094077,574
77,lewm_success_ald_fail,ald_tf,1,0,300,1.0,6.316666666666666,9.082773432317218,0.0,0.0,lewm,0.04463731870055199,0.27887297070546985,0.8218157979533106,predictor_raw,13.157213685176622,True,0.5825420282447583,0.16666666666666666,0.043478260869565216,0.20066889632107024,2.549467425998819,0.7666944407316564,True,0.32975655285058725,0.2,0.17391304347826086,0.013377926421404682,0.10906231337019051,2.950957707202293,True,0.11896843298258869,0.03333333333333333,0.3779264214046823,0.5083612040133779,4.374142315813323,3.853142876820253,True,0.32605428949210546,0.16666666666666666,0.6755852842809364,0.4013377926421405,2.024406926922474,13.859409459755438,True,0.6839124879165324,0.36666666666666664,0.043478260869565216,0.12709030100334448,4.046445070379164,0.7110281383278183,0.8521172638436482,1535,0.5597235363247336,0.6789667896678967,271,-0.02455956105258981,0.519163763066202,574
77,lewm_success_ald_fail,ald_tf,1,0,300,1.0,6.316666666666666,9.082773432317218,0.0,0.0,ald_tf,0.025730548426508904,0.16075236341408555,0.8941214902387804,encoder_raw,13.157213685176622,True,0.5542008244536051,0.16666666666666666,0.0033444816053511705,0.12040133779264214,1.4306377494833793,0.7666944407316564,True,0.4519214657940644,0.3,0.5551839464882943,0.11036789297658862,0.1728306921823598,2.950957707202293,True,0.42301892243247147,0.13333333333333333,0.35785953177257523,0.19063545150501673,2.9126750627608264,3.853142876820253,True,0.6004960055111723,0.3333333333333333,0.38461538461538464,0.13377926421404682,0.6267080526821465,13.859409459755438,True,0.7311765686285403,0.3333333333333333,0.0033444816053511705,0.030100334448160536,1.5299165196233977,0.7802079850962111,0.867100977198697,1535,0.664642603159724,0.8302583025830258,271,0.4469763058103735,0.7369337979094077,574
77,lewm_success_ald_fail,ald_tf,1,0,300,1.0,6.316666666666666,9.082773432317218,0.0,0.0,ald_tf,0.025730548426508904,0.16075236341408555,0.8941214902387804,predictor_raw,13.157213685176622,True,0.5360912899032212,0.16666666666666666,0.013377926421404682,0.20066889632107024,2.549467425998819,0.7666944407316564,True,0.4436053733930377,0.16666666666666666,0.13712374581939799,0.013377926421404682,0.10906231337019051,2.950957707202293,True,0.30140690452116137,0.03333333333333333,0.47491638795986624,0.5083612040133779,4.374142315813323,3.853142876820253,True,0.5054549494994389,0.13333333333333333,0.5551839464882943,0.4013377926421405,2.024406926922474,13.859409459755438,True,0.6915885732063689,0.36666666666666664,0.013377926421404682,0.12709030100334448,4.046445070379164,0.729647452833007,0.8377850162866449,1535,0.6373203872057125,0.7564575645756457,271,0.2240733860001144,0.5836236933797909,574
77,lewm_success_ald_fail,ald_tf,1,3,300,1.0,3.1266666666666665,3.605986630915561,0.0,0.0,factor,0.03257910534739494,0.27873741649482603,0.7002784475383059,encoder_raw,9.951963027720424,True,0.30987233191479907,0.16666666666666666,0.020066889632107024,0.05016722408026756,0.3178312162682301,0.14849232978445825,True,0.4565032944810498,0.1,0.9531772575250836,0.16722408026755853,0.12831003405292452,0.8524805502866339,True,0.4114596828853654,0.13333333333333333,0.8394648829431438,0.11705685618729098,2.4394087215667235,1.250311428618863,True,0.5300018889098768,0.16666666666666666,0.7023411371237458,0.10033444816053512,0.5549080872468863,11.077180083605942,True,0.46697807753419485,0.3333333333333333,0.020066889632107024,0.016722408026755852,0.2845208957085843,0.5721467397069214,0.7243097363504256,4817,0.50360047581572,0.8389261744966443,149,0.3448190356028109,0.5957446808510638,423
77,lewm_success_ald_fail,ald_tf,1,3,300,1.0,3.1266666666666665,3.605986630915561,0.0,0.0,factor,0.03257910534739494,0.27873741649482603,0.7002784475383059,predictor_raw,9.951963027720424,True,0.05619929110323448,0.13333333333333333,0.4414715719063545,0.3076923076923077,3.093305279370496,0.14849232978445825,True,0.5733650373893043,0.36666666666666664,0.026755852842809364,0.056856187290969896,0.12139320369488749,0.8524805502866339,True,0.1219289103212258,0.06666666666666667,0.9130434782608695,0.9331103678929766,6.115548687842305,1.250311428618863,True,0.266917632418138,0.1,0.8127090301003345,0.8963210702341137,4.224131223164431,11.077180083605942,True,0.16488672096356627,0.23333333333333334,0.4414715719063545,0.451505016722408,6.729218094728395,0.2928250921452779,0.656840357068715,4817,0.6309170809445775,0.8187919463087249,149,-0.18863417856256723,0.4373522458628842,423
77,lewm_success_ald_fail,ald_tf,1,3,300,1.0,3.1266666666666665,3.605986630915561,0.0,0.0,factor,0.03257910534739494,0.27873741649482603,0.7002784475383059,encoder_factor_head_diagnostic_only,9.951963027720424,True,0.9579808664540718,0.7,0.0,0.0,0.0,0.14849232978445825,True,-0.16346892743252703,0.0,0.802675585284281,0.2040133779264214,0.1292089896087285,0.8524805502866339,True,-0.05821220235780398,0.03333333333333333,0.7491638795986622,0.19732441471571907,2.4718200865705655,1.250311428618863,True,-0.03478349759441771,0.03333333333333333,0.5050167224080268,0.16387959866220736,0.588218407806532,11.077180083605942,True,0.9872714141268236,0.8666666666666667,0.0,0.0,0.0,0.9716749232537356,0.9640855304131202,4817,0.35307440915930366,0.6174496644295302,149,0.36017256767595357,0.5957446808510638,423
77,lewm_success_ald_fail,ald_tf,1,3,300,1.0,3.1266666666666665,3.605986630915561,0.0,0.0,lewm,0.030270131304860115,0.2493824807134368,0.7652760586228736,encoder_raw,9.951963027720424,True,0.5222320248002755,0.3333333333333333,0.013377926421404682,0.05016722408026756,0.3178312162682301,0.14849232978445825,True,0.3375268614095712,0.0,0.745819397993311,0.16722408026755853,0.12831003405292452,0.8524805502866339,True,0.17166057400637785,0.03333333333333333,0.8795986622073578,0.11705685618729098,2.4394087215667235,1.250311428618863,True,0.2904850053889488,0.03333333333333333,0.7591973244147158,0.10033444816053512,0.5549080872468863,11.077180083605942,True,0.6284687607640085,0.5,0.013377926421404682,0.016722408026755852,0.2845208957085843,0.7038901455809491,0.7867967614697945,4817,0.5549797312799482,0.8187919463087249,149,0.09519093183303316,0.5319148936170213,423
77,lewm_success_ald_fail,ald_tf,1,3,300,1.0,3.1266666666666665,3.605986630915561,0.0,0.0,lewm,0.030270131304860115,0.2493824807134368,0.7652760586228736,predictor_raw,9.951963027720424,True,0.4979486438738208,0.13333333333333333,0.47157190635451507,0.18729096989966554,1.6154853226238335,0.14849232978445825,True,0.12848187202080022,0.23333333333333334,0.033444816053511704,0.6789297658862876,0.18784657960092976,0.8524805502866339,True,-0.26636829298103315,0.03333333333333333,0.9632107023411371,0.043478260869565216,2.3084532249305014,1.250311428618863,True,-0.1437273747486083,0.03333333333333333,0.8260869565217391,0.026755852842809364,0.4834891361586693,11.077180083605942,True,0.5026451405015612,0.13333333333333333,0.47157190635451507,0.09364548494983277,1.5107560509759703,0.5871083418349804,0.7334440523147187,4817,0.4828458799716703,0.7651006711409396,149,-0.4037858414013753,0.408983451536643,423
77,lewm_success_ald_fail,ald_tf,1,3,300,1.0,3.1266666666666665,3.605986630915561,0.0,0.0,ald_tf,0.019007740542292595,0.15659652881760763,0.8448164979610885,encoder_raw,9.951963027720424,True,0.5222320248002755,0.3333333333333333,0.013377926421404682,0.05016722408026756,0.3178312162682301,0.14849232978445825,True,0.3375268614095712,0.0,0.745819397993311,0.16722408026755853,0.12831003405292452,0.8524805502866339,True,0.17166057400637785,0.03333333333333333,0.8795986622073578,0.11705685618729098,2.4394087215667235,1.250311428618863,True,0.2904850053889488,0.03333333333333333,0.7591973244147158,0.10033444816053512,0.5549080872468863,11.077180083605942,True,0.6284687607640085,0.5,0.013377926421404682,0.016722408026755852,0.2845208957085843,0.7038901455809491,0.7867967614697945,4817,0.5549797312799482,0.8187919463087249,149,0.09519093183303316,0.5319148936170213,423
77,lewm_success_ald_fail,ald_tf,1,3,300,1.0,3.1266666666666665,3.605986630915561,0.0,0.0,ald_tf,0.019007740542292595,0.15659652881760763,0.8448164979610885,predictor_raw,9.951963027720424,True,0.40840676007511195,0.03333333333333333,0.3110367892976589,0.48494983277591974,6.0056727129596705,0.14849232978445825,True,0.2631193679929777,0.2,0.2040133779264214,0.026755852842809364,0.09409278842368934,0.8524805502866339,True,-0.1204155601728908,0.03333333333333333,0.9832775919732442,0.7525083612040134,3.3448839902575602,1.250311428618863,True,0.014150823898043311,0.03333333333333333,0.8662207357859532,0.6889632107023411,1.426166110308488,11.077180083605942,True,0.4598988877654196,0.1,0.3110367892976589,0.45819397993311034,6.843620415461627,0.5373544026538897,0.7016815445297904,4817,0.5185253674003574,0.7449664429530202,149,-0.2922622809894062,0.40189125295508277,423
77,lewm_success_ald_fail,ald_tf,1,9,300,1.0,3.6266666666666665,8.420614849003364,0.0,0.0,factor,0.06344717741012573,0.534165576891617,0.46761408460094,encoder_raw,10.249685638528904,True,0.07142212691252126,0.0,0.24749163879598662,0.34782608695652173,5.592727400981791,0.4263402274287198,True,0.014608606762297359,0.16666666666666666,0.43812709030100333,0.033444816053511704,0.04506632285408946,1.1160987245696372,True,0.7637520416893521,0.6666666666666666,0.0,0.0,0.0,1.8206978969798544,True,0.5552603917821309,0.4,0.0,0.0,0.0,9.231452242768633,True,0.33852109467882974,0.03333333333333333,0.24749163879598662,0.12374581939799331,4.23396329689378,0.3668989680398443,0.8053048947224501,3657,0.10173266817660306,0.5892255892255892,297,0.7981968071152498,0.86875,640
77,lewm_success_ald_fail,ald_tf,1,9,300,1.0,3.6266666666666665,8.420614849003364,0.0,0.0,factor,0.06344717741012573,0.534165576891617,0.46761408460094,predictor_raw,10.249685638528904,True,0.4702012244580495,0.03333333333333333,0.7625418060200669,0.27424749163879597,4.388267237658781,0.4263402274287198,True,-0.21663796264402937,0.03333333333333333,0.6655518394648829,0.9832775919732442,4.1429037638371025,1.1160987245696372,True,0.14058645096056624,0.23333333333333334,0.010033444816053512,0.39464882943143814,1.373254656163837,1.8206978969798544,True,-0.20835920399115546,0.03333333333333333,0.010033444816053512,0.8762541806020067,5.471092097146849,9.231452242768633,True,0.5297227746974966,0.03333333333333333,0.7625418060200669,0.451505016722408,8.500595230717618,0.483449783010097,0.8124145474432595,3657,-0.1017465994931755,0.37037037037037035,297,0.2694339648595857,0.446875,640
77,lewm_success_ald_fail,ald_tf,1,9,300,1.0,3.6266666666666665,8.420614849003364,0.0,0.0,factor,0.06344717741012573,0.534165576891617,0.46761408460094,encoder_factor_head_diagnostic_only,10.249685638528904,True,0.8983926488072089,0.7666666666666667,0.0,0.0,0.0,0.4263402274287198,True,-0.1436020400226669,0.03333333333333333,0.6755852842809364,0.21739130434782608,0.11102930747106043,1.1160987245696372,True,0.10010422338025977,0.03333333333333333,0.10702341137123746,0.20735785953177258,1.2928011194710407,1.8206978969798544,True,-0.10606740074889721,0.1,0.10702341137123746,0.10033444816053512,1.3587641040880118,9.231452242768633,True,0.9884403160035111,0.9333333333333333,0.0,0.0,0.0,0.9473498265262976,0.9789444900191414,3657,0.3290951253689731,0.6026936026936027,297,0.6758516892196991,0.7671875,640
77,lewm_success_ald_fail,ald_tf,1,9,300,1.0,3.6266666666666665,8.420614849003364,0.0,0.0,lewm,0.05166162922978401,0.4398157835864042,0.7233369259658441,encoder_raw,10.249685638528904,True,0.24399159990666563,0.0,0.2842809364548495,0.34782608695652173,5.592727400981791,0.4263402274287198,True,-0.19157368415204615,0.1,0.4013377926421405,0.033444816053511704,0.04506632285408946,1.1160987245696372,True,0.5780135334837053,0.7333333333333333,0.0,0.0,0.0,1.8206978969798544,True,0.25237569306325625,0.3,0.0,0.0,0.0,9.231452242768633,True,0.45499527772530807,0.0,0.2842809364548495,0.12374581939799331,4.23396329689378,0.4101086700268152,0.7987421383647799,3657,-0.1507863836044087,0.45791245791245794,297,0.6615937043391149,0.7703125,640
77,lewm_success_ald_fail,ald_tf,1,9,300,1.0,3.6266666666666665,8.420614849003364,0.0,0.0,lewm,0.05166162922978401,0.4398157835864042,0.7233369259658441,predictor_raw,10.249685638528904,True,0.278358648429427,0.0,0.7993311036789298,0.34782608695652173,5.592727400981791,0.4263402274287198,True,-0.2033227035855954,0.13333333333333333,0.5016722408026756,0.033444816053511704,0.04506632285408946,1.1160987245696372,True,0.1328828098089979,0.16666666666666666,0.0,0.0,0.0,1.8206978969798544,True,-0.19125501394459937,0.13333333333333333,0.0,0.0,0.0,9.231452242768633,True,0.3383873154146157,0.0,0.7993311036789298,0.12374581939799331,4.23396329689378,0.273950298471798,0.6568225321301613,3657,-0.13542370145885094,0.3771043771043771,297,0.1977482285186536,0.3890625,640
77,lewm_success_ald_fail,ald_tf,1,9,300,1.0,3.6266666666666665,8.420614849003364,0.0,0.0,ald_tf,0.037059612572193146,0.3155030684446695,0.8402462249580551,encoder_raw,10.249685638528904,True,0.24399159990666563,0.0,0.2842809364548495,0.34782608695652173,5.592727400981791,0.4263402274287198,True,-0.19157368415204615,0.1,0.4013377926421405,0.033444816053511704,0.04506632285408946,1.1160987245696372,True,0.5780135334837053,0.7333333333333333,0.0,0.0,0.0,1.8206978969798544,True,0.25237569306325625,0.3,0.0,0.0,0.0,9.231452242768633,True,0.45499527772530807,0.0,0.2842809364548495,0.12374581939799331,4.23396329689378,0.4101086700268152,0.7987421383647799,3657,-0.1507863836044087,0.45791245791245794,297,0.6615937043391149,0.7703125,640
77,lewm_success_ald_fail,ald_tf,1,9,300,1.0,3.6266666666666665,8.420614849003364,0.0,0.0,ald_tf,0.037059612572193146,0.3155030684446695,0.8402462249580551,predictor_raw,10.249685638528904,True,0.18879809775664175,0.0,0.7625418060200669,0.34782608695652173,5.592727400981791,0.4263402274287198,True,-0.1364939610440116,0.1,0.5418060200668896,0.033444816053511704,0.04506632285408946,1.1160987245696372,True,0.33088100978899765,0.23333333333333334,0.0,0.0,0.0,1.8206978969798544,True,0.04830720341337126,0.13333333333333333,0.0,0.0,0.0,9.231452242768633,True,0.3385895398837765,0.0,0.7625418060200669,0.12374581939799331,4.23396329689378,0.2466513733658733,0.7290128520645338,3657,-0.0846628343425086,0.41414141414141414,297,0.3818862794031594,0.521875,640
77,lewm_success_ald_fail,ald_tf,1,19,300,1.0,4.31,15.219227628245438,0.0,0.0,factor,0.16488946974277496,0.9327197831375266,0.2480285336503739,encoder_raw,3.5612622117016954,True,0.2370613006811187,0.23333333333333334,0.8193979933110368,0.046822742474916385,1.0830141678748988,0.2696341042667224,True,0.5772277469749664,0.1,0.6387959866220736,0.35451505016722407,0.27567411193906527,1.65539971861877,True,0.9743201591128791,0.8666666666666667,0.013377926421404682,0.0033444816053511705,0.0031979364173012614,1.858327381206896,True,0.9683889820998011,0.8,0.0,0.0,0.0,6.142648282912958,True,0.9499398882209802,0.8666666666666667,0.0,0.0,0.0,-0.17501124952076128,0.8622047244094488,254,0.1291679906251349,0.322360953461975,881,0.9576057913164439,0.8769230769230769,65
77,lewm_success_ald_fail,ald_tf,1,19,300,1.0,4.31,15.219227628245438,0.0,0.0,factor,0.16488946974277496,0.9327197831375266,0.2480285336503739,predictor_raw,3.5612622117016954,True,0.5132474805275614,0.2,0.7692307692307693,0.20735785953177258,2.8448426056080156,0.2696341042667224,True,0.3935181502016689,0.43333333333333335,0.06354515050167224,0.006688963210702341,0.017195295872850964,1.65539971861877,True,0.2799346659407327,0.2,0.4882943143812709,0.13043478260869565,0.6655498809416467,1.858327381206896,True,0.2897032189246547,0.26666666666666666,0.4414715719063545,0.05016722408026756,0.40387312845813117,6.142648282912958,True,0.4008328981433127,0.26666666666666666,0.4414715719063545,0.06354515050167224,2.1657015661912475,0.6528807284792327,0.7283464566929134,254,0.574069876818269,0.7332576617480137,881,-0.2753894442646082,0.4307692307692308,65
77,lewm_success_ald_fail,ald_tf,1,19,300,1.0,4.31,15.219227628245438,0.0,0.0,factor,0.16488946974277496,0.9327197831375266,0.2480285336503739,encoder_factor_head_diagnostic_only,3.5612622117016954,True,0.34942121579128654,0.23333333333333334,0.6755852842809364,0.046822742474916385,1.0830141678748988,0.2696341042667224,True,0.64011066789631,0.16666666666666666,0.4080267558528428,0.35451505016722407,0.27567411193906527,1.65539971861877,True,0.9554008377870865,0.8333333333333334,0.0033444816053511705,0.0033444816053511705,0.0031979364173012614,1.858327381206896,True,0.9595946621629129,0.8666666666666667,0.0,0.0,0.0,6.142648282912958,True,0.9889825442504917,0.9,0.0,0.0,0.0,0.49014603903785975,0.9133858267716536,254,0.5994641734199827,0.5947786606129398,881,0.9318469440981453,0.6923076923076923,65
77,lewm_success_ald_fail,ald_tf,1,19,300,1.0,4.31,15.219227628245438,0.0,0.0,lewm,0.17431846261024475,1.0566504051528616,0.5250836120401338,encoder_raw,3.5612622117016954,True,0.25339037100412226,0.23333333333333334,0.8260869565217391,0.046822742474916385,1.0830141678748988,0.2696341042667224,True,0.6233433704818943,0.13333333333333333,0.5819397993311036,0.35451505016722407,0.27567411193906527,1.65539971861877,True,0.9692103245591618,0.8666666666666667,0.016722408026755852,0.0033444816053511705,0.0031979364173012614,1.858327381206896,True,0.970214780164224,0.8,0.0,0.0,0.0,6.142648282912958,True,0.9654938388204314,0.8666666666666667,0.0,0.0,0.0,0.02134637621171379,0.9133858267716536,254,0.4054141164069947,0.4108967082860386,881,0.9487678441701367,0.8769230769230769,65
77,lewm_success_ald_fail,ald_tf,1,19,300,1.0,4.31,15.219227628245438,0.0,0.0,lewm,0.17431846261024475,1.0566504051528616,0.5250836120401338,predictor_raw,3.5612622117016954,True,0.07269191879909777,0.0,0.8160535117056856,0.17725752508361203,2.548039458839765,0.2696341042667224,True,0.7498012200135558,0.36666666666666664,0.34782608695652173,0.09364548494983277,0.13357125210159873,1.65539971861877,True,0.4559775108612318,0.13333333333333333,0.47491638795986624,0.06688963210702341,0.4531867134139327,1.858327381206896,True,0.5298987766530739,0.2,0.6488294314381271,0.043478260869565216,0.3078859171591648,6.142648282912958,True,0.5516785742063801,0.16666666666666666,0.6488294314381271,0.05351170568561873,1.772911208124031,0.25299103781024995,0.7874015748031497,254,0.6948362861632301,0.681044267877412,881,-0.046913560664165875,0.27692307692307694,65
77,lewm_success_ald_fail,ald_tf,1,19,300,1.0,4.31,15.219227628245438,0.0,0.0,ald_tf,0.1380985826253891,0.8370996456549602,0.6496907743419371,encoder_raw,3.5612622117016954,True,0.25339037100412226,0.23333333333333334,0.8260869565217391,0.046822742474916385,1.0830141678748988,0.2696341042667224,True,0.6233433704818943,0.13333333333333333,0.5819397993311036,0.35451505016722407,0.27567411193906527,1.65539971861877,True,0.9692103245591618,0.8666666666666667,0.016722408026755852,0.0033444816053511705,0.0031979364173012614,1.858327381206896,True,0.970214780164224,0.8,0.0,0.0,0.0,6.142648282912958,True,0.9654938388204314,0.8666666666666667,0.0,0.0,0.0,0.02134637621171379,0.9133858267716536,254,0.4054141164069947,0.4108967082860386,881,0.9487678441701367,0.8769230769230769,65
77,lewm_success_ald_fail,ald_tf,1,19,300,1.0,4.31,15.219227628245438,0.0,0.0,ald_tf,0.1380985826253891,0.8370996456549602,0.6496907743419371,predictor_raw,3.5612622117016954,True,0.1407197857753975,0.0,0.842809364548495,0.17725752508361203,2.548039458839765,0.2696341042667224,True,0.7266560739563773,0.3333333333333333,0.5418060200668896,0.09364548494983277,0.13357125210159873,1.65539971861877,True,0.5919972444138268,0.2,0.5183946488294314,0.06688963210702341,0.4531867134139327,1.858327381206896,True,0.663974488605429,0.3,0.5518394648829431,0.043478260869565216,0.3078859171591648,6.142648282912958,True,0.6756310625673618,0.26666666666666666,0.5518394648829431,0.05351170568561873,1.772911208124031,0.23384474924145046,0.8385826771653543,254,0.6225403029292266,0.5970488081725313,881,0.21237069835448222,0.2923076923076923,65
77,lewm_success_ald_fail,ald_tf,1,29,300,1.0,4.88,11.354091039926148,0.043333333333333335,0.043333333333333335,factor,0.17510280013084412,3.522630433770871,-0.0999739997111079,encoder_raw,1.2587002289491256,True,0.8978913099034433,0.8,0.19732441471571907,0.010033444816053512,0.27159991515915144,0.10246001033330404,True,0.21210991233235924,0.1,0.8093645484949833,0.27759197324414714,0.058127256086486376,0.5154519944314808,True,0.9505101167790754,0.7,0.19732441471571907,0.013377926421404682,0.1109196994648677,0.5153810585148193,True,0.9560941788242091,0.8666666666666667,0.020066889632107024,0.0033444816053511705,0.009114367390892691,1.765920409195362,True,0.9508336759297326,0.8,0.020066889632107024,0.0033444816053511705,0.06891044255290557,0.0894193684241359,0.6929133858267716,127,0.23885194321182016,0.4876660341555977,1054,0.7378291919998768,0.7980769230769231,104
77,lewm_success_ald_fail,ald_tf,1,29,300,1.0,4.88,11.354091039926148,0.043333333333333335,0.043333333333333335,factor,0.17510280013084412,3.522630433770871,-0.0999739997111079,predictor_raw,1.2587002289491256,True,0.10441493794375493,0.06666666666666667,0.919732441471572,0.4214046822742475,1.511763343684819,0.10246001033330404,True,0.2317639084878721,0.23333333333333334,0.12374581939799331,0.7558528428093646,0.1549243076666815,0.5154519944314808,True,0.02752652807253414,0.06666666666666667,0.919732441471572,0.4180602006688963,0.5933531305428338,0.5153810585148193,True,0.022290914343492705,0.06666666666666667,0.5451505016722408,0.43812709030100333,0.5883448500490539,1.765920409195362,True,0.06897187746530517,0.06666666666666667,0.5451505016722408,0.4080267558528428,1.8883043537367343,0.13806733924691628,0.6141732283464567,127,0.17449798539676623,0.5294117647058824,1054,-0.1293267482202326,0.28846153846153844,104
77,lewm_success_ald_fail,ald_tf,1,29,300,1.0,4.88,11.354091039926148,0.043333333333333335,0.043333333333333335,factor,0.17510280013084412,3.522630433770871,-0.0999739997111079,encoder_factor_head_diagnostic_only,1.2587002289491256,True,0.8907845642729364,0.8333333333333334,0.016722408026755852,0.010033444816053512,0.27159991515915144,0.10246001033330404,True,0.37589395437727086,0.13333333333333333,0.6220735785953178,0.27759197324414714,0.058127256086486376,0.5154519944314808,True,0.9006455627284747,0.7,0.016722408026755852,0.013377926421404682,0.1109196994648677,0.5153810585148193,True,0.9551755019500217,0.8333333333333334,0.020066889632107024,0.0033444816053511705,0.009114367390892691,1.765920409195362,True,0.9466958521761353,0.8666666666666667,0.020066889632107024,0.0033444816053511705,0.06891044255290557,0.2051353987927169,0.6456692913385826,127,0.5406807911326069,0.6242884250474383,1054,0.5998737774385078,0.75,104
77,lewm_success_ald_fail,ald_tf,1,29,300,1.0,4.88,11.354091039926148,0.043333333333333335,0.043333333333333335,lewm,0.16420906782150269,3.866956013000057,-0.5500172224135824,encoder_raw,1.2587002289491256,True,0.9291081012011244,0.8,0.20066889632107024,0.010033444816053512,0.27159991515915144,0.10246001033330404,True,0.21746552739474884,0.1,0.7525083612040134,0.27759197324414714,0.058127256086486376,0.5154519944314808,True,0.9707338970433005,0.7666666666666667,0.20066889632107024,0.013377926421404682,0.1109196994648677,0.5153810585148193,True,0.9710681229791442,0.8333333333333334,0.006688963210702341,0.0033444816053511705,0.009114367390892691,1.765920409195362,True,0.9769175213057922,0.8,0.006688963210702341,0.0033444816053511705,0.06891044255290557,0.2706888778093383,0.7874015748031497,127,0.28679111552867537,0.4411764705882353,1054,0.8144669100020835,0.7115384615384616,104
77,lewm_success_ald_fail,ald_tf,1,29,300,1.0,4.88,11.354091039926148,0.043333333333333335,0.043333333333333335,lewm,0.16420906782150269,3.866956013000057,-0.5500172224135824,predictor_raw,1.2587002289491256,True,-0.585547839420438,0.0,0.9832775919732442,0.9297658862876255,3.5222113957559857,0.10246001033330404,True,0.3730423671374126,0.1,0.34782608695652173,0.30434782608695654,0.062306488967059086,0.5154519944314808,True,-0.6011973466371848,0.0,0.9832775919732442,0.9331103678929766,1.4578827453815884,0.5153810585148193,True,-0.4565544061600684,0.0,0.9130434782608695,0.9163879598662207,1.360256646188186,1.765920409195362,True,-0.48902587806531184,0.0,0.9130434782608695,0.9096989966555183,4.670664201947033,-0.38188529431731694,0.33858267716535434,127,0.6470426963591119,0.6612903225806451,1054,-0.02335500120087971,0.47115384615384615,104
77,lewm_success_ald_fail,ald_tf,1,29,300,1.0,4.88,11.354091039926148,0.043333333333333335,0.043333333333333335,ald_tf,0.11146601289510727,2.6249108805514716,0.09203613373481928,encoder_raw,1.2587002289491256,True,0.9291081012011244,0.8,0.20066889632107024,0.010033444816053512,0.27159991515915144,0.10246001033330404,True,0.21746552739474884,0.1,0.7525083612040134,0.27759197324414714,0.058127256086486376,0.5154519944314808,True,0.9707338970433005,0.7666666666666667,0.20066889632107024,0.013377926421404682,0.1109196994648677,0.5153810585148193,True,0.9710681229791442,0.8333333333333334,0.006688963210702341,0.0033444816053511705,0.009114367390892691,1.765920409195362,True,0.9769175213057922,0.8,0.006688963210702341,0.0033444816053511705,0.06891044255290557,0.2706888778093383,0.7874015748031497,127,0.28679111552867537,0.4411764705882353,1054,0.8144669100020835,0.7115384615384616,104
77,lewm_success_ald_fail,ald_tf,1,29,300,1.0,4.88,11.354091039926148,0.043333333333333335,0.043333333333333335,ald_tf,0.11146601289510727,2.6249108805514716,0.09203613373481928,predictor_raw,1.2587002289491256,True,0.08751875020833565,0.03333333333333333,0.9866220735785953,0.34782608695652173,1.3777501335846292,0.10246001033330404,True,0.7233738152646141,0.2,0.24749163879598662,0.05016722408026756,0.017636843248130668,0.5154519944314808,True,0.0043796042178246425,0.0,0.9866220735785953,0.44481605351170567,0.6379965228701935,0.5153810585148193,True,0.2029711441238236,0.03333333333333333,0.8260869565217391,0.3511705685618729,0.4957007779578627,1.765920409195362,True,0.17044856053956156,0.03333333333333333,0.8260869565217391,0.3377926421404682,1.6616470715453535,-0.04958946754347745,0.5669291338582677,127,0.7141330043376817,0.7125237191650854,1054,-0.004495200576028698,0.41346153846153844,104
92,lewm_fail_ald_success,lewm,0,0,300,0.0,0.0,0.0,0.0,0.0,factor,0.02500331588089466,2.3113549004413225,0.7418444899980935,encoder_raw,101.04197800288324,True,0.10559054175842822,0.36666666666666664,0.010033444816053512,0.6120401337792643,175.76593392458165,0.0,False,nan,nan,nan,nan,nan,0.0,False,nan,nan,nan,nan,nan,0.0,False,nan,nan,nan,nan,nan,101.0419780028833,True,0.10559054175842822,0.36666666666666664,0.010033444816053512,0.6120401337792643,175.76593392458167,0.10559054175842818,0.5383443372270188,41349,nan,nan,0,nan,nan,0
92,lewm_fail_ald_success,lewm,0,0,300,0.0,0.0,0.0,0.0,0.0,factor,0.02500331588089466,2.3113549004413225,0.7418444899980935,predictor_raw,101.04197800288324,True,0.6474885276503072,0.6333333333333333,0.0,0.0,0.0,0.0,False,nan,nan,nan,nan,nan,0.0,False,nan,nan,nan,nan,nan,0.0,False,nan,nan,nan,nan,nan,101.0419780028833,True,0.6474885276503072,0.6333333333333333,0.0,0.0,0.0,0.6474885276503072,0.7514812933807348,41349,nan,nan,0,nan,nan,0
92,lewm_fail_ald_success,lewm,0,0,300,0.0,0.0,0.0,0.0,0.0,factor,0.02500331588089466,2.3113549004413225,0.7418444899980935,encoder_factor_head_diagnostic_only,101.04197800288324,True,0.8887737270771483,0.8333333333333334,0.006688963210702341,1.0,405.2760186809344,0.0,False,nan,nan,nan,nan,nan,0.0,False,nan,nan,nan,nan,nan,0.0,False,nan,nan,nan,nan,nan,101.0419780028833,True,0.8887737270771483,0.8333333333333334,0.006688963210702341,1.0,405.2760186809344,0.8887737270771481,0.9019807008633824,41349,nan,nan,0,nan,nan,0
92,lewm_fail_ald_success,lewm,0,0,300,0.0,0.0,0.0,0.0,0.0,lewm,0.01827818527817726,1.9398852637904858,0.684101238503268,encoder_raw,101.04197800288324,True,0.4388079595586871,0.4666666666666667,0.0033444816053511705,0.020066889632107024,33.038009508460775,0.0,False,nan,nan,nan,nan,nan,0.0,False,nan,nan,nan,nan,nan,0.0,False,nan,nan,nan,nan,nan,101.0419780028833,True,0.4388079595586871,0.4666666666666667,0.0033444816053511705,0.020066889632107024,33.03800950846076,0.4388079595586871,0.663679895523471,41349,nan,nan,0,nan,nan,0
92,lewm_fail_ald_success,lewm,0,0,300,0.0,0.0,0.0,0.0,0.0,lewm,0.01827818527817726,1.9398852637904858,0.684101238503268,predictor_raw,101.04197800288324,True,0.8539241547128301,0.8,0.0,0.0,0.0,0.0,False,nan,nan,nan,nan,nan,0.0,False,nan,nan,nan,nan,nan,0.0,False,nan,nan,nan,nan,nan,101.0419780028833,True,0.8539241547128301,0.8,0.0,0.0,0.0,0.8539241547128302,0.8604319330576313,41349,nan,nan,0,nan,nan,0
92,lewm_fail_ald_success,lewm,0,0,300,0.0,0.0,0.0,0.0,0.0,ald_tf,0.01846867986023426,1.9601026774418016,0.7580060925149217,encoder_raw,101.04197800288324,True,0.4388079595586871,0.4666666666666667,0.0033444816053511705,0.020066889632107024,33.038009508460775,0.0,False,nan,nan,nan,nan,nan,0.0,False,nan,nan,nan,nan,nan,0.0,False,nan,nan,nan,nan,nan,101.0419780028833,True,0.4388079595586871,0.4666666666666667,0.0033444816053511705,0.020066889632107024,33.03800950846076,0.4388079595586871,0.663679895523471,41349,nan,nan,0,nan,nan,0
92,lewm_fail_ald_success,lewm,0,0,300,0.0,0.0,0.0,0.0,0.0,ald_tf,0.01846867986023426,1.9601026774418016,0.7580060925149217,predictor_raw,101.04197800288324,True,0.6852631695907733,0.7,0.0,0.0,0.0,0.0,False,nan,nan,nan,nan,nan,0.0,False,nan,nan,nan,nan,nan,0.0,False,nan,nan,nan,nan,nan,101.0419780028833,True,0.6852631695907733,0.7,0.0,0.0,0.0,0.685263169590773,0.7687247575515732,41349,nan,nan,0,nan,nan,0
92,lewm_fail_ald_success,lewm,0,3,300,0.29,0.97,6.031062358817995,0.0,0.0,factor,0.10718902945518494,1.162431655973697,0.5242252163052085,encoder_raw,40.16686317704289,True,-0.1035738289951927,0.16666666666666666,0.9498327759197325,0.05016722408026756,12.237827216433011,0.0,False,nan,nan,nan,nan,nan,0.0,False,nan,nan,nan,nan,nan,0.0,False,nan,nan,nan,nan,nan,40.93755984808186,True,-0.08586829696644427,0.26666666666666666,0.0033444816053511705,0.006688963210702341,13.931878799857238,-0.00659419889855375,0.4980574607894863,20849,nan,nan,0,nan,nan,0
92,lewm_fail_ald_success,lewm,0,3,300,0.29,0.97,6.031062358817995,0.0,0.0,factor,0.10718902945518494,1.162431655973697,0.5242252163052085,predictor_raw,40.16686317704289,True,0.5989137657085079,0.4,0.0,0.0,0.0,0.0,False,nan,nan,nan,nan,nan,0.0,False,nan,nan,nan,nan,nan,0.0,False,nan,nan,nan,nan,nan,40.93755984808186,True,0.6063591817686863,0.4666666666666667,0.006688963210702341,0.030100334448160536,22.216207156655276,0.5778521050845989,0.6994580075783011,20849,nan,nan,0,nan,nan,0
92,lewm_fail_ald_success,lewm,0,3,300,0.29,0.97,6.031062358817995,0.0,0.0,factor,0.10718902945518494,1.162431655973697,0.5242252163052085,encoder_factor_head_diagnostic_only,40.16686317704289,True,0.994720274083082,0.8333333333333334,0.026755852842809364,0.006688963210702341,2.7257640485836294,0.0,False,nan,nan,nan,nan,nan,0.0,False,nan,nan,nan,nan,nan,0.0,False,nan,nan,nan,nan,nan,40.93755984808186,True,0.9957238409008874,0.8666666666666667,0.0,0.0,0.0,0.9945174424713321,0.990886853086479,20849,nan,nan,0,nan,nan,0
92,lewm_fail_ald_success,lewm,0,3,300,0.29,0.97,6.031062358817995,0.0,0.0,lewm,0.06520497798919678,0.770011544457688,0.8048861437222845,encoder_raw,40.16686317704289,True,0.4690068188543034,0.16666666666666666,0.43812709030100333,0.05016722408026756,12.237827216433011,0.0,False,nan,nan,nan,nan,nan,0.0,False,nan,nan,nan,nan,nan,0.0,False,nan,nan,nan,nan,nan,40.93755984808186,True,0.4803873910140577,0.3,0.0033444816053511705,0.006688963210702341,13.931878799857238,0.49543933122651473,0.6548515516331719,20849,nan,nan,0,nan,nan,0
92,lewm_fail_ald_success,lewm,0,3,300,0.29,0.97,6.031062358817995,0.0,0.0,lewm,0.06520497798919678,0.770011544457688,0.8048861437222845,predictor_raw,40.16686317704289,True,0.575292169912999,0.26666666666666666,0.12374581939799331,0.0802675585284281,15.507472358875635,0.0,False,nan,nan,nan,nan,nan,0.0,False,nan,nan,nan,nan,nan,0.0,False,nan,nan,nan,nan,nan,40.93755984808186,True,0.5842967144079378,0.36666666666666664,0.016722408026755852,0.026755852842809364,22.08569764225703,0.5637809244043932,0.7002254304762818,20849,nan,nan,0,nan,nan,0
92,lewm_fail_ald_success,lewm,0,3,300,0.29,0.97,6.031062358817995,0.0,0.0,ald_tf,0.03890753909945488,0.4594626851646636,0.8646945926837677,encoder_raw,40.16686317704289,True,0.4690068188543034,0.16666666666666666,0.43812709030100333,0.05016722408026756,12.237827216433011,0.0,False,nan,nan,nan,nan,nan,0.0,False,nan,nan,nan,nan,nan,0.0,False,nan,nan,nan,nan,nan,40.93755984808186,True,0.4803873910140577,0.3,0.0033444816053511705,0.006688963210702341,13.931878799857238,0.49543933122651473,0.6548515516331719,20849,nan,nan,0,nan,nan,0
92,lewm_fail_ald_success,lewm,0,3,300,0.29,0.97,6.031062358817995,0.0,0.0,ald_tf,0.03890753909945488,0.4594626851646636,0.8646945926837677,predictor_raw,40.16686317704289,True,0.7129052545028278,0.26666666666666666,0.17391304347826086,0.05016722408026756,12.237827216433011,0.0,False,nan,nan,nan,nan,nan,0.0,False,nan,nan,nan,nan,nan,0.0,False,nan,nan,nan,nan,nan,40.93755984808186,True,0.7200591117679085,0.3333333333333333,0.006688963210702341,0.006688963210702341,13.931878799857238,0.6987297931757557,0.7709242649527556,20849,nan,nan,0,nan,nan,0
92,lewm_fail_ald_success,lewm,0,9,300,0.9933333333333333,6.633333333333334,83.15667349931488,0.03333333333333333,0.02,factor,0.3682889938354492,1.5405926999256927,0.2223753597262192,encoder_raw,6.446473569369538,True,0.5157332859253991,0.23333333333333334,0.11371237458193979,0.13377926421404682,1.2818963006497686,4.907467708677379,True,0.2942364130975266,0.16666666666666666,0.5418060200668896,0.3779264214046823,0.9766129678359182,7.51580930753885,True,0.8552622646098638,0.5,0.13377926421404682,0.046822742474916385,0.03668515810695788,11.584349888974641,True,0.902689019065664,0.7,0.006688963210702341,0.09364548494983277,0.9537861740816406,16.160661280191007,True,0.8231118123534706,0.6333333333333333,0.006688963210702341,0.05351170568561873,1.7532243440033901,0.37582836431973293,0.7028493894165536,737,0.25312610361463,0.7130177514792899,338,0.8881199906210403,0.9930955120828538,869
92,lewm_fail_ald_success,lewm,0,9,300,0.9933333333333333,6.633333333333334,83.15667349931488,0.03333333333333333,0.02,factor,0.3682889938354492,1.5405926999256927,0.2223753597262192,predictor_raw,6.446473569369538,True,0.7356588406537851,0.36666666666666664,0.020066889632107024,0.2809364548494983,2.6822953609577147,4.907467708677379,True,0.43915003935044433,0.16666666666666666,0.2909698996655518,0.3110367892976589,0.6834266797666163,7.51580930753885,True,-0.09216036757745893,0.0,0.5384615384615384,0.5986622073578596,5.983158232617446,11.584349888974641,True,0.3254874304700551,0.06666666666666667,0.36789297658862874,0.41471571906354515,6.607072960522826,16.160661280191007,True,0.5273316370181891,0.23333333333333334,0.36789297658862874,0.3411371237458194,8.806910190752523,0.7397552843512883,0.8168249660786974,737,-0.23953979802768638,0.47928994082840237,338,-0.4472573869973314,0.334867663981588,869
92,lewm_fail_ald_success,lewm,0,9,300,0.9933333333333333,6.633333333333334,83.15667349931488,0.03333333333333333,0.02,factor,0.3682889938354492,1.5405926999256927,0.2223753597262192,encoder_factor_head_diagnostic_only,6.446473569369538,True,0.7714730163668485,0.36666666666666664,0.043478260869565216,0.05351170568561873,0.547254809734047,4.907467708677379,True,0.6703506339348961,0.3,0.35785953177257523,0.13712374581939799,0.26180159682030335,7.51580930753885,True,0.6090881686561187,0.3333333333333333,0.22073578595317725,0.1605351170568562,0.3620218199862057,11.584349888974641,True,0.9488693150889863,0.5666666666666667,0.06688963210702341,0.05351170568561873,0.5643114649452735,16.160661280191007,True,0.9641036011511239,0.7333333333333333,0.06688963210702341,0.013377926421404682,0.6291081439513014,0.5845073937904779,0.7367706919945726,737,0.6753012055042579,0.8402366863905325,338,0.8268913442635691,0.9355581127733027,869
92,lewm_fail_ald_success,lewm,0,9,300,0.9933333333333333,6.633333333333334,83.15667349931488,0.03333333333333333,0.02,lewm,0.2278558313846588,1.1087839270429898,0.3270934121490239,encoder_raw,6.446473569369538,True,0.5974328603651151,0.3,0.07357859531772576,0.05351170568561873,0.547254809734047,4.907467708677379,True,0.3975104609507309,0.23333333333333334,0.5050167224080268,0.13712374581939799,0.26180159682030335,7.51580930753885,True,0.7827827845623649,0.4,0.17391304347826086,0.1605351170568562,0.3620218199862057,11.584349888974641,True,0.9264688414836713,0.7,0.013377926421404682,0.05351170568561873,0.5643114649452735,16.160661280191007,True,0.8746941632684807,0.6666666666666666,0.013377926421404682,0.013377926421404682,0.6291081439513014,0.42251024817858174,0.7259158751696065,737,0.3231734479047914,0.727810650887574,338,0.8435085043427566,0.9585730724971231,869
92,lewm_fail_ald_success,lewm,0,9,300,0.9933333333333333,6.633333333333334,83.15667349931488,0.03333333333333333,0.02,lewm,0.2278558313846588,1.1087839270429898,0.3270934121490239,predictor_raw,6.446473569369538,True,0.6972646362737364,0.3333333333333333,0.030100334448160536,0.47491638795986624,4.6615955172978305,4.907467708677379,True,0.5689768296288694,0.16666666666666666,0.1705685618729097,0.6622073578595318,3.8873630006013413,7.51580930753885,True,-0.07985667394711923,0.03333333333333333,0.5150501672240803,0.5752508361204013,5.211296352043314,11.584349888974641,True,0.3942584244556547,0.13333333333333333,0.5317725752508361,0.5016722408026756,9.039147400783419,16.160661280191007,True,0.5535345948288314,0.23333333333333334,0.5317725752508361,0.48494983277591974,13.218284787353232,0.5800562229852436,0.6987788331071914,737,0.11136660707205163,0.5650887573964497,338,-0.3230034681410974,0.3912543153049482,869
92,lewm_fail_ald_success,lewm,0,9,300,0.9933333333333333,6.633333333333334,83.15667349931488,0.03333333333333333,0.02,ald_tf,0.06346429884433746,0.30882770948644744,0.8907876754186158,encoder_raw,6.446473569369538,True,0.5974328603651151,0.3,0.07357859531772576,0.05351170568561873,0.547254809734047,4.907467708677379,True,0.3975104609507309,0.23333333333333334,0.5050167224080268,0.13712374581939799,0.26180159682030335,7.51580930753885,True,0.7827827845623649,0.4,0.17391304347826086,0.1605351170568562,0.3620218199862057,11.584349888974641,True,0.9264688414836713,0.7,0.013377926421404682,0.05351170568561873,0.5643114649452735,16.160661280191007,True,0.8746941632684807,0.6666666666666666,0.013377926421404682,0.013377926421404682,0.6291081439513014,0.42251024817858174,0.7259158751696065,737,0.3231734479047914,0.727810650887574,338,0.8435085043427566,0.9585730724971231,869
92,lewm_fail_ald_success,lewm,0,9,300,0.9933333333333333,6.633333333333334,83.15667349931488,0.03333333333333333,0.02,ald_tf,0.06346429884433746,0.30882770948644744,0.8907876754186158,predictor_raw,6.446473569369538,True,0.6817595751063901,0.3,0.15719063545150502,0.13377926421404682,1.2818963006497686,4.907467708677379,True,0.48840703656785783,0.26666666666666666,0.3979933110367893,0.3779264214046823,0.9766129678359182,7.51580930753885,True,0.6792336225106569,0.4,0.04013377926421405,0.046822742474916385,0.03668515810695788,11.584349888974641,True,0.9013881155777471,0.5,0.010033444816053512,0.09364548494983277,0.9537861740816406,16.160661280191007,True,0.892609028989211,0.6333333333333333,0.010033444816053512,0.05351170568561873,1.7532243440033901,0.4941914199742681,0.6797829036635007,737,0.32730780235568874,0.6568047337278107,338,0.7618264064030108,0.8872266973532796,869
92,lewm_fail_ald_success,lewm,0,19,300,1.0,6.58,94.78724991694324,0.37,0.23666666666666666,factor,0.22125811874866486,1.534483711875419,0.12833964821831353,encoder_raw,2.4428912231137887,True,0.7747090523228036,0.43333333333333335,0.013377926421404682,0.07023411371237458,0.1562179926933431,1.4534146865133801,True,0.3055407282303137,0.13333333333333333,0.19063545150501673,0.3010033444816054,0.15959454333050374,2.772873034163929,True,0.9365046278291981,0.4,0.1605351170568562,0.06354515050167224,0.017738179898131746,3.8775453861335905,True,0.8991299903332259,0.4666666666666667,0.04013377926421405,0.06020066889632107,0.17527731137480737,6.286620084371101,True,0.8775324170268558,0.5,0.013377926421404682,0.043478260869565216,0.29965113952873385,0.40552774082414217,0.7129521586931156,857,0.08972942240631461,0.607497243660419,907,0.8753808036071139,0.960927960927961,819
92,lewm_fail_ald_success,lewm,0,19,300,1.0,6.58,94.78724991694324,0.37,0.23666666666666666,factor,0.22125811874866486,1.534483711875419,0.12833964821831353,predictor_raw,2.4428912231137887,True,0.45731530350337224,0.1,0.14715719063545152,0.24749163879598662,0.6033808380008352,1.4534146865133801,True,0.3155572839698219,0.2,0.3010033444816054,0.4983277591973244,0.4657138377053376,2.772873034163929,True,-0.07320881343126034,0.0,0.6956521739130435,0.5585284280936454,1.2404668892369288,3.8775453861335905,True,0.19092967699641106,0.0,0.6555183946488294,0.451505016722408,1.7041253150884383,6.286620084371101,True,0.32585695396615516,0.0,0.14715719063545152,0.3712374581939799,2.2756619885498566,0.657316067217673,0.7911318553092183,857,-0.1710917178420002,0.43439911797133407,907,-0.6021233651353005,0.18192918192918192,819
92,lewm_fail_ald_success,lewm,0,19,300,1.0,6.58,94.78724991694324,0.37,0.23666666666666666,factor,0.22125811874866486,1.534483711875419,0.12833964821831353,encoder_factor_head_diagnostic_only,2.4428912231137887,True,0.8281816464627385,0.3,0.04013377926421405,0.23076923076923078,0.559629893689951,1.4534146865133801,True,0.6097156635073723,0.13333333333333333,0.11036789297658862,0.4916387959866221,0.4413120310675664,2.772873034163929,True,0.6889320992455472,0.26666666666666666,0.3979933110367893,0.14046822742474915,0.0986501769839988,3.8775453861335905,True,0.8905152279469772,0.3,0.12709030100334448,0.18729096989966554,0.5379067961977371,6.286620084371101,True,0.8982993144368271,0.36666666666666664,0.04013377926421405,0.18729096989966554,1.0656925253482714,0.441750988332462,0.6429404900816803,857,0.44893262346201385,0.7453142227122381,907,0.45538381503614567,0.7484737484737485,819
92,lewm_fail_ald_success,lewm,0,19,300,1.0,6.58,94.78724991694324,0.37,0.23666666666666666,lewm,0.1554493010044098,1.3106036136236605,0.2539797108856765,encoder_raw,2.4428912231137887,True,0.8009648996099956,0.4666666666666667,0.026755852842809364,0.23076923076923078,0.559629893689951,1.4534146865133801,True,0.38041622684696497,0.16666666666666666,0.14046822742474915,0.4916387959866221,0.4413120310675664,2.772873034163929,True,0.870912343470483,0.3333333333333333,0.20066889632107024,0.14046822742474915,0.0986501769839988,3.8775453861335905,True,0.9002726696963299,0.5,0.05351170568561873,0.18729096989966554,0.5379067961977371,6.286620084371101,True,0.8916756852853921,0.5333333333333333,0.026755852842809364,0.18729096989966554,1.0656925253482714,0.4216991846059555,0.7129521586931156,857,0.1558800061624195,0.6615214994487321,907,0.7430345821990962,0.884004884004884,819
92,lewm_fail_ald_success,lewm,0,19,300,1.0,6.58,94.78724991694324,0.37,0.23666666666666666,lewm,0.1554493010044098,1.3106036136236605,0.2539797108856765,predictor_raw,2.4428912231137887,True,0.5510523450260558,0.26666666666666666,0.1605351170568562,0.22073578595317725,0.5543893026538449,1.4534146865133801,True,0.2956397293303259,0.16666666666666666,0.013377926421404682,0.2140468227424749,0.07955013942270066,2.772873034163929,True,0.10640429338103757,0.1,0.3879598662207358,0.5250836120401338,1.0491860030034172,3.8775453861335905,True,0.28846276069734106,0.16666666666666666,0.42474916387959866,0.3411371237458194,1.12668073057229,6.286620084371101,True,0.4200717785753175,0.23333333333333334,0.1605351170568562,0.30434782608695654,1.649225868686718,0.6402263748688976,0.8179696616102684,857,-0.21384265471038955,0.3572216097023153,907,-0.47793457752948604,0.27106227106227104,819
92,lewm_fail_ald_success,lewm,0,19,300,1.0,6.58,94.78724991694324,0.37,0.23666666666666666,ald_tf,0.046796780079603195,0.39454683090881065,0.885174279714219,encoder_raw,2.4428912231137887,True,0.8009648996099956,0.4666666666666667,0.026755852842809364,0.23076923076923078,0.559629893689951,1.4534146865133801,True,0.38041622684696497,0.16666666666666666,0.14046822742474915,0.4916387959866221,0.4413120310675664,2.772873034163929,True,0.870912343470483,0.3333333333333333,0.20066889632107024,0.14046822742474915,0.0986501769839988,3.8775453861335905,True,0.9002726696963299,0.5,0.05351170568561873,0.18729096989966554,0.5379067961977371,6.286620084371101,True,0.8916756852853921,0.5333333333333333,0.026755852842809364,0.18729096989966554,1.0656925253482714,0.4216991846059555,0.7129521586931156,857,0.1558800061624195,0.6615214994487321,907,0.7430345821990962,0.884004884004884,819
92,lewm_fail_ald_success,lewm,0,19,300,1.0,6.58,94.78724991694324,0.37,0.23666666666666666,ald_tf,0.046796780079603195,0.39454683090881065,0.885174279714219,predictor_raw,2.4428912231137887,True,0.7135563728485872,0.2,0.08695652173913043,0.07023411371237458,0.1562179926933431,1.4534146865133801,True,0.38334781497572196,0.16666666666666666,0.29431438127090304,0.3010033444816054,0.15959454333050374,2.772873034163929,True,0.8627371415237947,0.36666666666666664,0.3177257525083612,0.06354515050167224,0.017738179898131746,3.8775453861335905,True,0.8873147479416438,0.4666666666666667,0.10367892976588629,0.06020066889632107,0.17527731137480737,6.286620084371101,True,0.830268336314848,0.23333333333333334,0.08695652173913043,0.043478260869565216,0.29965113952873385,0.08392161617393362,0.294049008168028,857,0.33046839452191024,0.7254685777287762,907,0.7678777223415334,0.8913308913308914,819
92,lewm_fail_ald_success,lewm,0,29,300,1.0,6.373333333333333,91.27503049953366,0.4,0.3433333333333333,factor,0.18122000992298126,3.2726285626405955,-0.2159619551328348,encoder_raw,1.1700673819401266,True,0.7748917210191224,0.5333333333333333,0.07023411371237458,0.08361204013377926,0.13366865053885188,0.4615487175157716,True,0.12967344081600907,0.2,0.2140468227424749,0.42474916387959866,0.14182724393230015,1.5323966026578506,True,0.9604862276247513,0.5,0.2809364548494983,0.010033444816053512,0.012700693797991264,1.7708358202638852,True,0.9149697218857987,0.5666666666666667,0.020066889632107024,0.05351170568561873,0.10847304601427762,3.0365624415472885,True,0.8696447738308204,0.5333333333333333,0.020066889632107024,0.06354515050167224,0.22794363676372897,-0.10096772339039821,0.4777777777777778,360,0.35933145859620363,0.760759493670886,790,0.9054454085521516,0.9738717339667459,421
92,lewm_fail_ald_success,lewm,0,29,300,1.0,6.373333333333333,91.27503049953366,0.4,0.3433333333333333,factor,0.18122000992298126,3.2726285626405955,-0.2159619551328348,predictor_raw,1.1700673819401266,True,0.00035600395559950667,0.0,0.8193979933110368,0.5250836120401338,0.942201368476256,0.4615487175157716,True,0.38483449816109067,0.16666666666666666,0.6020066889632107,0.13043478260869565,0.016949418615473343,1.5323966026578506,True,-0.3181239791553239,0.0,0.9933110367892977,0.5919732441471572,1.24301702677497,1.7708358202638852,True,-0.04074267491861021,0.0,0.842809364548495,0.48494983277591974,1.2139115536744296,3.0365624415472885,True,-0.019138879320881343,0.0,0.842809364548495,0.49498327759197325,2.1419148623612854,0.24527255700217163,0.4,360,0.23255990122271933,0.7164556962025317,790,-0.3933999072277705,0.2850356294536817,421
92,lewm_fail_ald_success,lewm,0,29,300,1.0,6.373333333333333,91.27503049953366,0.4,0.3433333333333333,factor,0.18122000992298126,3.2726285626405955,-0.2159619551328348,encoder_factor_head_diagnostic_only,1.1700673819401266,True,0.7135385948732764,0.36666666666666664,0.14046822742474915,0.2709030100334448,0.4719360269769364,0.4615487175157716,True,0.4208464538494872,0.16666666666666666,0.1605351170568562,0.6521739130434783,0.3464370032723388,1.5323966026578506,True,0.74661318459094,0.36666666666666664,0.8595317725752508,0.10367892976588629,0.10085525101541921,1.7708358202638852,True,0.8853289480994233,0.4666666666666667,0.05351170568561873,0.16722408026755853,0.4012373625717442,3.0365624415472885,True,0.8267918532428138,0.4,0.05351170568561873,0.19732441471571907,0.8589753297592801,-0.05230885908895789,0.4361111111111111,360,0.5427097540765162,0.8645569620253165,790,0.6277169047195283,0.8931116389548693,421
92,lewm_fail_ald_success,lewm,0,29,300,1.0,6.373333333333333,91.27503049953366,0.4,0.3433333333333333,lewm,0.12530556321144104,2.75369274392642,0.03629729219213547,encoder_raw,1.1700673819401266,True,0.7524088045422727,0.4666666666666667,0.09698996655518395,0.2709030100334448,0.4719360269769364,0.4615487175157716,True,0.1863562928476983,0.2,0.22408026755852842,0.6521739130434783,0.3464370032723388,1.5323966026578506,True,0.9091189902110024,0.43333333333333335,0.42474916387959866,0.10367892976588629,0.10085525101541921,1.7708358202638852,True,0.9116216846853854,0.5,0.033444816053511704,0.16722408026755853,0.4012373625717442,3.0365624415472885,True,0.8573455260614007,0.4666666666666667,0.033444816053511704,0.19732441471571907,0.8589753297592801,-0.08429471014556751,0.5166666666666667,360,0.36525712773050395,0.8139240506329114,790,0.8079863764405639,0.9334916864608076,421
92,lewm_fail_ald_success,lewm,0,29,300,1.0,6.373333333333333,91.27503049953366,0.4,0.3433333333333333,lewm,0.12530556321144104,2.75369274392642,0.03629729219213547,predictor_raw,1.1700673819401266,True,0.33415215724619163,0.0,0.9331103678929766,0.5652173913043478,1.0618487954374265,0.4615487175157716,True,0.3471856353959488,0.06666666666666667,0.6722408026755853,0.2408026755852843,0.04358826169056818,1.5323966026578506,True,-0.0335274836387071,0.0,0.9899665551839465,0.7224080267558528,1.7310736616536297,1.7708358202638852,True,0.21737085967621864,0.0,0.6120401337792643,0.6254180602006689,1.728607031628184,3.0365624415472885,True,0.2756492849920555,0.0,0.6120401337792643,0.5986622073578596,2.77625776727621,0.4933002419948643,0.5583333333333333,360,0.022249506335865574,0.5392405063291139,790,-0.4490844293825096,0.3681710213776722,421
92,lewm_fail_ald_success,lewm,0,29,300,1.0,6.373333333333333,91.27503049953366,0.4,0.3433333333333333,ald_tf,0.023417824879288673,0.5146259495264689,0.9525448060534006,encoder_raw,1.1700673819401266,True,0.7524088045422727,0.4666666666666667,0.09698996655518395,0.2709030100334448,0.4719360269769364,0.4615487175157716,True,0.1863562928476983,0.2,0.22408026755852842,0.6521739130434783,0.3464370032723388,1.5323966026578506,True,0.9091189902110024,0.43333333333333335,0.42474916387959866,0.10367892976588629,0.10085525101541921,1.7708358202638852,True,0.9116216846853854,0.5,0.033444816053511704,0.16722408026755853,0.4012373625717442,3.0365624415472885,True,0.8573455260614007,0.4666666666666667,0.033444816053511704,0.19732441471571907,0.8589753297592801,-0.08429471014556751,0.5166666666666667,360,0.36525712773050395,0.8139240506329114,790,0.8079863764405639,0.9334916864608076,421
92,lewm_fail_ald_success,lewm,0,29,300,1.0,6.373333333333333,91.27503049953366,0.4,0.3433333333333333,ald_tf,0.023417824879288673,0.5146259495264689,0.9525448060534006,predictor_raw,1.1700673819401266,True,0.7368144090489894,0.4,0.026755852842809364,0.4816053511705686,0.8713785503175392,0.4615487175157716,True,0.16980544228269204,0.13333333333333333,0.18394648829431437,0.8662207357859532,0.9365122609495166,1.5323966026578506,True,0.8927161412904587,0.5,0.30434782608695654,0.0033444816053511705,1.2823580304668233e-05,1.7708358202638852,True,0.8794986610962344,0.4666666666666667,0.10367892976588629,0.34448160535117056,0.8904701928138075,3.0365624415472885,True,0.831046122734697,0.4,0.10367892976588629,0.4080267558528428,1.747650683341946,-0.0620022491514101,0.4583333333333333,360,0.2993853955449057,0.6848101265822785,790,0.7683290432439367,0.838479809976247,421
92,lewm_fail_ald_success,lewm,1,0,300,1.0,7.346666666666667,32.46093435701097,0.66,0.01,factor,0.030564524233341217,0.25376719514663476,0.9628969210769008,encoder_raw,10.257473158574646,True,0.7676076400848898,0.36666666666666664,0.023411371237458192,0.24749163879598662,2.975213772315608,6.198898173271539,True,0.6496721074678607,0.26666666666666666,0.06020066889632107,0.42474916387959866,1.898851754489671,0.5599011436973391,True,0.16317559083989822,0.03333333333333333,0.3779264214046823,0.10367892976588629,0.09196404126221729,6.023843146942868,True,0.6945748286092067,0.3,0.8795986622073578,0.34782608695652173,1.212582168250384,14.939594566038762,True,0.9095763286258737,0.6666666666666666,0.016722408026755852,0.20735785953177258,3.701213472702391,0.8142127065385196,0.9069946195234435,1301,0.8013354329543466,0.8947368421052632,285,0.5137608298849352,0.6904761904761905,588
92,lewm_fail_ald_success,lewm,1,0,300,1.0,7.346666666666667,32.46093435701097,0.66,0.01,factor,0.030564524233341217,0.25376719514663476,0.9628969210769008,predictor_raw,10.257473158574646,True,0.7216604628940322,0.3333333333333333,0.08361204013377926,0.3177257525083612,3.697385615105827,6.198898173271539,True,0.6384168712985699,0.23333333333333334,0.09364548494983277,0.1705685618729097,0.3445905512425216,0.5599011436973391,True,0.16804453382815365,0.03333333333333333,0.6220735785953178,0.3979933110367893,0.5966001229452332,6.023843146942868,True,0.6845689396548851,0.26666666666666666,0.8528428093645485,0.03678929765886288,0.16295704668625044,14.939594566038762,True,0.8735323725819176,0.5333333333333333,0.03678929765886288,0.17725752508361203,3.373760193928476,0.7324250871534271,0.8539584934665642,1301,0.7512038044687814,0.8526315789473684,285,0.46993665026320774,0.6717687074829932,588
92,lewm_fail_ald_success,lewm,1,0,300,1.0,7.346666666666667,32.46093435701097,0.66,0.01,factor,0.030564524233341217,0.25376719514663476,0.9628969210769008,encoder_factor_head_diagnostic_only,10.257473158574646,True,0.7670818564650719,0.2,0.06020066889632107,0.07692307692307693,0.8237907767808548,6.198898173271539,True,0.7556123956932855,0.26666666666666666,0.030100334448160536,0.07357859531772576,0.07097933117356392,0.5599011436973391,True,-0.06970033000366671,0.0,0.7892976588628763,0.7190635451505016,0.8940672051099734,6.023843146942868,True,0.774698385537617,0.26666666666666666,0.7692307692307693,0.0903010033444816,0.18681290878203294,14.939594566038762,True,0.9360997344414937,0.4,0.043478260869565216,0.016722408026755852,0.5240212176992862,0.8867417491336727,0.9162182936202921,1301,0.8786885973272841,0.9263157894736842,285,0.06514813945127894,0.5068027210884354,588
92,lewm_fail_ald_success,lewm,1,0,300,1.0,7.346666666666667,32.46093435701097,0.66,0.01,lewm,0.036241043359041214,0.2711675804648803,0.9673307481194235,encoder_raw,10.257473158574646,True,0.6954388382093134,0.3333333333333333,0.04013377926421405,0.026755852842809364,0.29063110133188486,6.198898173271539,True,0.7881096456627296,0.3,0.010033444816053512,0.18394648829431437,0.39070364382462297,0.5599011436973391,True,0.003513816820186891,0.0,0.6254180602006689,0.46488294314381273,0.6833508341569731,6.023843146942868,True,0.8191708796764409,0.3333333333333333,0.8394648829431438,0.14715719063545152,0.29582085048009166,14.939594566038762,True,0.894479271991911,0.5666666666666667,0.013377926421404682,0.0033444816053511705,0.09986948394837536,0.8070034499377551,0.8708685626441199,1301,0.8853549835182891,0.9298245614035088,285,0.3698964331499899,0.6666666666666666,588
92,lewm_fail_ald_success,lewm,1,0,300,1.0,7.346666666666667,32.46093435701097,0.66,0.01,lewm,0.036241043359041214,0.2711675804648803,0.9673307481194235,predictor_raw,10.257473158574646,True,0.6225478060867343,0.16666666666666666,0.09698996655518395,0.38127090301003347,4.621019012493937,6.198898173271539,True,0.8020742452693919,0.4666666666666667,0.043478260869565216,0.043478260869565216,0.041837938810147246,0.5599011436973391,True,-0.023624706941188234,0.0,0.6923076923076923,0.7491638795986622,0.90181394207949,6.023843146942868,True,0.8318234647051634,0.5,0.8361204013377926,0.05016722408026756,0.16541825338813276,14.939594566038762,True,0.838793319925777,0.3,0.033444816053511704,0.23411371237458195,4.299854798018468,0.6828392794215917,0.7640276710222905,1301,0.8542240504011669,0.8631578947368421,285,0.30313932595984955,0.5884353741496599,588
92,lewm_fail_ald_success,lewm,1,0,300,1.0,7.346666666666667,32.46093435701097,0.66,0.01,ald_tf,0.030022509396076202,0.22463843415774934,0.9723134701496683,encoder_raw,10.257473158574646,True,0.6954388382093134,0.3333333333333333,0.04013377926421405,0.026755852842809364,0.29063110133188486,6.198898173271539,True,0.7881096456627296,0.3,0.010033444816053512,0.18394648829431437,0.39070364382462297,0.5599011436973391,True,0.003513816820186891,0.0,0.6254180602006689,0.46488294314381273,0.6833508341569731,6.023843146942868,True,0.8191708796764409,0.3333333333333333,0.8394648829431438,0.14715719063545152,0.29582085048009166,14.939594566038762,True,0.894479271991911,0.5666666666666667,0.013377926421404682,0.0033444816053511705,0.09986948394837536,0.8070034499377551,0.8708685626441199,1301,0.8853549835182891,0.9298245614035088,285,0.3698964331499899,0.6666666666666666,588
92,lewm_fail_ald_success,lewm,1,0,300,1.0,7.346666666666667,32.46093435701097,0.66,0.01,ald_tf,0.030022509396076202,0.22463843415774934,0.9723134701496683,predictor_raw,10.257473158574646,True,0.7003957821753575,0.3333333333333333,0.013377926421404682,0.12374581939799331,1.4074998497603413,6.198898173271539,True,0.7409686774297493,0.3333333333333333,0.11371237458193979,0.21070234113712374,0.49654569071356813,0.5599011436973391,True,0.0510423449149435,0.0,0.5518394648829431,0.5183946488294314,0.7530607052909977,6.023843146942868,True,0.7731757019522439,0.36666666666666664,0.8494983277591973,0.20735785953177258,0.47137276850306153,14.939594566038762,True,0.8773097478860876,0.5666666666666667,0.033444816053511704,0.05351170568561873,1.3922901503998013,0.7622677191879625,0.8170637970791699,1301,0.8347611177206812,0.8982456140350877,285,0.3836595550320244,0.6394557823129252,588
92,lewm_fail_ald_success,lewm,1,3,300,1.0,2.8466666666666667,9.636406490349133,0.9833333333333333,0.05,factor,0.04512237384915352,0.5410844073172366,0.9006494185433956,encoder_raw,9.856682260180868,True,0.9001476350229842,0.36666666666666664,0.033444816053511704,0.16387959866220736,1.7772585297454127,0.4812588032943659,True,-0.08662721362256072,0.0,0.7993311036789298,0.8327759197324415,1.2228832958038718,0.21674349692636996,True,0.23561158533260082,0.23333333333333334,0.5484949832775919,0.08361204013377926,0.17146922606022758,0.21830723967998678,True,0.003134480316830467,0.26666666666666666,0.9765886287625418,0.8060200668896321,0.5733744720889378,10.773200226166129,True,0.898830731062861,0.4,0.033444816053511704,0.20066889632107024,2.235327327648484,0.9300223713637622,0.939795829334264,11461,0.5652282419845708,0.8202247191011236,89,0.593988349501734,0.8878504672897196,107
92,lewm_fail_ald_success,lewm,1,3,300,1.0,2.8466666666666667,9.636406490349133,0.9833333333333333,0.05,factor,0.04512237384915352,0.5410844073172366,0.9006494185433956,predictor_raw,9.856682260180868,True,0.8395293281036456,0.2,0.12040133779264214,0.2842809364548495,2.957938627612064,0.4812588032943659,True,-0.18087000966677408,0.03333333333333333,0.842809364548495,0.8996655518394648,2.709861059310808,0.21674349692636996,True,0.27059678440871565,0.23333333333333334,0.6321070234113713,0.9966555183946488,2.2533910995943134,0.21830723967998678,True,-0.0851031678129757,0.2,0.9732441471571907,0.939799331103679,4.142274109129959,10.773200226166129,True,0.8297389970999678,0.23333333333333334,0.12040133779264214,0.49498327759197325,6.984907062556157,0.8471141505875699,0.9204257918157229,11461,0.22219177200736098,0.5842696629213483,89,0.3303789620145963,0.7757009345794392,107
92,lewm_fail_ald_success,lewm,1,3,300,1.0,2.8466666666666667,9.636406490349133,0.9833333333333333,0.05,factor,0.04512237384915352,0.5410844073172366,0.9006494185433956,encoder_factor_head_diagnostic_only,9.856682260180868,True,0.7719999462216497,0.5333333333333333,0.06688963210702341,0.05016722408026756,0.6292607607723324,0.4812588032943659,True,0.3394225511692156,0.06666666666666667,0.4682274247491639,0.19063545150501673,0.021802784789604374,0.21674349692636996,True,-0.22854172664421765,0.0,0.8963210702341137,0.7859531772575251,0.9130690137226657,0.21830723967998678,True,0.3080464143089809,0.06666666666666667,0.9765886287625418,0.2842809364548495,0.11389374873710856,10.773200226166129,True,0.8527635371827508,0.5666666666666667,0.06688963210702341,0.043478260869565216,0.6278488353235745,0.8820263755258818,0.9123113166390368,11461,0.5645504605367389,0.7415730337078652,89,0.14762295052395,0.4392523364485981,107
92,lewm_fail_ald_success,lewm,1,3,300,1.0,2.8466666666666667,9.636406490349133,0.9833333333333333,0.05,lewm,0.06175722926855087,0.7095460647695766,0.7333677263195754,encoder_raw,9.856682260180868,True,0.8634685485845486,0.4,0.0033444816053511705,0.006688963210702341,0.05074396723134206,0.4812588032943659,True,0.15877115038095208,0.03333333333333333,0.822742474916388,0.6287625418060201,0.1439229123792617,0.21674349692636996,True,-0.008212093982853816,0.03333333333333333,0.8461538461538461,0.3411371237458194,0.8231368684014427,0.21830723967998678,True,0.21259287745183156,0.26666666666666666,0.9966555183946488,0.6421404682274248,0.1460817310055429,10.773200226166129,True,0.9162820418945304,0.43333333333333335,0.0033444816053511705,0.0033444816053511705,0.08152002405101855,0.9220275631423994,0.9221708402408166,11461,0.6444638329054007,0.8089887640449438,89,0.45366142947264443,0.8504672897196262,107
92,lewm_fail_ald_success,lewm,1,3,300,1.0,2.8466666666666667,9.636406490349133,0.9833333333333333,0.05,lewm,0.06175722926855087,0.7095460647695766,0.7333677263195754,predictor_raw,9.856682260180868,True,0.5494838831542572,0.06666666666666667,0.22073578595317725,0.13377926421404682,1.517529146303096,0.4812588032943659,True,0.24819564661829577,0.16666666666666666,0.745819397993311,0.7123745819397993,0.3337781309857858,0.21674349692636996,True,-0.1255191724352493,0.0,0.8929765886287625,0.1939799331103679,0.5277788699010513,0.21830723967998678,True,0.3126501405571173,0.16666666666666666,0.9565217391304348,0.020066889632107024,0.04057895111167542,10.773200226166129,True,0.6380470894121045,0.06666666666666667,0.22073578595317725,0.12709030100334448,1.4428024232289052,0.6103911535353601,0.771573161155222,11461,0.3521053773212502,0.6629213483146067,89,0.16463825846303431,0.5887850467289719,107
92,lewm_fail_ald_success,lewm,1,3,300,1.0,2.8466666666666667,9.636406490349133,0.9833333333333333,0.05,ald_tf,0.040753383189439774,0.46822700776245707,0.9121384389177406,encoder_raw,9.856682260180868,True,0.8634685485845486,0.4,0.0033444816053511705,0.006688963210702341,0.05074396723134206,0.4812588032943659,True,0.15877115038095208,0.03333333333333333,0.822742474916388,0.6287625418060201,0.1439229123792617,0.21674349692636996,True,-0.008212093982853816,0.03333333333333333,0.8461538461538461,0.3411371237458194,0.8231368684014427,0.21830723967998678,True,0.21259287745183156,0.26666666666666666,0.9966555183946488,0.6421404682274248,0.1460817310055429,10.773200226166129,True,0.9162820418945304,0.43333333333333335,0.0033444816053511705,0.0033444816053511705,0.08152002405101855,0.9220275631423994,0.9221708402408166,11461,0.6444638329054007,0.8089887640449438,89,0.45366142947264443,0.8504672897196262,107
92,lewm_fail_ald_success,lewm,1,3,300,1.0,2.8466666666666667,9.636406490349133,0.9833333333333333,0.05,ald_tf,0.040753383189439774,0.46822700776245707,0.9121384389177406,predictor_raw,9.856682260180868,True,0.7947763864042934,0.23333333333333334,0.20735785953177258,0.17391304347826086,1.8731957834274349,0.4812588032943659,True,0.13565128501427795,0.03333333333333333,0.8060200668896321,0.3210702341137124,0.02989071987638084,0.21674349692636996,True,-0.01567750752786142,0.0,0.7558528428093646,0.6387959866220736,0.9091361968145437,0.21830723967998678,True,0.1708543428260314,0.2,0.9632107023411371,0.4013377926421405,0.1180488669157631,10.773200226166129,True,0.8435338170424116,0.23333333333333334,0.20735785953177258,0.1505016722408027,1.875938976157332,0.8362336284486821,0.8520198935520461,11461,0.4320907749645611,0.651685393258427,89,0.25775112574160847,0.7009345794392523,107
92,lewm_fail_ald_success,lewm,1,9,300,1.0,2.026666666666667,8.005346846238512,0.9966666666666667,0.06666666666666667,factor,0.05937360227108002,0.7207674351274577,0.7968287182050804,encoder_raw,7.936574660698838,True,0.8507375753538544,0.3,0.19732441471571907,0.11371237458193979,0.9840593274626801,0.43472504107527793,True,-0.16358037105773993,0.03333333333333333,0.8595317725752508,0.8729096989966555,1.1517656519486221,0.09626070476332182,True,0.5559561034831202,0.23333333333333334,0.26421404682274247,0.11036789297658862,0.26397614408974707,0.17461599641298942,True,0.13170688454778062,0.3,0.13712374581939799,0.8093645484949833,0.5972410698288368,8.460235148131847,True,0.8580429947287953,0.3333333333333333,0.19732441471571907,0.15719063545150502,1.4774151404234264,0.9081930381854418,0.9345594525235243,14028,0.5493243272138645,0.9117647058823529,34,0.7590995945500798,0.5337078651685393,178
92,lewm_fail_ald_success,lewm,1,9,300,1.0,2.026666666666667,8.005346846238512,0.9966666666666667,0.06666666666666667,factor,0.05937360227108002,0.7207674351274577,0.7968287182050804,predictor_raw,7.936574660698838,True,0.8477978644207158,0.13333333333333333,0.28762541806020064,0.11371237458193979,0.9840593274626801,0.43472504107527793,True,-0.409820998011089,0.0,0.842809364548495,0.8729096989966555,1.1517656519486221,0.09626070476332182,True,0.3575684174268603,0.3333333333333333,0.04013377926421405,0.11036789297658862,0.26397614408974707,0.17461599641298942,True,-0.13600995566617408,0.2,0.2408026755852843,0.8093645484949833,0.5972410698288368,8.460235148131847,True,0.8084436493738819,0.16666666666666666,0.28762541806020064,0.15719063545150502,1.4774151404234264,0.8448729099063276,0.9324921585400627,14028,-0.3648427206609167,0.7058823529411765,34,0.027209164869352834,0.5280898876404494,178
92,lewm_fail_ald_success,lewm,1,9,300,1.0,2.026666666666667,8.005346846238512,0.9966666666666667,0.06666666666666667,factor,0.05937360227108002,0.7207674351274577,0.7968287182050804,encoder_factor_head_diagnostic_only,7.936574660698838,True,0.763244989330044,0.4666666666666667,0.08695652173913043,0.06354515050167224,0.49971325385688115,0.43472504107527793,True,0.2815924276442104,0.26666666666666666,0.8963210702341137,0.2508361204013378,0.012383254340201877,0.09626070476332182,True,0.07372953503676238,0.0,0.8193979933110368,0.6488294314381271,0.915960913476065,0.17461599641298942,True,0.3843236375895948,0.0,0.2608695652173913,0.38461538461538464,0.10984344160673443,8.460235148131847,True,0.8321391340833197,0.5,0.08695652173913043,0.056856187290969896,0.505671438595525,0.8805032468595652,0.8897918448816653,14028,0.7191709776811568,0.8529411764705882,34,0.22432099198460498,0.37640449438202245,178
92,lewm_fail_ald_success,lewm,1,9,300,1.0,2.026666666666667,8.005346846238512,0.9966666666666667,0.06666666666666667,lewm,0.08772874623537064,1.1261845749551573,0.5334571718290312,encoder_raw,7.936574660698838,True,0.8685488962427488,0.5333333333333333,0.013377926421404682,0.06688963210702341,0.5398740466469104,0.43472504107527793,True,0.05262884207304056,0.16666666666666666,0.822742474916388,0.14381270903010032,0.00832934518899181,0.09626070476332182,True,0.34809054417759766,0.0,0.5217391304347826,0.7424749163879598,0.9174976252446536,0.17461599641298942,True,0.2860869250238472,0.2,0.09698996655518395,0.23076923076923078,0.10732624422411297,8.460235148131847,True,0.9111645092710895,0.6333333333333333,0.013377926421404682,0.06020066889632107,0.5433150340029327,0.9311238405557672,0.9314941545480467,14028,0.738390547986625,0.8529411764705882,34,0.6421616752115997,0.4157303370786517,178
92,lewm_fail_ald_success,lewm,1,9,300,1.0,2.026666666666667,8.005346846238512,0.9966666666666667,0.06666666666666667,lewm,0.08772874623537064,1.1261845749551573,0.5334571718290312,predictor_raw,7.936574660698838,True,0.4034622606917855,0.0,0.8160535117056856,0.2040133779264214,1.7141107384290355,0.43472504107527793,True,0.08290669896332181,0.06666666666666667,0.5484949832775919,0.7123745819397993,0.268354879872306,0.09626070476332182,True,0.02885054278380871,0.03333333333333333,0.7324414715719063,0.19732441471571907,0.5838049026630303,0.17461599641298942,True,0.3031495905510061,0.3,0.06688963210702341,0.026755852842809364,0.033659056325803904,8.460235148131847,True,0.4862907365637396,0.0,0.8160535117056856,0.18394648829431437,1.6438845378867488,0.4275439515636049,0.7508554319931565,14028,0.1699886982279255,0.7352941176470589,34,0.0018632657995035966,0.5955056179775281,178
92,lewm_fail_ald_success,lewm,1,9,300,1.0,2.026666666666667,8.005346846238512,0.9966666666666667,0.06666666666666667,ald_tf,0.04432107135653496,0.5689549782610733,0.9069886823113488,encoder_raw,7.936574660698838,True,0.8685488962427488,0.5333333333333333,0.013377926421404682,0.06688963210702341,0.5398740466469104,0.43472504107527793,True,0.05262884207304056,0.16666666666666666,0.822742474916388,0.14381270903010032,0.00832934518899181,0.09626070476332182,True,0.34809054417759766,0.0,0.5217391304347826,0.7424749163879598,0.9174976252446536,0.17461599641298942,True,0.2860869250238472,0.2,0.09698996655518395,0.23076923076923078,0.10732624422411297,8.460235148131847,True,0.9111645092710895,0.6333333333333333,0.013377926421404682,0.06020066889632107,0.5433150340029327,0.9311238405557672,0.9314941545480467,14028,0.738390547986625,0.8529411764705882,34,0.6421616752115997,0.4157303370786517,178
92,lewm_fail_ald_success,lewm,1,9,300,1.0,2.026666666666667,8.005346846238512,0.9966666666666667,0.06666666666666667,ald_tf,0.04432107135653496,0.5689549782610733,0.9069886823113488,predictor_raw,7.936574660698838,True,0.8056018400204447,0.3,0.36454849498327757,0.10367892976588629,0.9253373790094396,0.43472504107527793,True,0.09473305258947322,0.16666666666666666,0.8862876254180602,0.026755852842809364,0.0013516388374375798,0.09626070476332182,True,0.1766970744119379,0.0,0.6387959866220736,0.8595317725752508,0.920688744862947,0.17461599641298942,True,0.2745301614462383,0.13333333333333333,0.13377926421404682,0.11036789297658862,0.10353965749085225,8.460235148131847,True,0.8571521905798953,0.36666666666666664,0.36454849498327757,0.08695652173913043,0.9249917796322009,0.8467893044076625,0.8882235528942116,14028,0.5035504033883104,0.7352941176470589,34,0.20100451556228385,0.4943820224719101,178
92,lewm_fail_ald_success,lewm,1,19,300,1.0,1.9033333333333333,8.580096574730868,0.9933333333333333,0.10666666666666667,factor,0.04537990689277649,1.0505983970701585,0.8658110496573405,encoder_raw,4.265662117764757,True,0.8331793501238233,0.06666666666666667,0.3411371237458194,0.19732441471571907,1.2039712913186071,0.6770707986823805,True,-0.38317563341544403,0.0,0.4080267558528428,0.7792642140468228,0.7885363897632458,0.5052674143064337,True,0.6175684860463473,0.13333333333333333,0.6889632107023411,0.1939799331103679,0.3323225340778682,0.22522125437515883,True,0.06230269917473557,0.06666666666666667,0.5852842809364549,0.7224080267558528,0.33265716251147026,4.5406576920501776,True,0.8248057005973118,0.06666666666666667,0.35785953177257523,0.21739130434782608,1.398376140762402,0.8561395474280681,0.9440559440559441,7436,0.19115421626073206,0.7878787878787878,165,0.5966204022473972,0.8224852071005917,169
92,lewm_fail_ald_success,lewm,1,19,300,1.0,1.9033333333333333,8.580096574730868,0.9933333333333333,0.10666666666666667,factor,0.04537990689277649,1.0505983970701585,0.8658110496573405,predictor_raw,4.265662117764757,True,0.9129305881176457,0.16666666666666666,0.14046822742474915,0.24414715719063546,1.5169445338936876,0.6770707986823805,True,-0.43196613295703284,0.0,0.47491638795986624,0.8896321070234113,1.3300734283492444,0.5052674143064337,True,0.5169297436638185,0.06666666666666667,0.5953177257525084,0.12040133779264214,0.2046438946878268,0.22522125437515883,True,-0.09958155090612118,0.0,0.6454849498327759,0.8762541806020067,0.7465155617074273,4.5406576920501776,True,0.8586633184813165,0.13333333333333333,0.32441471571906355,0.31438127090301005,2.12520778253344,0.9394601585692628,0.9525282409897795,7436,-0.4436958166183848,0.37575757575757573,165,0.13312922630839666,0.6686390532544378,169
92,lewm_fail_ald_success,lewm,1,19,300,1.0,1.9033333333333333,8.580096574730868,0.9933333333333333,0.10666666666666667,factor,0.04537990689277649,1.0505983970701585,0.8658110496573405,encoder_factor_head_diagnostic_only,4.265662117764757,True,0.7813072124476113,0.5333333333333333,0.023411371237458192,0.09364548494983277,0.5817965089126872,0.6770707986823805,True,0.32111760365310965,0.4,0.016722408026755852,0.3277591973244147,0.01382852565702855,0.5052674143064337,True,-0.06580940519443648,0.0,0.9899665551839465,0.5886287625418061,0.914647933114626,0.22522125437515883,True,0.47210240914926116,0.0,0.6020066889632107,0.5384615384615384,0.14027469744201082,4.5406576920501776,True,0.8532984647938879,0.5333333333333333,0.020066889632107024,0.09364548494983277,0.583818893287023,0.8849817843390424,0.9252286175363098,7436,0.6185260936457067,0.8424242424242424,165,0.12718524433580994,0.378698224852071,169
92,lewm_fail_ald_success,lewm,1,19,300,1.0,1.9033333333333333,8.580096574730868,0.9933333333333333,0.10666666666666667,lewm,0.06917844712734222,1.5700003128173088,0.41560444178318257,encoder_raw,4.265662117764757,True,0.898908976645188,0.5333333333333333,0.043478260869565216,0.04013377926421405,0.15169957634508893,0.6770707986823805,True,-0.0034780390313269285,0.23333333333333334,0.13377926421404682,0.26421404682274247,0.010366649844028492,0.5052674143064337,True,0.27528375596215193,0.0,0.8996655518394648,0.6588628762541806,0.9162295270899711,0.22522125437515883,True,0.32168249888137834,0.0,0.5585284280936454,0.47491638795986624,0.13839441560435572,4.5406576920501776,True,0.9363087296868612,0.5666666666666667,0.10702341137123746,0.03678929765886288,0.15184167888176958,0.9113638354223655,0.9419042495965573,7436,0.5362286033053247,0.8363636363636363,165,0.43782549815411304,0.591715976331361,169
92,lewm_fail_ald_success,lewm,1,19,300,1.0,1.9033333333333333,8.580096574730868,0.9933333333333333,0.10666666666666667,lewm,0.06917844712734222,1.5700003128173088,0.41560444178318257,predictor_raw,4.265662117764757,True,0.21413482372026355,0.0,0.8729096989966555,0.27759197324414714,1.750915144728958,0.6770707986823805,True,-0.055443727152523915,0.06666666666666667,0.5250836120401338,0.04013377926421405,0.001859792095291718,0.5052674143064337,True,0.15890665451838354,0.0,0.9933110367892977,0.882943143812709,0.9201465720304098,0.22522125437515883,True,0.3902412249024989,0.4666666666666667,0.20066889632107024,0.24414715719063546,0.13380460279605777,4.5406576920501776,True,0.3063402926699186,0.0,0.8528428093645485,0.24749163879598662,1.7464674344573403,0.16341331961454206,0.693652501344809,7436,0.09265047869436903,0.7151515151515152,165,0.1340144937476196,0.6804733727810651,169
92,lewm_fail_ald_success,lewm,1,19,300,1.0,1.9033333333333333,8.580096574730868,0.9933333333333333,0.10666666666666667,ald_tf,0.06875322014093399,1.5603498142964274,0.7506866465945943,encoder_raw,4.265662117764757,True,0.898908976645188,0.5333333333333333,0.043478260869565216,0.04013377926421405,0.15169957634508893,0.6770707986823805,True,-0.0034780390313269285,0.23333333333333334,0.13377926421404682,0.26421404682274247,0.010366649844028492,0.5052674143064337,True,0.27528375596215193,0.0,0.8996655518394648,0.6588628762541806,0.9162295270899711,0.22522125437515883,True,0.32168249888137834,0.0,0.5585284280936454,0.47491638795986624,0.13839441560435572,4.5406576920501776,True,0.9363087296868612,0.5666666666666667,0.10702341137123746,0.03678929765886288,0.15184167888176958,0.9113638354223655,0.9419042495965573,7436,0.5362286033053247,0.8363636363636363,165,0.43782549815411304,0.591715976331361,169
92,lewm_fail_ald_success,lewm,1,19,300,1.0,1.9033333333333333,8.580096574730868,0.9933333333333333,0.10666666666666667,ald_tf,0.06875322014093399,1.5603498142964274,0.7506866465945943,predictor_raw,4.265662117764757,True,0.6706394515494617,0.36666666666666664,0.10033444816053512,0.3110367892976589,2.0626058799943188,0.6770707986823805,True,0.4055249502772253,0.3,0.046822742474916385,0.3779264214046823,0.01717981853444639,0.5052674143064337,True,-0.15427104745608283,0.0,0.9899665551839465,0.5418060200668896,0.9131517931876609,0.22522125437515883,True,0.48763519594662164,0.0,0.6053511705685619,0.5852842809364549,0.1421298503924635,4.5406576920501776,True,0.7523590262114024,0.4,0.19063545150501673,0.30434782608695654,2.0664834173191076,0.8041337879729438,0.8746637977407208,7436,0.5742870778910809,0.7454545454545455,165,0.08816023568755213,0.514792899408284,169
92,lewm_fail_ald_success,lewm,1,29,300,1.0,1.51,4.318186569122647,0.95,0.06666666666666667,factor,0.04197845607995987,3.6963509276340094,0.8961613744534564,encoder_raw,2.1970653881547517,True,0.8595529188815324,0.23333333333333334,0.27759197324414714,0.05351170568561873,0.6862937348855452,0.13700126440677135,True,-0.2986372719307606,0.03333333333333333,0.4765886287625418,0.9096989966555183,0.37853902174352094,0.22188573758887054,True,0.36893859123613,0.4,0.06020066889632107,0.11705685618729098,0.3883059756073254,0.042123016476963926,True,0.2498237755849849,0.03333333333333333,0.33444816053511706,0.6956521739130435,0.13930705268543586,2.1601834014084527,True,0.8617131679868565,0.26666666666666666,0.27759197324414714,0.05351170568561873,0.6822897485834549,0.9000655599056057,0.9433026222537207,15521,0.04664095535117405,0.6666666666666666,63,0.2999174577111177,0.8571428571428571,7
92,lewm_fail_ald_success,lewm,1,29,300,1.0,1.51,4.318186569122647,0.95,0.06666666666666667,factor,0.04197845607995987,3.6963509276340094,0.8961613744534564,predictor_raw,2.1970653881547517,True,0.9676343070478561,0.7333333333333333,0.026755852842809364,0.006688963210702341,0.007422736004517334,0.13700126440677135,True,-0.12279336437071522,0.1,0.2608695652173913,0.44481605351170567,0.010416077429701964,0.22188573758887054,True,0.1747881643129368,0.1,0.1605351170568562,0.5518394648829431,0.7568418971889216,0.042123016476963926,True,0.0839431549239436,0.0,0.5986622073578596,0.7324414715719063,0.1397200299532131,2.1601834014084527,True,0.9637084856498406,0.7666666666666667,0.026755852842809364,0.006688963210702341,0.0038317269702041745,0.9734715530467539,0.9623091295663939,15521,-0.07642285542505138,0.3333333333333333,63,0.10430912586973137,0.42857142857142855,7
92,lewm_fail_ald_success,lewm,1,29,300,1.0,1.51,4.318186569122647,0.95,0.06666666666666667,factor,0.04197845607995987,3.6963509276340094,0.8961613744534564,encoder_factor_head_diagnostic_only,2.1970653881547517,True,0.7635970580974017,0.6333333333333333,0.06020066889632107,0.08361204013377926,0.8667952513615927,0.13700126440677135,True,0.4510707244360828,0.2,0.10535117056856187,0.3210702341137124,0.008542016607717057,0.22188573758887054,True,-0.37907827297440067,0.0,0.9698996655518395,0.6421404682274248,0.7575064729077243,0.042123016476963926,True,-0.032375291781437616,0.0,0.802675585284281,0.5953177257525084,0.138510544850031,2.1601834014084527,True,0.768582675696203,0.6333333333333333,0.06020066889632107,0.0802675585284281,0.8619947572240974,0.8567941985441005,0.8941434185941628,15521,0.3415955144718418,0.6666666666666666,63,0.021156726326063545,0.7142857142857143,7
92,lewm_fail_ald_success,lewm,1,29,300,1.0,1.51,4.318186569122647,0.95,0.06666666666666667,lewm,0.06926044821739197,5.675282887147648,0.06772617614803005,encoder_raw,2.1970653881547517,True,0.9414481602446088,0.7,0.07692307692307693,0.016722408026755852,0.2697583435333436,0.13700126440677135,True,-0.008408326859186166,0.16666666666666666,0.4665551839464883,0.24749163879598662,0.00767720389936577,0.22188573758887054,True,0.07854697747356727,0.0,0.5451505016722408,0.7692307692307693,0.7582136376740954,0.042123016476963926,True,0.12351775933222593,0.0,0.46153846153846156,0.5785953177257525,0.13835289690805075,2.1601834014084527,True,0.9492164791392508,0.7,0.07692307692307693,0.016722408026755852,0.2648002014538682,0.9407978114241292,0.9661748598672766,15521,0.16690370838065421,0.5873015873015873,63,0.17770539574427827,0.8571428571428571,7
92,lewm_fail_ald_success,lewm,1,29,300,1.0,1.51,4.318186569122647,0.95,0.06666666666666667,lewm,0.06926044821739197,5.675282887147648,0.06772617614803005,predictor_raw,2.1970653881547517,True,0.01922421360237336,0.0,0.9832775919732442,0.4214046822742475,2.3662835022425046,0.13700126440677135,True,0.1657036189290992,0.16666666666666666,0.48494983277591974,0.40468227424749165,0.009753153150930144,0.22188573758887054,True,-0.0799924443604929,0.0,0.9933110367892977,0.5852842809364549,0.757107341915132,0.042123016476963926,True,0.272282136468183,0.0,0.451505016722408,0.6989966555183946,0.13932255040065167,2.1601834014084527,True,0.03869687440971566,0.0,0.9832775919732442,0.431438127090301,2.36229501365563,-0.013791649321811577,0.5350170736421622,15521,0.2624888577462742,0.4444444444444444,63,0.22109266061089328,0.7142857142857143,7
92,lewm_fail_ald_success,lewm,1,29,300,1.0,1.51,4.318186569122647,0.95,0.06666666666666667,ald_tf,0.07677256315946579,6.290834453363647,0.3520086027740363,encoder_raw,2.1970653881547517,True,0.9414481602446088,0.7,0.07692307692307693,0.016722408026755852,0.2697583435333436,0.13700126440677135,True,-0.008408326859186166,0.16666666666666666,0.4665551839464883,0.24749163879598662,0.00767720389936577,0.22188573758887054,True,0.07854697747356727,0.0,0.5451505016722408,0.7692307692307693,0.7582136376740954,0.042123016476963926,True,0.12351775933222593,0.0,0.46153846153846156,0.5785953177257525,0.13835289690805075,2.1601834014084527,True,0.9492164791392508,0.7,0.07692307692307693,0.016722408026755852,0.2648002014538682,0.9407978114241292,0.9661748598672766,15521,0.16690370838065421,0.5873015873015873,63,0.17770539574427827,0.8571428571428571,7
92,lewm_fail_ald_success,lewm,1,29,300,1.0,1.51,4.318186569122647,0.95,0.06666666666666667,ald_tf,0.07677256315946579,6.290834453363647,0.3520086027740363,predictor_raw,2.1970653881547517,True,0.387418082423138,0.1,0.3612040133779264,0.7591973244147158,3.889392858526357,0.13700126440677135,True,0.6224558050645007,0.06666666666666667,0.11371237458193979,0.2976588628762542,0.008261110471142197,0.22188573758887054,True,-0.5372157468416315,0.0,0.9966555183946488,0.68561872909699,0.7576925271311652,0.042123016476963926,True,-0.13224635829286993,0.0,0.862876254180602,0.5886287625418061,0.13841569293689693,2.1601834014084527,True,0.39159590662118465,0.1,0.3612040133779264,0.7591973244147158,3.8844975124757273,0.48817103976611864,0.6823013981057922,15521,0.39067529024676906,0.5555555555555556,63,0.1123808423768993,0.5714285714285714,7
92,lewm_fail_ald_success,ald_tf,0,0,300,0.0,0.0,0.0,0.0,0.0,factor,0.02500331588089466,2.3113549004413225,0.7418444899980935,encoder_raw,101.04197800288324,True,0.10559054175842822,0.36666666666666664,0.010033444816053512,0.6120401337792643,175.76593392458165,0.0,False,nan,nan,nan,nan,nan,0.0,False,nan,nan,nan,nan,nan,0.0,False,nan,nan,nan,nan,nan,101.0419780028833,True,0.10559054175842822,0.36666666666666664,0.010033444816053512,0.6120401337792643,175.76593392458167,0.10559054175842818,0.5383443372270188,41349,nan,nan,0,nan,nan,0
92,lewm_fail_ald_success,ald_tf,0,0,300,0.0,0.0,0.0,0.0,0.0,factor,0.02500331588089466,2.3113549004413225,0.7418444899980935,predictor_raw,101.04197800288324,True,0.6474885276503072,0.6333333333333333,0.0,0.0,0.0,0.0,False,nan,nan,nan,nan,nan,0.0,False,nan,nan,nan,nan,nan,0.0,False,nan,nan,nan,nan,nan,101.0419780028833,True,0.6474885276503072,0.6333333333333333,0.0,0.0,0.0,0.6474885276503072,0.7514812933807348,41349,nan,nan,0,nan,nan,0
92,lewm_fail_ald_success,ald_tf,0,0,300,0.0,0.0,0.0,0.0,0.0,factor,0.02500331588089466,2.3113549004413225,0.7418444899980935,encoder_factor_head_diagnostic_only,101.04197800288324,True,0.8887737270771483,0.8333333333333334,0.006688963210702341,1.0,405.2760186809344,0.0,False,nan,nan,nan,nan,nan,0.0,False,nan,nan,nan,nan,nan,0.0,False,nan,nan,nan,nan,nan,101.0419780028833,True,0.8887737270771483,0.8333333333333334,0.006688963210702341,1.0,405.2760186809344,0.8887737270771481,0.9019807008633824,41349,nan,nan,0,nan,nan,0
92,lewm_fail_ald_success,ald_tf,0,0,300,0.0,0.0,0.0,0.0,0.0,lewm,0.01827818527817726,1.9398852637904858,0.684101238503268,encoder_raw,101.04197800288324,True,0.4388079595586871,0.4666666666666667,0.0033444816053511705,0.020066889632107024,33.038009508460775,0.0,False,nan,nan,nan,nan,nan,0.0,False,nan,nan,nan,nan,nan,0.0,False,nan,nan,nan,nan,nan,101.0419780028833,True,0.4388079595586871,0.4666666666666667,0.0033444816053511705,0.020066889632107024,33.03800950846076,0.4388079595586871,0.663679895523471,41349,nan,nan,0,nan,nan,0
92,lewm_fail_ald_success,ald_tf,0,0,300,0.0,0.0,0.0,0.0,0.0,lewm,0.01827818527817726,1.9398852637904858,0.684101238503268,predictor_raw,101.04197800288324,True,0.8539241547128301,0.8,0.0,0.0,0.0,0.0,False,nan,nan,nan,nan,nan,0.0,False,nan,nan,nan,nan,nan,0.0,False,nan,nan,nan,nan,nan,101.0419780028833,True,0.8539241547128301,0.8,0.0,0.0,0.0,0.8539241547128302,0.8604319330576313,41349,nan,nan,0,nan,nan,0
92,lewm_fail_ald_success,ald_tf,0,0,300,0.0,0.0,0.0,0.0,0.0,ald_tf,0.01846867986023426,1.9601026774418016,0.7580060925149217,encoder_raw,101.04197800288324,True,0.4388079595586871,0.4666666666666667,0.0033444816053511705,0.020066889632107024,33.038009508460775,0.0,False,nan,nan,nan,nan,nan,0.0,False,nan,nan,nan,nan,nan,0.0,False,nan,nan,nan,nan,nan,101.0419780028833,True,0.4388079595586871,0.4666666666666667,0.0033444816053511705,0.020066889632107024,33.03800950846076,0.4388079595586871,0.663679895523471,41349,nan,nan,0,nan,nan,0
92,lewm_fail_ald_success,ald_tf,0,0,300,0.0,0.0,0.0,0.0,0.0,ald_tf,0.01846867986023426,1.9601026774418016,0.7580060925149217,predictor_raw,101.04197800288324,True,0.6852631695907733,0.7,0.0,0.0,0.0,0.0,False,nan,nan,nan,nan,nan,0.0,False,nan,nan,nan,nan,nan,0.0,False,nan,nan,nan,nan,nan,101.0419780028833,True,0.6852631695907733,0.7,0.0,0.0,0.0,0.685263169590773,0.7687247575515732,41349,nan,nan,0,nan,nan,0
92,lewm_fail_ald_success,ald_tf,0,3,300,0.26666666666666666,0.93,6.2042004126245835,0.0,0.0,factor,0.0938502624630928,0.9891387952099004,0.544276835137465,encoder_raw,36.336081054238754,True,-0.236164428067472,0.06666666666666667,0.9498327759197325,0.07692307692307693,14.47736043796849,0.0,False,nan,nan,nan,nan,nan,0.0,False,nan,nan,nan,nan,nan,0.0,False,nan,nan,nan,nan,nan,36.84779441205072,True,-0.21814200359359723,0.13333333333333333,0.0033444816053511705,0.0033444816053511705,9.763352152812203,-0.12915235312718962,0.4787741203178207,22025,nan,nan,0,nan,nan,0
92,lewm_fail_ald_success,ald_tf,0,3,300,0.26666666666666666,0.93,6.2042004126245835,0.0,0.0,factor,0.0938502624630928,0.9891387952099004,0.544276835137465,predictor_raw,36.336081054238754,True,0.4402453849759897,0.26666666666666666,0.023411371237458192,0.020066889632107024,6.838275823075155,0.0,False,nan,nan,nan,nan,nan,0.0,False,nan,nan,nan,nan,nan,0.0,False,nan,nan,nan,nan,nan,36.84779441205072,True,0.44262007829199246,0.3,0.006688963210702341,0.020066889632107024,12.845841135893703,0.3795721809416098,0.6380476730987514,22025,nan,nan,0,nan,nan,0
92,lewm_fail_ald_success,ald_tf,0,3,300,0.26666666666666666,0.93,6.2042004126245835,0.0,0.0,factor,0.0938502624630928,0.9891387952099004,0.544276835137465,encoder_factor_head_diagnostic_only,36.336081054238754,True,0.9921515785899436,0.8333333333333334,0.020066889632107024,0.033444816053511704,9.169501932001081,0.0,False,nan,nan,nan,nan,nan,0.0,False,nan,nan,nan,nan,nan,0.0,False,nan,nan,nan,nan,nan,36.84779441205072,True,0.994774719138521,0.9,0.0,0.0,0.0,0.9916385601558608,0.9879228149829739,22025,nan,nan,0,nan,nan,0
92,lewm_fail_ald_success,ald_tf,0,3,300,0.26666666666666666,0.93,6.2042004126245835,0.0,0.0,lewm,0.05779610946774483,0.682265136833199,0.7933580143510549,encoder_raw,36.336081054238754,True,0.3696783708350528,0.06666666666666667,0.44481605351170567,0.07692307692307693,14.47736043796849,0.0,False,nan,nan,nan,nan,nan,0.0,False,nan,nan,nan,nan,nan,0.0,False,nan,nan,nan,nan,nan,36.84779441205072,True,0.3825989602772233,0.16666666666666666,0.006688963210702341,0.0033444816053511705,9.763352152812203,0.36781225473588414,0.6308740068104427,22025,nan,nan,0,nan,nan,0
92,lewm_fail_ald_success,ald_tf,0,3,300,0.26666666666666666,0.93,6.2042004126245835,0.0,0.0,lewm,0.05779610946774483,0.682265136833199,0.7933580143510549,predictor_raw,36.336081054238754,True,0.45170635229280326,0.13333333333333333,0.47157190635451507,0.16387959866220736,21.318039217012444,0.0,False,nan,nan,nan,nan,nan,0.0,False,nan,nan,nan,nan,nan,0.0,False,nan,nan,nan,nan,nan,36.84779441205072,True,0.45645707174524164,0.23333333333333334,0.033444816053511704,0.09364548494983277,22.135005241770255,0.4130609091144239,0.6599772985244041,22025,nan,nan,0,nan,nan,0
92,lewm_fail_ald_success,ald_tf,0,3,300,0.26666666666666666,0.93,6.2042004126245835,0.0,0.0,ald_tf,0.041387300938367844,0.48856424416648747,0.8323635631911032,encoder_raw,36.336081054238754,True,0.3696783708350528,0.06666666666666667,0.44481605351170567,0.07692307692307693,14.47736043796849,0.0,False,nan,nan,nan,nan,nan,0.0,False,nan,nan,nan,nan,nan,0.0,False,nan,nan,nan,nan,nan,36.84779441205072,True,0.3825989602772233,0.16666666666666666,0.006688963210702341,0.0033444816053511705,9.763352152812203,0.36781225473588414,0.6308740068104427,22025,nan,nan,0,nan,nan,0
92,lewm_fail_ald_success,ald_tf,0,3,300,0.26666666666666666,0.93,6.2042004126245835,0.0,0.0,ald_tf,0.041387300938367844,0.48856424416648747,0.8323635631911032,predictor_raw,36.336081054238754,True,0.6447009411215681,0.13333333333333333,0.5050167224080268,0.07692307692307693,14.47736043796849,0.0,False,nan,nan,nan,nan,nan,0.0,False,nan,nan,nan,nan,nan,0.0,False,nan,nan,nan,nan,nan,36.84779441205072,True,0.6474836387070968,0.2,0.030100334448160536,0.0033444816053511705,9.763352152812203,0.5940662858341306,0.7441997729852441,22025,nan,nan,0,nan,nan,0
92,lewm_fail_ald_success,ald_tf,0,9,300,0.9566666666666667,7.266666666666667,58.95617294511415,0.0,0.0,factor,0.2875741422176361,1.4181433501863066,-0.09473883043144923,encoder_raw,9.945372032443032,True,-0.22202380026444737,0.0,0.7391304347826086,0.36454849498327757,4.068422713138421,11.218387663776317,True,0.3578446713957465,0.06666666666666667,0.8294314381270903,0.34448160535117056,2.000475708216754,4.426863016939033,True,0.7766307069294447,0.7,0.0,0.0,0.0,10.333530058866746,True,0.7988354072788244,0.5666666666666667,0.13043478260869565,0.016722408026755852,1.2145174916510804,18.504716431555185,True,0.4746888298758875,0.36666666666666664,0.05351170568561873,0.03678929765886288,1.8549203839448314,-0.2809149026367113,0.6718480138169257,579,0.7292502442878915,0.6537102473498233,283,0.8521380779961418,0.9450830140485313,1566
92,lewm_fail_ald_success,ald_tf,0,9,300,0.9566666666666667,7.266666666666667,58.95617294511415,0.0,0.0,factor,0.2875741422176361,1.4181433501863066,-0.09473883043144923,predictor_raw,9.945372032443032,True,0.7518799097767753,0.4,0.030100334448160536,0.11705685618729098,0.9467979929912504,11.218387663776317,True,0.5941950789878533,0.5,0.09364548494983277,0.030100334448160536,0.30438878503613465,4.426863016939033,True,-0.43376547448591396,0.0,0.3277591973244147,0.802675585284281,7.530897796271581,10.333530058866746,True,0.23763047358766737,0.03333333333333333,0.43478260869565216,0.3879598662207358,7.049328364742043,18.504716431555185,True,0.6048440538228202,0.2,0.26755852842809363,0.14046822742474915,4.568106536888623,0.5631343952461285,0.7858376511226253,579,0.4090324757129812,0.5653710247349824,283,-0.255803165750046,0.4074074074074074,1566
92,lewm_fail_ald_success,ald_tf,0,9,300,0.9566666666666667,7.266666666666667,58.95617294511415,0.0,0.0,factor,0.2875741422176361,1.4181433501863066,-0.09473883043144923,encoder_factor_head_diagnostic_only,9.945372032443032,True,0.536566850742786,0.03333333333333333,0.45819397993311034,0.23076923076923078,2.6262084124759273,11.218387663776317,True,0.8510945460149429,0.26666666666666666,0.4816053511705686,0.11371237458193979,0.6050284493615005,4.426863016939033,True,0.21971399432341554,0.3,0.03678929765886288,0.0802675585284281,1.1667356355750007,10.333530058866746,True,0.9101687027753427,0.5333333333333333,0.3745819397993311,0.010033444816053512,0.9858058683708277,18.504716431555185,True,0.9670760786230959,0.7666666666666667,0.0033444816053511705,0.006688963210702341,0.18399446000208464,0.693237091880724,0.8670120898100173,579,0.8976673820189182,0.9434628975265018,283,0.8095070014031801,0.9150702426564495,1566
92,lewm_fail_ald_success,ald_tf,0,9,300,0.9566666666666667,7.266666666666667,58.95617294511415,0.0,0.0,lewm,0.15043558180332184,0.8469217217687475,0.39453105034500385,encoder_raw,9.945372032443032,True,0.006991633240369338,0.0,0.68561872909699,0.3511705685618729,4.001790519326792,11.218387663776317,True,0.5483073798511654,0.06666666666666667,0.7792642140468228,0.3879598662207358,2.500212175087802,4.426863016939033,True,0.6128951542070264,0.43333333333333335,0.020066889632107024,0.043478260869565216,0.8236655650477833,10.333530058866746,True,0.8998063907543363,0.6,0.1806020066889632,0.08361204013377926,2.5379195235699115,18.504716431555185,True,0.6722421360237336,0.4666666666666667,0.030100334448160536,0.0802675585284281,3.111690222052033,-0.04528815540585691,0.6735751295336787,579,0.7479930628891178,0.7632508833922261,283,0.7794232441226326,0.8876117496807152,1566
92,lewm_fail_ald_success,ald_tf,0,9,300,0.9566666666666667,7.266666666666667,58.95617294511415,0.0,0.0,lewm,0.15043558180332184,0.8469217217687475,0.39453105034500385,predictor_raw,9.945372032443032,True,0.5326236958188424,0.13333333333333333,0.2508361204013378,0.18729096989966554,1.8686213937858387,11.218387663776317,True,0.7261556601746386,0.5333333333333333,0.1705685618729097,0.0033444816053511705,0.10735943395427175,4.426863016939033,True,-0.1911098529309523,0.13333333333333333,0.046822742474916385,0.7658862876254181,7.156450161757112,10.333530058866746,True,0.4923978306909015,0.23333333333333334,0.8662207357859532,0.34448160535117056,6.4778513791457115,18.504716431555185,True,0.7000686674296381,0.3333333333333333,0.1806020066889632,0.15384615384615385,4.918452952086879,0.23417875828024373,0.7184801381692574,579,0.6246495661205052,0.6996466431095406,283,-0.042888713497106636,0.4987228607918263,1566
92,lewm_fail_ald_success,ald_tf,0,9,300,0.9566666666666667,7.266666666666667,58.95617294511415,0.0,0.0,ald_tf,0.059885405004024506,0.3371426474165919,0.8086832075911955,encoder_raw,9.945372032443032,True,0.006991633240369338,0.0,0.68561872909699,0.3511705685618729,4.001790519326792,11.218387663776317,True,0.5483073798511654,0.06666666666666667,0.7792642140468228,0.3879598662207358,2.500212175087802,4.426863016939033,True,0.6128951542070264,0.43333333333333335,0.020066889632107024,0.043478260869565216,0.8236655650477833,10.333530058866746,True,0.8998063907543363,0.6,0.1806020066889632,0.08361204013377926,2.5379195235699115,18.504716431555185,True,0.6722421360237336,0.4666666666666667,0.030100334448160536,0.0802675585284281,3.111690222052033,-0.04528815540585691,0.6735751295336787,579,0.7479930628891178,0.7632508833922261,283,0.7794232441226326,0.8876117496807152,1566
92,lewm_fail_ald_success,ald_tf,0,9,300,0.9566666666666667,7.266666666666667,58.95617294511415,0.0,0.0,ald_tf,0.059885405004024506,0.3371426474165919,0.8086832075911955,predictor_raw,9.945372032443032,True,0.32332892587695417,0.06666666666666667,0.38461538461538464,0.2909698996655518,3.0399730791964616,11.218387663776317,True,0.759704500942314,0.3,0.5150501672240803,0.23745819397993312,1.1484118283508493,4.426863016939033,True,0.23533746647964765,0.3,0.1705685618729097,0.12709030100334448,1.442098581403456,10.333530058866746,True,0.8262577099621919,0.36666666666666664,0.5986622073578596,0.046822742474916385,1.8045521931886321,18.504716431555185,True,0.810907676751964,0.5333333333333333,0.006688963210702341,0.026755852842809364,1.4165054515404236,0.13498532479209574,0.6770293609671848,579,0.7548003573634646,0.7879858657243817,283,0.5044122048967924,0.7586206896551724,1566
92,lewm_fail_ald_success,ald_tf,0,19,300,0.9933333333333333,7.38,71.42356137380759,0.21666666666666667,0.15333333333333332,factor,0.10403644293546677,0.9128551863001788,0.19998711096789965,encoder_raw,3.0827000686466057,True,0.6018342426026956,0.2,0.35785953177257523,0.08361204013377926,0.3476277455256563,2.622252383207723,True,0.48068250543700847,0.2,0.8996655518394648,0.18729096989966554,0.22596710012010102,0.612605827010652,True,0.5801907332515657,0.2,0.06688963210702341,0.30434782608695654,0.0460881342749961,2.888712230868661,True,0.7229812245670801,0.36666666666666664,0.09364548494983277,0.0903010033444816,0.25316785809980863,5.4274432154408,True,0.7115056833964822,0.3,0.013377926421404682,0.046822742474916385,0.4711705828788304,0.4022913449046977,0.8532974427994616,743,-0.03593592772141338,0.4585365853658537,615,0.5907111384349462,0.7832047986289632,1167
92,lewm_fail_ald_success,ald_tf,0,19,300,0.9933333333333333,7.38,71.42356137380759,0.21666666666666667,0.15333333333333332,factor,0.10403644293546677,0.9128551863001788,0.19998711096789965,predictor_raw,3.0827000686466057,True,0.49857976199735554,0.13333333333333333,0.391304347826087,0.18729096989966554,0.7252078063059307,2.622252383207723,True,0.4104377171343837,0.16666666666666666,0.020066889632107024,0.13712374581939799,0.1377161141772391,0.612605827010652,True,-0.39264373966863647,0.03333333333333333,0.4080267558528428,0.7692307692307693,0.7807866311407332,2.888712230868661,True,0.16703143001938237,0.0,0.47491638795986624,0.29431438127090304,0.8996153690226838,5.4274432154408,True,0.3577310859009545,0.06666666666666667,0.3712374581939799,0.22742474916387959,1.49519815458198,0.45909747012760466,0.857335127860027,743,-0.09639964791272929,0.27154471544715447,615,-0.5784089613719176,0.15766923736075408,1167
92,lewm_fail_ald_success,ald_tf,0,19,300,0.9933333333333333,7.38,71.42356137380759,0.21666666666666667,0.15333333333333332,factor,0.10403644293546677,0.9128551863001788,0.19998711096789965,encoder_factor_head_diagnostic_only,3.0827000686466057,True,0.7864914054600607,0.2,0.1705685618729097,0.08361204013377926,0.3476277455256563,2.622252383207723,True,0.7047690201856753,0.16666666666666666,0.5585284280936454,0.18729096989966554,0.22596710012010102,0.612605827010652,True,0.3641429753822816,0.13333333333333333,0.06688963210702341,0.30434782608695654,0.0460881342749961,2.888712230868661,True,0.8067777205055351,0.13333333333333333,0.22408026755852842,0.0903010033444816,0.25316785809980863,5.4274432154408,True,0.8511516794631051,0.3333333333333333,0.11036789297658862,0.046822742474916385,0.4711705828788304,0.4791729776019068,0.8075370121130552,743,0.1451749136047377,0.46178861788617886,615,0.3644756881681617,0.583547557840617,1167
92,lewm_fail_ald_success,ald_tf,0,19,300,0.9933333333333333,7.38,71.42356137380759,0.21666666666666667,0.15333333333333332,lewm,0.05937590450048447,0.5191936454489325,0.6256131734797054,encoder_raw,3.0827000686466057,True,0.6834053711707908,0.2,0.2508361204013378,0.08361204013377926,0.3476277455256563,2.622252383207723,True,0.5790187200989736,0.23333333333333334,0.7993311036789298,0.18729096989966554,0.22596710012010102,0.612605827010652,True,0.39097660984862403,0.23333333333333334,0.0903010033444816,0.30434782608695654,0.0460881342749961,2.888712230868661,True,0.7489032932480734,0.4,0.10033444816053512,0.0903010033444816,0.25316785809980863,5.4274432154408,True,0.7701543350481672,0.36666666666666664,0.016722408026755852,0.046822742474916385,0.4711705828788304,0.4179162671236633,0.847913862718708,743,0.02220354029689606,0.47804878048780486,615,0.36366856440745854,0.6923736075407027,1167
92,lewm_fail_ald_success,ald_tf,0,19,300,0.9933333333333333,7.38,71.42356137380759,0.21666666666666667,0.15333333333333332,lewm,0.05937590450048447,0.5191936454489325,0.6256131734797054,predictor_raw,3.0827000686466057,True,0.7028469205213391,0.4,0.046822742474916385,0.030100334448160536,0.1320355236331248,2.622252383207723,True,0.5223394173645759,0.23333333333333334,0.31438127090301005,0.07023411371237458,0.06009601941394824,0.612605827010652,True,0.056993306258215026,0.13333333333333333,0.026755852842809364,0.016722408026755852,0.00020252139766926074,2.888712230868661,True,0.48728746844826004,0.16666666666666666,0.27759197324414714,0.013377926421404682,0.041411164516329,5.4274432154408,True,0.639569328548095,0.3333333333333333,0.11705685618729098,0.0033444816053511705,0.04382166740281926,0.5874356472510632,0.8532974427994616,743,-0.21717254879724374,0.3154471544715447,615,-0.13098518315577876,0.43359040274207367,1167
92,lewm_fail_ald_success,ald_tf,0,19,300,0.9933333333333333,7.38,71.42356137380759,0.21666666666666667,0.15333333333333332,ald_tf,0.03745796158909798,0.3275391893755688,0.8000613340148224,encoder_raw,3.0827000686466057,True,0.6834053711707908,0.2,0.2508361204013378,0.08361204013377926,0.3476277455256563,2.622252383207723,True,0.5790187200989736,0.23333333333333334,0.7993311036789298,0.18729096989966554,0.22596710012010102,0.612605827010652,True,0.39097660984862403,0.23333333333333334,0.0903010033444816,0.30434782608695654,0.0460881342749961,2.888712230868661,True,0.7489032932480734,0.4,0.10033444816053512,0.0903010033444816,0.25316785809980863,5.4274432154408,True,0.7701543350481672,0.36666666666666664,0.016722408026755852,0.046822742474916385,0.4711705828788304,0.4179162671236633,0.847913862718708,743,0.02220354029689606,0.47804878048780486,615,0.36366856440745854,0.6923736075407027,1167
92,lewm_fail_ald_success,ald_tf,0,19,300,0.9933333333333333,7.38,71.42356137380759,0.21666666666666667,0.15333333333333332,ald_tf,0.03745796158909798,0.3275391893755688,0.8000613340148224,predictor_raw,3.0827000686466057,True,0.5740650451671685,0.1,0.3277591973244147,0.32441471571906355,1.2362838737913222,2.622252383207723,True,0.3756284376080244,0.06666666666666667,0.862876254180602,0.46488294314381273,1.0964981780519147,0.612605827010652,True,0.541494298991581,0.2,0.32441471571906355,0.34448160535117056,0.062179296846014635,2.888712230868661,True,0.5823996469293747,0.2,0.24749163879598662,0.3745819397993311,1.139790098602641,5.4274432154408,True,0.6228166979633107,0.2,0.11036789297658862,0.35451505016722407,2.2464489516473285,0.5209463155994012,0.7981157469717362,743,-0.26349757305929694,0.31382113821138213,615,0.5364342848233554,0.7420736932305055,1167
92,lewm_fail_ald_success,ald_tf,0,29,300,1.0,7.866666666666666,73.22634816450594,0.30666666666666664,0.3,factor,0.060350824147462845,1.3013824441307618,0.3735414837942644,encoder_raw,1.3277418136190868,True,0.6616704630051445,0.26666666666666666,0.27424749163879597,0.11371237458193979,0.25583764639525675,1.3069083840830586,True,0.4821213569039656,0.16666666666666666,0.9063545150501672,0.1939799331103679,0.1946551305025532,0.1666308069160984,True,0.3645564950721675,0.06666666666666667,0.8127090301003345,0.2140468227424749,0.009838340066947058,1.2724408057944552,True,0.6669714107934532,0.3333333333333333,0.08695652173913043,0.09698996655518395,0.2006848078106934,2.5503477485965638,True,0.6765941843798264,0.3,0.08695652173913043,0.11371237458193979,0.4468810008316397,0.42620029938299764,0.47950819672131145,244,-0.20379979087237463,0.5648535564853556,239,0.13973385674518915,0.6651624548736462,1108
92,lewm_fail_ald_success,ald_tf,0,29,300,1.0,7.866666666666666,73.22634816450594,0.30666666666666664,0.3,factor,0.060350824147462845,1.3013824441307618,0.3735414837942644,predictor_raw,1.3277418136190868,True,0.3883216480183113,0.06666666666666667,0.15719063545150502,0.35785953177257523,0.70945833405815,1.3069083840830586,True,0.5115372393026589,0.3,0.010033444816053512,0.013377926421404682,0.007557096464912677,0.1666308069160984,True,-0.47565284058711765,0.0,0.8494983277591973,0.9899665551839465,1.1804688463672872,1.2724408057944552,True,0.3654422826920299,0.0,0.3076923076923077,0.6053511705685619,1.184217280073393,2.5503477485965638,True,0.38331314792386584,0.06666666666666667,0.3076923076923077,0.4983277591973244,1.8840341607572326,0.1700120276390192,0.5942622950819673,244,0.017697903312236783,0.4686192468619247,239,-0.4556631157808199,0.2815884476534296,1108
92,lewm_fail_ald_success,ald_tf,0,29,300,1.0,7.866666666666666,73.22634816450594,0.30666666666666664,0.3,factor,0.060350824147462845,1.3013824441307618,0.3735414837942644,encoder_factor_head_diagnostic_only,1.3277418136190868,True,0.7733361481794242,0.1,0.4682274247491639,0.15384615384615385,0.30038358476099275,1.3069083840830586,True,0.6256505072278581,0.0,0.6923076923076923,0.22408026755852842,0.2287532074942697,0.1666308069160984,True,0.2539597106634518,0.06666666666666667,0.8695652173913043,0.4682274247491639,0.05124823971467029,1.2724408057944552,True,0.7559203991155458,0.16666666666666666,0.35785953177257523,0.1505016722408027,0.2761927844501331,2.5503477485965638,True,0.7784388715430172,0.13333333333333333,0.35785953177257523,0.14715719063545152,0.5669349158368154,0.49622049636543336,0.5655737704918032,244,-0.20306788403722692,0.5313807531380753,239,0.024970422152440278,0.5442238267148014,1108
92,lewm_fail_ald_success,ald_tf,0,29,300,1.0,7.866666666666666,73.22634816450594,0.30666666666666664,0.3,lewm,0.02848152443766594,0.5806465552792278,0.6853342814920166,encoder_raw,1.3277418136190868,True,0.6538983766486294,0.13333333333333333,0.3311036789297659,0.24749163879598662,0.4866915974496886,1.3069083840830586,True,0.551995022166913,0.03333333333333333,0.8060200668896321,0.2842809364548495,0.35295221908385044,0.1666308069160984,True,0.1405682285358726,0.06666666666666667,0.8595317725752508,0.5518394648829431,0.0769259194085933,1.2724408057944552,True,0.6804475605284503,0.2,0.20066889632107024,0.24749163879598662,0.42606947573363685,2.5503477485965638,True,0.6790848787208746,0.16666666666666666,0.20066889632107024,0.24414715719063546,0.903119619809015,0.3625347505375415,0.47950819672131145,244,-0.1338460957653054,0.5815899581589958,239,-0.05086053399949001,0.6128158844765343,1108
92,lewm_fail_ald_success,ald_tf,0,29,300,1.0,7.866666666666666,73.22634816450594,0.30666666666666664,0.3,lewm,0.02848152443766594,0.5806465552792278,0.6853342814920166,predictor_raw,1.3277418136190868,True,0.8638958210646785,0.7,0.05016722408026756,0.06354515050167224,0.10684616959060733,1.3069083840830586,True,0.7796388848764986,0.4,0.46488294314381273,0.046822742474916385,0.017362826493203753,0.1666308069160984,True,0.08890143223813599,0.13333333333333333,0.822742474916388,0.7658862876254181,0.20310380320111504,1.2724408057944552,True,0.8119290214335715,0.5,0.04013377926421405,0.12040133779264214,0.21665796693551193,2.5503477485965638,True,0.84957255080612,0.6333333333333333,0.04013377926421405,0.08361204013377926,0.3138626831518088,0.5382147202814409,0.7131147540983607,244,-0.11802475003942389,0.49372384937238495,239,-0.13944809037066083,0.4927797833935018,1108
92,lewm_fail_ald_success,ald_tf,0,29,300,1.0,7.866666666666666,73.22634816450594,0.30666666666666664,0.3,ald_tf,0.026032980531454086,0.5307286308470772,0.6124463605151168,encoder_raw,1.3277418136190868,True,0.6538983766486294,0.13333333333333333,0.3311036789297659,0.24749163879598662,0.4866915974496886,1.3069083840830586,True,0.551995022166913,0.03333333333333333,0.8060200668896321,0.2842809364548495,0.35295221908385044,0.1666308069160984,True,0.1405682285358726,0.06666666666666667,0.8595317725752508,0.5518394648829431,0.0769259194085933,1.2724408057944552,True,0.6804475605284503,0.2,0.20066889632107024,0.24749163879598662,0.42606947573363685,2.5503477485965638,True,0.6790848787208746,0.16666666666666666,0.20066889632107024,0.24414715719063546,0.903119619809015,0.3625347505375415,0.47950819672131145,244,-0.1338460957653054,0.5815899581589958,239,-0.05086053399949001,0.6128158844765343,1108
92,lewm_fail_ald_success,ald_tf,0,29,300,1.0,7.866666666666666,73.22634816450594,0.30666666666666664,0.3,ald_tf,0.026032980531454086,0.5307286308470772,0.6124463605151168,predictor_raw,1.3277418136190868,True,0.4317043522705808,0.0,0.6722408026755853,0.3411371237458194,0.680164363228155,1.3069083840830586,True,0.15816397959977332,0.0,0.9297658862876255,0.5284280936454849,0.8016055747239912,0.1666308069160984,True,0.6321772464138491,0.4,0.6354515050167224,0.29431438127090304,0.01932631975518718,1.2724408057944552,True,0.3793979933110368,0.0,0.44816053511705684,0.451505016722408,0.8171232317203715,2.5503477485965638,True,0.4157206191179902,0.0,0.44816053511705684,0.391304347826087,1.4876461415742162,0.4460514497119264,0.5368852459016393,244,-0.3360541400616005,0.3514644351464435,239,0.36321720745527264,0.733754512635379,1108
92,lewm_fail_ald_success,ald_tf,1,0,300,1.0,7.223333333333334,30.016661587556023,0.8233333333333334,0.056666666666666664,factor,0.0638647973537445,0.3651032715800026,0.9162830698118868,encoder_raw,9.356160232638103,True,0.5734165935177058,0.36666666666666664,0.1605351170568562,0.0033444816053511705,0.007444021383195434,1.675172119541383,True,0.6295985510950122,0.4,0.010033444816053512,0.11036789297658862,0.035882975684114075,0.4330025639893806,True,0.5380148668318537,0.16666666666666666,0.411371237458194,0.4180602006688963,0.04376304420664805,2.0802650362382247,True,0.6895343281592018,0.36666666666666664,0.12040133779264214,0.056856187290969896,0.05940648853568345,10.831573002027508,True,0.7627902532250358,0.6,0.010033444816053512,0.0033444816053511705,0.006566059913743524,0.832998035945008,0.9019469026548672,2825,0.6763522364144592,0.7023809523809523,672,0.7300113554994168,0.8552036199095022,442
92,lewm_fail_ald_success,ald_tf,1,0,300,1.0,7.223333333333334,30.016661587556023,0.8233333333333334,0.056666666666666664,factor,0.0638647973537445,0.3651032715800026,0.9162830698118868,predictor_raw,9.356160232638103,True,0.5491403237813753,0.3333333333333333,0.026755852842809364,0.010033444816053512,0.020772888462792877,1.675172119541383,True,0.6197793308814542,0.23333333333333334,0.0,0.0,0.0,0.4330025639893806,True,0.5030651451682796,0.13333333333333333,0.41471571906354515,0.45484949832775917,0.05975109289742115,2.0802650362382247,True,0.6686994299936666,0.26666666666666666,0.010033444816053512,0.046822742474916385,0.03951156154234248,10.831573002027508,True,0.740018444649385,0.4666666666666667,0.0,0.0,0.0,0.7660059223116659,0.9058407079646018,2825,0.6173032106002793,0.6607142857142857,672,0.6287640335733804,0.7918552036199095,442
92,lewm_fail_ald_success,ald_tf,1,0,300,1.0,7.223333333333334,30.016661587556023,0.8233333333333334,0.056666666666666664,factor,0.0638647973537445,0.3651032715800026,0.9162830698118868,encoder_factor_head_diagnostic_only,9.356160232638103,True,0.7405393393259925,0.3333333333333333,0.13712374581939799,0.0033444816053511705,0.007444021383195434,1.675172119541383,True,0.5771708574539717,0.43333333333333335,0.033444816053511704,0.11036789297658862,0.035882975684114075,0.4330025639893806,True,0.3293841042678252,0.13333333333333333,0.6655518394648829,0.4180602006688963,0.04376304420664805,2.0802650362382247,True,0.6004093378815321,0.4,0.11371237458193979,0.056856187290969896,0.05940648853568345,10.831573002027508,True,0.8914970166335181,0.4666666666666667,0.033444816053511704,0.0033444816053511705,0.006566059913743524,0.8998556441971692,0.9472566371681416,2825,0.7254791884891758,0.7425595238095238,672,0.5683376126910704,0.7239819004524887,442
92,lewm_fail_ald_success,ald_tf,1,0,300,1.0,7.223333333333334,30.016661587556023,0.8233333333333334,0.056666666666666664,lewm,0.03992627561092377,0.21460698086795857,0.9491370958718596,encoder_raw,9.356160232638103,True,0.5414162379581995,0.36666666666666664,0.1705685618729097,0.16387959866220736,1.4009743356756734,1.675172119541383,True,0.6431555906176736,0.3333333333333333,0.013377926421404682,0.3110367892976589,0.2680669281247602,0.4330025639893806,True,0.5428624762497362,0.16666666666666666,0.4414715719063545,0.1806020066889632,0.0034347496989100943,2.0802650362382247,True,0.7058247313859043,0.3333333333333333,0.1605351170568562,0.27424749163879597,0.2512621464685916,10.831573002027508,True,0.7349539439327104,0.5333333333333333,0.013377926421404682,0.10033444816053512,1.5919520321391298,0.798734425720696,0.8725663716814159,2825,0.6693259997849053,0.7321428571428571,672,0.7010145957415095,0.8280542986425339,442
92,lewm_fail_ald_success,ald_tf,1,0,300,1.0,7.223333333333334,30.016661587556023,0.8233333333333334,0.056666666666666664,lewm,0.03992627561092377,0.21460698086795857,0.9491370958718596,predictor_raw,9.356160232638103,True,0.46250030139227405,0.23333333333333334,0.15384615384615385,0.010033444816053512,0.020772888462792877,1.675172119541383,True,0.6384136088638368,0.23333333333333334,0.0,0.0,0.0,0.4330025639893806,True,0.5964738048727029,0.26666666666666666,0.3745819397993311,0.45484949832775917,0.05975109289742115,2.0802650362382247,True,0.7081777251055862,0.23333333333333334,0.05852842809364549,0.046822742474916385,0.03951156154234248,10.831573002027508,True,0.6653630224072556,0.3333333333333333,0.0,0.0,0.0,0.7271778630006536,0.8778761061946903,2825,0.6162006993948884,0.6577380952380952,672,0.7056889051257117,0.834841628959276,442
92,lewm_fail_ald_success,ald_tf,1,0,300,1.0,7.223333333333334,30.016661587556023,0.8233333333333334,0.056666666666666664,ald_tf,0.0359942726790905,0.19347214509745594,0.9668600762230691,encoder_raw,9.356160232638103,True,0.5414162379581995,0.36666666666666664,0.1705685618729097,0.16387959866220736,1.4009743356756734,1.675172119541383,True,0.6431555906176736,0.3333333333333333,0.013377926421404682,0.3110367892976589,0.2680669281247602,0.4330025639893806,True,0.5428624762497362,0.16666666666666666,0.4414715719063545,0.1806020066889632,0.0034347496989100943,2.0802650362382247,True,0.7058247313859043,0.3333333333333333,0.1605351170568562,0.27424749163879597,0.2512621464685916,10.831573002027508,True,0.7349539439327104,0.5333333333333333,0.013377926421404682,0.10033444816053512,1.5919520321391298,0.798734425720696,0.8725663716814159,2825,0.6693259997849053,0.7321428571428571,672,0.7010145957415095,0.8280542986425339,442
92,lewm_fail_ald_success,ald_tf,1,0,300,1.0,7.223333333333334,30.016661587556023,0.8233333333333334,0.056666666666666664,ald_tf,0.0359942726790905,0.19347214509745594,0.9668600762230691,predictor_raw,9.356160232638103,True,0.4681727574750831,0.16666666666666666,0.18394648829431437,0.25418060200668896,2.4150224219747485,1.675172119541383,True,0.6539134879276436,0.23333333333333334,0.020066889632107024,0.5050167224080268,0.5503719123637355,0.4330025639893806,True,0.5801064456271736,0.3333333333333333,0.3712374581939799,0.030100334448160536,2.1933802982967622e-05,2.0802650362382247,True,0.717367081856465,0.2,0.11705685618729098,0.451505016722408,0.5301543148116398,10.831573002027508,True,0.6691887687640974,0.23333333333333334,0.020066889632107024,0.2040133779264214,2.8848922867812528,0.728846552333091,0.8438938053097346,2825,0.6422252240923353,0.6636904761904762,672,0.6882595908858394,0.7828054298642534,442
92,lewm_fail_ald_success,ald_tf,1,3,300,1.0,3.31,11.002931604835025,0.38333333333333336,0.08,factor,0.05617385730147362,0.5490201197171889,0.839441327125857,encoder_raw,8.14422308794082,True,0.7314174601940021,0.4666666666666667,0.09698996655518395,0.12374581939799331,1.2194968871676923,0.3021339866808441,True,0.35861598462205135,0.23333333333333334,0.68561872909699,0.7290969899665551,0.5657683882499012,0.032679815686079534,True,0.09123568039644885,0.13333333333333333,0.14381270903010032,0.3411371237458194,0.00010213809312395992,0.2270184575028491,True,0.45434282603140036,0.3,0.3277591973244147,0.6956521739130435,0.547126968770187,8.957681882743703,True,0.7783953155035056,0.43333333333333335,0.04013377926421405,0.13043478260869565,1.7092071837933243,0.820909979817335,0.8502649507948524,6605,0.29622116032282425,0.5043804755944932,799,0.6206738857968934,0.7869822485207101,169
92,lewm_fail_ald_success,ald_tf,1,3,300,1.0,3.31,11.002931604835025,0.38333333333333336,0.08,factor,0.05617385730147362,0.5490201197171889,0.839441327125857,predictor_raw,8.14422308794082,True,0.8221966910743452,0.5,0.06688963210702341,0.013377926421404682,0.06056825810185745,0.3021339866808441,True,0.36199868887432085,0.3333333333333333,0.4782608695652174,0.016722408026755852,0.011435288020979772,0.032679815686079534,True,0.007472971921910244,0.1,0.06354515050167224,0.8160535117056856,0.06954393139991734,0.2270184575028491,True,0.4228153646151624,0.26666666666666666,0.38127090301003347,0.033444816053511704,0.06223566184805894,8.957681882743703,True,0.8644491605462283,0.5,0.026755852842809364,0.006688963210702341,0.06538724780536125,0.8872273822677011,0.9356548069644209,6605,0.2928039487995928,0.3954943679599499,799,0.6434897782982664,0.5621301775147929,169
92,lewm_fail_ald_success,ald_tf,1,3,300,1.0,3.31,11.002931604835025,0.38333333333333336,0.08,factor,0.05617385730147362,0.5490201197171889,0.839441327125857,encoder_factor_head_diagnostic_only,8.14422308794082,True,0.8328568095201058,0.6,0.11371237458193979,0.033444816053511704,0.29654213399495244,0.3021339866808441,True,0.42930254780608673,0.3333333333333333,0.5652173913043478,0.21739130434782608,0.22224396915672212,0.032679815686079534,True,-0.015488172090801009,0.13333333333333333,0.12374581939799331,0.6387959866220736,0.007191545481149197,0.2270184575028491,True,0.4936330403671152,0.4,0.30434782608695654,0.16722408026755853,0.21069195706503313,8.957681882743703,True,0.8842640473783042,0.6,0.04013377926421405,0.03678929765886288,0.4498174189154304,0.8971782621310879,0.9473126419379259,6605,0.44432150566872336,0.4793491864831039,799,0.6553411390283352,0.7218934911242604,169
92,lewm_fail_ald_success,ald_tf,1,3,300,1.0,3.31,11.002931604835025,0.38333333333333336,0.08,lewm,0.04474189877510071,0.42206680852334927,0.910885232058134,encoder_raw,8.14422308794082,True,0.6583424260269558,0.4,0.0903010033444816,0.10367892976588629,1.0415600102513969,0.3021339866808441,True,0.3525719174657496,0.2,0.6688963210702341,0.30434782608695654,0.39113457677276664,0.032679815686079534,True,0.1501816686852076,0.13333333333333333,0.19732441471571907,0.5886287625418061,0.002471565874362413,0.2270184575028491,True,0.45645662729585884,0.3,0.3076923076923077,0.27424749163879597,0.37486258507429093,8.957681882743703,True,0.7099176657518417,0.36666666666666664,0.043478260869565216,0.10367892976588629,1.359005923181133,0.7658806973560958,0.815897047691143,6605,0.30017875294842783,0.5131414267834794,799,0.6104300568933766,0.7692307692307693,169
92,lewm_fail_ald_success,ald_tf,1,3,300,1.0,3.31,11.002931604835025,0.38333333333333336,0.08,lewm,0.04474189877510071,0.42206680852334927,0.910885232058134,predictor_raw,8.14422308794082,True,0.6490423226924744,0.3,0.13377926421404682,0.013377926421404682,0.06056825810185745,0.3021339866808441,True,0.33724685829842554,0.1,0.6387959866220736,0.016722408026755852,0.011435288020979772,0.032679815686079534,True,0.19591728796986632,0.16666666666666666,0.09364548494983277,0.8160535117056856,0.06954393139991734,0.2270184575028491,True,0.44174313047922753,0.1,0.3277591973244147,0.033444816053511704,0.06223566184805894,8.957681882743703,True,0.7054389493216592,0.26666666666666666,0.030100334448160536,0.006688963210702341,0.06538724780536125,0.7833356174020435,0.8601059803179409,6605,0.29682626079790464,0.4568210262828536,799,0.6615540625621563,0.6331360946745562,169
92,lewm_fail_ald_success,ald_tf,1,3,300,1.0,3.31,11.002931604835025,0.38333333333333336,0.08,ald_tf,0.03585728257894516,0.3382549519520522,0.940963344037156,encoder_raw,8.14422308794082,True,0.6583424260269558,0.4,0.0903010033444816,0.10367892976588629,1.0415600102513969,0.3021339866808441,True,0.3525719174657496,0.2,0.6688963210702341,0.30434782608695654,0.39113457677276664,0.032679815686079534,True,0.1501816686852076,0.13333333333333333,0.19732441471571907,0.5886287625418061,0.002471565874362413,0.2270184575028491,True,0.45645662729585884,0.3,0.3076923076923077,0.27424749163879597,0.37486258507429093,8.957681882743703,True,0.7099176657518417,0.36666666666666664,0.043478260869565216,0.10367892976588629,1.359005923181133,0.7658806973560958,0.815897047691143,6605,0.30017875294842783,0.5131414267834794,799,0.6104300568933766,0.7692307692307693,169
92,lewm_fail_ald_success,ald_tf,1,3,300,1.0,3.31,11.002931604835025,0.38333333333333336,0.08,ald_tf,0.03585728257894516,0.3382549519520522,0.940963344037156,predictor_raw,8.14422308794082,True,0.5933128145868287,0.26666666666666666,0.12040133779264214,0.013377926421404682,0.06056825810185745,0.3021339866808441,True,0.30622340248224983,0.1,0.6588628762541806,0.016722408026755852,0.011435288020979772,0.032679815686079534,True,0.2503267814086823,0.13333333333333333,0.06020066889632107,0.8160535117056856,0.06954393139991734,0.2270184575028491,True,0.42361226235847066,0.1,0.41471571906354515,0.033444816053511704,0.06223566184805894,8.957681882743703,True,0.6522108023422483,0.23333333333333334,0.043478260869565216,0.006688963210702341,0.06538724780536125,0.7505501528480651,0.8560181680545041,6605,0.2654845906821723,0.4267834793491865,799,0.6660013169852788,0.7100591715976331,169
92,lewm_fail_ald_success,ald_tf,1,9,300,1.0,2.1766666666666667,7.331972951653779,0.19,0.11666666666666667,factor,0.04991357773542404,0.7689842530847298,0.8383990933232591,encoder_raw,5.261746460185488,True,0.7716539072656363,0.6666666666666666,0.08361204013377926,0.09698996655518395,0.5747420495976092,0.17451676966785268,True,0.2574855276169735,0.23333333333333334,0.12374581939799331,0.3511705685618729,0.548322386108146,0.008100988765004204,True,0.11370970788564318,0.1,0.6923076923076923,0.043478260869565216,1.6434562813955687e-05,0.1279051498190591,True,0.3509430104778942,0.36666666666666664,0.08361204013377926,0.3277591973244147,0.5028200683345042,5.415653621817186,True,0.7915954621718019,0.6333333333333333,0.08361204013377926,0.12709030100334448,1.0775621179321133,0.8524445274768121,0.8968881084772218,10251,-0.12375703392773993,0.4895833333333333,768,0.6151705664405115,0.9655172413793104,87
92,lewm_fail_ald_success,ald_tf,1,9,300,1.0,2.1766666666666667,7.331972951653779,0.19,0.11666666666666667,factor,0.04991357773542404,0.7689842530847298,0.8383990933232591,predictor_raw,5.261746460185488,True,0.8256887298747764,0.5,0.05016722408026756,0.026755852842809364,0.08712654631693051,0.17451676966785268,True,0.32249469438549316,0.23333333333333334,0.21739130434782608,0.11036789297658862,0.12130240817419148,0.008100988765004204,True,0.0045031611462349585,0.1,0.8093645484949833,0.7926421404682275,0.023867306488926928,0.1279051498190591,True,0.38825542506027844,0.3333333333333333,0.05016722408026756,0.07357859531772576,0.09965096232666265,5.415653621817186,True,0.8452671696352182,0.4666666666666667,0.05016722408026756,0.04013377926421405,0.18677750864359316,0.8600944697672169,0.9244951712028094,10251,-0.029302813077272064,0.44140625,768,0.518324775100865,0.7816091954022989,87
92,lewm_fail_ald_success,ald_tf,1,9,300,1.0,2.1766666666666667,7.331972951653779,0.19,0.11666666666666667,factor,0.04991357773542404,0.7689842530847298,0.8383990933232591,encoder_factor_head_diagnostic_only,5.261746460185488,True,0.8115948856759443,0.7333333333333333,0.0802675585284281,0.06020066889632107,0.25587747664713884,0.17451676966785268,True,0.32172916607175456,0.3,0.14715719063545152,0.1806020066889632,0.26222163449221675,0.008100988765004204,True,0.07991445237329935,0.1,0.7491638795986622,0.6655518394648829,0.0008636315009990872,0.1279051498190591,True,0.40491009954667523,0.43333333333333335,0.0802675585284281,0.13712374581939799,0.2175665136567601,5.415653621817186,True,0.8377062898150354,0.7,0.0802675585284281,0.06688963210702341,0.4734439903038989,0.8751776032938994,0.9630279972685591,10251,-0.02082296831780006,0.4934895833333333,768,0.628627979343807,0.9080459770114943,87
92,lewm_fail_ald_success,ald_tf,1,9,300,1.0,2.1766666666666667,7.331972951653779,0.19,0.11666666666666667,lewm,0.045695386826992035,0.6766504960250804,0.8150415004611162,encoder_raw,5.261746460185488,True,0.6794039933777042,0.5333333333333333,0.11371237458193979,0.11705685618729098,0.7389336309832036,0.17451676966785268,True,0.22735585950955012,0.16666666666666666,0.14715719063545152,0.6053511705685619,0.5747704873106518,0.008100988765004204,True,0.1748646096067734,0.1,0.45484949832775917,0.31438127090301005,0.00014078697019684206,0.1279051498190591,True,0.32179957555083943,0.3,0.11371237458193979,0.5852842809364549,0.5293925219443929,5.415653621817186,True,0.7008548983877598,0.5,0.11371237458193979,0.15384615384615385,1.2683261529275967,0.7781260417603819,0.8341625207296849,10251,-0.09134331108063906,0.53515625,768,0.576747687065377,0.9080459770114943,87
92,lewm_fail_ald_success,ald_tf,1,9,300,1.0,2.1766666666666667,7.331972951653779,0.19,0.11666666666666667,lewm,0.045695386826992035,0.6766504960250804,0.8150415004611162,predictor_raw,5.261746460185488,True,0.5324552495027722,0.13333333333333333,0.22073578595317725,0.21739130434782608,1.2234730942429075,0.17451676966785268,True,0.06025400282225358,0.0,0.5719063545150501,0.8394648829431438,0.5839452210593098,0.008100988765004204,True,0.3008651207235636,0.1,0.7558528428093646,0.5551839464882943,0.0002094306541371205,0.1279051498190591,True,0.15452882809809,0.03333333333333333,0.22073578595317725,0.8193979933110368,0.5386358993769912,5.415653621817186,True,0.556335070389671,0.1,0.22073578595317725,0.22408026755852842,1.7621089936198986,0.7206906680495268,0.8819627353428934,10251,-0.2550725673884832,0.3645833333333333,768,0.6094748067595421,0.8160919540229885,87
92,lewm_fail_ald_success,ald_tf,1,9,300,1.0,2.1766666666666667,7.331972951653779,0.19,0.11666666666666667,ald_tf,0.044387463480234146,0.6572829615144908,0.7610151223902488,encoder_raw,5.261746460185488,True,0.6794039933777042,0.5333333333333333,0.11371237458193979,0.11705685618729098,0.7389336309832036,0.17451676966785268,True,0.22735585950955012,0.16666666666666666,0.14715719063545152,0.6053511705685619,0.5747704873106518,0.008100988765004204,True,0.1748646096067734,0.1,0.45484949832775917,0.31438127090301005,0.00014078697019684206,0.1279051498190591,True,0.32179957555083943,0.3,0.11371237458193979,0.5852842809364549,0.5293925219443929,5.415653621817186,True,0.7008548983877598,0.5,0.11371237458193979,0.15384615384615385,1.2683261529275967,0.7781260417603819,0.8341625207296849,10251,-0.09134331108063906,0.53515625,768,0.576747687065377,0.9080459770114943,87
92,lewm_fail_ald_success,ald_tf,1,9,300,1.0,2.1766666666666667,7.331972951653779,0.19,0.11666666666666667,ald_tf,0.044387463480234146,0.6572829615144908,0.7610151223902488,predictor_raw,5.261746460185488,True,0.4691767686307626,0.03333333333333333,0.47157190635451507,0.3779264214046823,2.204902341258341,0.17451676966785268,True,0.030665229613662373,0.0,0.6321070234113713,0.9096989966555183,0.5894223350185194,0.008100988765004204,True,0.35060878454205047,0.1,0.745819397993311,0.6254180602006689,0.00025764895798066124,0.1279051498190591,True,0.1279045322725808,0.0,0.47157190635451507,0.8862876254180602,0.5441612316400443,5.415653621817186,True,0.4942459360659563,0.0,0.47157190635451507,0.36789297658862874,2.749063572898385,0.6851825601214312,0.8484050336552531,10251,-0.2535291989410086,0.3880208333333333,768,0.6192298587325292,0.7471264367816092,87
92,lewm_fail_ald_success,ald_tf,1,19,300,1.0,1.36,3.3383632660141687,0.11666666666666667,0.10666666666666667,factor,0.052774883806705475,1.9445219013246395,0.6939230526749748,encoder_raw,3.168825591059159,True,0.8228449725591762,0.7,0.11705685618729098,0.07357859531772576,0.4768638597469123,0.022185136348450207,True,0.2142968969533882,0.2,0.1705685618729097,0.12374581939799331,0.3509445846873195,8.16036950077564e-05,True,0.029525671238239147,0.13333333333333333,0.16722408026755853,0.8294314381270903,0.0008552121401779637,0.021419986655703105,True,0.24064764296748292,0.26666666666666666,0.15719063545150502,0.11705685618729098,0.33317331449580545,3.3030213934956856,True,0.814296874730945,0.6666666666666666,0.12709030100334448,0.07692307692307693,0.799539197007383,0.8716193311006611,0.8908788004997917,2401,-0.37153259222332014,0.5,6,0.49841241892529176,0.5603864734299517,207
92,lewm_fail_ald_success,ald_tf,1,19,300,1.0,1.36,3.3383632660141687,0.11666666666666667,0.10666666666666667,factor,0.052774883806705475,1.9445219013246395,0.6939230526749748,predictor_raw,3.168825591059159,True,0.8634864831831465,0.3333333333333333,0.11705685618729098,0.11371237458193979,0.6485809142341386,0.022185136348450207,True,0.28952543917154633,0.1,0.23076923076923078,0.13712374581939799,0.37731607764260755,8.16036950077564e-05,True,-0.10157846198291093,0.06666666666666667,0.006688963210702341,0.8795986622073578,0.004187400619210741,0.021419986655703105,True,0.30805231169235214,0.13333333333333333,0.5852842809364549,0.13377926421404682,0.3628769959301263,3.3030213934956856,True,0.8594491049900554,0.3,0.1505016722408027,0.10367892976588629,1.00095993292893,0.8614264280518459,0.907122032486464,2401,-0.1980934863952096,0.3333333333333333,6,0.26528741255119503,0.4782608695652174,207
92,lewm_fail_ald_success,ald_tf,1,19,300,1.0,1.36,3.3383632660141687,0.11666666666666667,0.10666666666666667,factor,0.052774883806705475,1.9445219013246395,0.6939230526749748,encoder_factor_head_diagnostic_only,3.168825591059159,True,0.8769730227994611,0.6666666666666666,0.14381270903010032,0.09698996655518395,0.5514120145095431,0.022185136348450207,True,0.21980809556023706,0.13333333333333333,0.18729096989966554,0.2040133779264214,0.5347651428035538,8.16036950077564e-05,True,0.009153439106408355,0.2,0.08361204013377926,0.006688963210702341,5.284007646051774e-06,0.021419986655703105,True,0.24474416148811245,0.2,0.23745819397993312,0.20066889632107024,0.5161439444795078,3.3030213934956856,True,0.8685269252001103,0.6333333333333333,0.22073578595317725,0.11705685618729098,1.057057981753716,0.927005497107108,0.965847563515202,2401,-0.4953505359714137,0.5,6,0.5964928033545589,0.5289855072463768,207
92,lewm_fail_ald_success,ald_tf,1,19,300,1.0,1.36,3.3383632660141687,0.11666666666666667,0.10666666666666667,lewm,0.038239628076553345,1.451160147379768,0.8180749179685511,encoder_raw,3.168825591059159,True,0.6853273987469349,0.4666666666666667,0.1505016722408027,0.05016722408026756,0.3667365436563229,0.022185136348450207,True,0.15110195150012,0.1,0.23745819397993312,0.11705685618729098,0.3434436456484951,8.16036950077564e-05,True,0.0627562737662477,0.03333333333333333,0.11036789297658862,0.8561872909698997,0.0018423732689507913,0.021419986655703105,True,0.1775304761821262,0.16666666666666666,0.1806020066889632,0.11036789297658862,0.3266595365857539,3.3030213934956856,True,0.6766557439491073,0.5333333333333333,0.19732441471571907,0.05351170568561873,0.6828981030067419,0.744929835288948,0.7900874635568513,2401,-0.2895929764443766,0.3333333333333333,6,0.3869865027643964,0.5893719806763285,207
92,lewm_fail_ald_success,ald_tf,1,19,300,1.0,1.36,3.3383632660141687,0.11666666666666667,0.10666666666666667,lewm,0.038239628076553345,1.451160147379768,0.8180749179685511,predictor_raw,3.168825591059159,True,0.6130717007966755,0.2,0.3712374581939799,0.15719063545150502,0.9089191927825573,0.022185136348450207,True,-0.010882787586528738,0.0,0.6688963210702341,0.8193979933110368,0.580056679396181,8.16036950077564e-05,True,0.1821366904076712,0.16666666666666666,0.0802675585284281,0.6354515050167224,0.0001849839323662321,0.021419986655703105,True,0.010753452816142402,0.0,0.705685618729097,0.8160535117056856,0.5616151809968551,3.3030213934956856,True,0.5960492894365493,0.13333333333333333,0.6588628762541806,0.17391304347826086,1.4600363965440777,0.7867273013283304,0.8563098708871304,2401,-0.5226489894793906,0.16666666666666666,6,0.5663737778711783,0.4975845410628019,207
92,lewm_fail_ald_success,ald_tf,1,19,300,1.0,1.36,3.3383632660141687,0.11666666666666667,0.10666666666666667,ald_tf,0.04545346647500992,1.7249189499633317,0.3940487318910647,encoder_raw,3.168825591059159,True,0.6853273987469349,0.4666666666666667,0.1505016722408027,0.05016722408026756,0.3667365436563229,0.022185136348450207,True,0.15110195150012,0.1,0.23745819397993312,0.11705685618729098,0.3434436456484951,8.16036950077564e-05,True,0.0627562737662477,0.03333333333333333,0.11036789297658862,0.8561872909698997,0.0018423732689507913,0.021419986655703105,True,0.1775304761821262,0.16666666666666666,0.1806020066889632,0.11036789297658862,0.3266595365857539,3.3030213934956856,True,0.6766557439491073,0.5333333333333333,0.19732441471571907,0.05351170568561873,0.6828981030067419,0.744929835288948,0.7900874635568513,2401,-0.2895929764443766,0.3333333333333333,6,0.3869865027643964,0.5893719806763285,207
92,lewm_fail_ald_success,ald_tf,1,19,300,1.0,1.36,3.3383632660141687,0.11666666666666667,0.10666666666666667,ald_tf,0.04545346647500992,1.7249189499633317,0.3940487318910647,predictor_raw,3.168825591059159,True,0.2138192646584962,0.0,0.7959866220735786,0.5451505016722408,2.917102463559973,0.022185136348450207,True,-0.2439280436449294,0.0,0.7759197324414716,0.6588628762541806,0.576943639887931,8.16036950077564e-05,True,0.30328914765719617,0.13333333333333333,0.1605351170568562,0.47157190635451507,0.00016098018327712562,0.021419986655703105,True,-0.22336559295103278,0.0,0.8461538461538461,0.6555183946488294,0.558478137739516,3.3030213934956856,True,0.19858087312081246,0.0,0.862876254180602,0.5484949832775919,3.465082624064154,0.5150763465576488,0.7201166180758017,2401,-0.5034472023948376,0.3333333333333333,6,0.5059730217169578,0.48792270531400966,207
92,lewm_fail_ald_success,ald_tf,1,29,300,1.0,1.1333333333333333,1.9875131317918415,0.07,0.07,factor,0.051807936280965805,4.386854628032494,0.7338226651859786,encoder_raw,2.8518838147255563,True,0.837535699043885,0.5,0.19063545150501673,0.020066889632107024,0.17295807975925903,0.016887623622769632,True,0.25081948214718697,0.36666666666666664,0.19063545150501673,0.06020066889632107,0.3291454281280601,8.32056883380801e-05,True,0.028753681572380087,0.16666666666666666,0.25752508361204013,0.9297658862876255,0.004082583876335137,0.016984800208692086,True,0.2517790493241677,0.4,0.19063545150501673,0.056856187290969896,0.3041732051162162,2.8514551287337095,True,0.8287440370115293,0.5,0.19063545150501673,0.030100334448160536,0.4771312848754751,0.8589084078463761,0.8841015364061456,2994,-0.3663127467393017,0.631578947368421,19,0.3982828021888712,0.4,100
92,lewm_fail_ald_success,ald_tf,1,29,300,1.0,1.1333333333333333,1.9875131317918415,0.07,0.07,factor,0.051807936280965805,4.386854628032494,0.7338226651859786,predictor_raw,2.8518838147255563,True,0.9275720841342682,0.36666666666666664,0.5752508361204013,0.07692307692307693,0.5532690115433999,0.016887623622769632,True,0.3654800608895654,0.36666666666666664,0.5752508361204013,0.08695652173913043,0.4002470084558237,8.32056883380801e-05,True,-0.006128956988410982,0.03333333333333333,0.2976588628762542,0.9264214046822743,0.0036742581258410395,0.016984800208692086,True,0.3654631718130201,0.36666666666666664,0.5752508361204013,0.08695652173913043,0.37486645969348575,2.8514551287337095,True,0.9261734019266881,0.3333333333333333,0.5752508361204013,0.0802675585284281,0.9281354712368857,0.9236967009523632,0.9495657982631931,2994,-0.2171269814254946,0.3157894736842105,19,0.3524243213375482,0.64,100
92,lewm_fail_ald_success,ald_tf,1,29,300,1.0,1.1333333333333333,1.9875131317918415,0.07,0.07,factor,0.051807936280965805,4.386854628032494,0.7338226651859786,encoder_factor_head_diagnostic_only,2.8518838147255563,True,0.9276963465451054,0.5666666666666667,0.3745819397993311,0.020066889632107024,0.17295807975925903,0.016887623622769632,True,0.3112113246706433,0.4,0.3745819397993311,0.06020066889632107,0.3291454281280601,8.32056883380801e-05,True,0.03488353358947981,0.13333333333333333,0.1605351170568562,0.9297658862876255,0.004082583876335137,0.016984800208692086,True,0.31204200139772853,0.43333333333333335,0.3745819397993311,0.056856187290969896,0.3041732051162162,2.8514551287337095,True,0.9202349228456368,0.5666666666666667,0.3745819397993311,0.030100334448160536,0.4771312848754751,0.9497749302454702,0.9665998663994656,2994,-0.5077148149446133,0.631578947368421,19,0.5938903707378835,0.46,100
92,lewm_fail_ald_success,ald_tf,1,29,300,1.0,1.1333333333333333,1.9875131317918415,0.07,0.07,lewm,0.0332413986325264,3.1014900980480413,0.8546656842848259,encoder_raw,2.8518838147255563,True,0.6508272155743807,0.36666666666666664,0.13043478260869565,0.033444816053511704,0.28537718448068494,0.016887623622769632,True,0.14613599209153286,0.3,0.13043478260869565,0.07692307692307693,0.3726062675906705,8.32056883380801e-05,True,0.012775265833781486,0.13333333333333333,0.21070234113712374,0.9063545150501672,0.001159086462680354,0.016984800208692086,True,0.14727378364923116,0.3333333333333333,0.13043478260869565,0.07023411371237458,0.34471054716517185,2.8514551287337095,True,0.6407502046416877,0.36666666666666664,0.13043478260869565,0.043478260869565216,0.6300877316458569,0.6797485917110727,0.7775551102204409,2994,-0.27590990498539497,0.631578947368421,19,0.2522063212361686,0.33,100
92,lewm_fail_ald_success,ald_tf,1,29,300,1.0,1.1333333333333333,1.9875131317918415,0.07,0.07,lewm,0.0332413986325264,3.1014900980480413,0.8546656842848259,predictor_raw,2.8518838147255563,True,0.478337314859054,0.06666666666666667,0.9163879598662207,0.3110367892976589,1.5700107778432475,0.016887623622769632,True,-0.019564661829575884,0.03333333333333333,0.9163879598662207,0.8528428093645485,0.5753856878140184,8.32056883380801e-05,True,0.16951655018389092,0.2,0.03678929765886288,0.7491638795986622,0.00017655503050691764,0.016984800208692086,True,-0.01891532128134757,0.03333333333333333,0.9163879598662207,0.8528428093645485,0.5465074359563463,2.8514551287337095,True,0.46609895665507395,0.06666666666666667,0.9163879598662207,0.3110367892976589,2.1165182137995937,0.6589087360033195,0.7658650634602538,2994,-0.49388481962479236,0.3684210526315789,19,0.49244350028646106,0.34,100
92,lewm_fail_ald_success,ald_tf,1,29,300,1.0,1.1333333333333333,1.9875131317918415,0.07,0.07,ald_tf,0.04239112511277199,3.955178187169606,0.21993133027955447,encoder_raw,2.8518838147255563,True,0.6508272155743807,0.36666666666666664,0.13043478260869565,0.033444816053511704,0.28537718448068494,0.016887623622769632,True,0.14613599209153286,0.3,0.13043478260869565,0.07692307692307693,0.3726062675906705,8.32056883380801e-05,True,0.012775265833781486,0.13333333333333333,0.21070234113712374,0.9063545150501672,0.001159086462680354,0.016984800208692086,True,0.14727378364923116,0.3333333333333333,0.13043478260869565,0.07023411371237458,0.34471054716517185,2.8514551287337095,True,0.6407502046416877,0.36666666666666664,0.13043478260869565,0.043478260869565216,0.6300877316458569,0.6797485917110727,0.7775551102204409,2994,-0.27590990498539497,0.631578947368421,19,0.2522063212361686,0.33,100
92,lewm_fail_ald_success,ald_tf,1,29,300,1.0,1.1333333333333333,1.9875131317918415,0.07,0.07,ald_tf,0.04239112511277199,3.955178187169606,0.21993133027955447,predictor_raw,2.8518838147255563,True,0.0602597806642296,0.0,1.0,0.4816053511705686,2.484954608107468,0.016887623622769632,True,-0.16423471371904133,0.0,1.0,0.7525083612040134,0.5722705375425825,8.32056883380801e-05,True,0.2983233147034967,0.1,0.17391304347826086,0.6521739130434783,0.0001538402433205319,0.016984800208692086,True,-0.16411382348692763,0.0,1.0,0.7525083612040134,0.543369570897724,2.8514551287337095,True,0.05214057933977044,0.0,1.0,0.4816053511705686,3.028324179005192,0.3420906172189988,0.6376085504342017,2994,-0.46120351122224235,0.21052631578947367,19,0.5058829270972454,0.51,100
93,both_fail,lewm,0,0,300,0.2866666666666667,1.3966666666666667,1.6057346360975653,0.0,0.0,factor,0.037250716239213943,0.3310955588605247,0.9578421362106654,encoder_raw,21.70900900243383,True,0.8787419715155753,0.5,0.026755852842809364,0.12709030100334448,3.6682180846858192,0.0,False,nan,nan,nan,nan,nan,0.0,False,nan,nan,nan,nan,nan,0.0,False,nan,nan,nan,nan,nan,21.71690254567626,True,0.88442200047997,0.5333333333333333,0.12374581939799331,0.12040133779264214,4.903308604684531,0.8699523308625594,0.9064286710361177,21513,nan,nan,0,nan,nan,0
93,both_fail,lewm,0,0,300,0.2866666666666667,1.3966666666666667,1.6057346360975653,0.0,0.0,factor,0.037250716239213943,0.3310955588605247,0.9578421362106654,predictor_raw,21.70900900243383,True,0.894989499883332,0.5333333333333333,0.023411371237458192,0.06688963210702341,2.540035360537635,0.0,False,nan,nan,nan,nan,nan,0.0,False,nan,nan,nan,nan,nan,0.0,False,nan,nan,nan,nan,nan,21.71690254567626,True,0.89922688029867,0.5,0.2140468227424749,0.07023411371237458,3.862117849419706,0.8903106032231112,0.9210244968158787,21513,nan,nan,0,nan,nan,0
93,both_fail,lewm,0,0,300,0.2866666666666667,1.3966666666666667,1.6057346360975653,0.0,0.0,factor,0.037250716239213943,0.3310955588605247,0.9578421362106654,encoder_factor_head_diagnostic_only,21.70900900243383,True,0.9313949666435575,0.8333333333333334,0.006688963210702341,0.016722408026755852,0.6749795699668022,0.0,False,nan,nan,nan,nan,nan,0.0,False,nan,nan,nan,nan,nan,0.0,False,nan,nan,nan,nan,nan,21.71690254567626,True,0.934613553422826,0.9,0.010033444816053512,0.023411371237458192,1.8775786769990463,0.9232998393206632,0.9142843861850973,21513,nan,nan,0,nan,nan,0
93,both_fail,lewm,0,0,300,0.2866666666666667,1.3966666666666667,1.6057346360975653,0.0,0.0,lewm,0.059723082929849625,0.521407244024668,0.8919725566087024,encoder_raw,21.70900900243383,True,0.824369789249264,0.43333333333333335,0.05016722408026756,0.31438127090301005,10.905701040170337,0.0,False,nan,nan,nan,nan,nan,0.0,False,nan,nan,nan,nan,nan,0.0,False,nan,nan,nan,nan,nan,21.71690254567626,True,0.8268007856435483,0.43333333333333335,0.0903010033444816,0.2508361204013378,10.872046912208027,0.8255149988848063,0.8902059220006507,21513,nan,nan,0,nan,nan,0
93,both_fail,lewm,0,0,300,0.2866666666666667,1.3966666666666667,1.6057346360975653,0.0,0.0,lewm,0.059723082929849625,0.521407244024668,0.8919725566087024,predictor_raw,21.70900900243383,True,0.8890698785542062,0.6,0.0,0.0,0.0,0.0,False,nan,nan,nan,nan,nan,0.0,False,nan,nan,nan,nan,nan,0.0,False,nan,nan,nan,nan,nan,21.71690254567626,True,0.8885200946677185,0.6,0.010033444816053512,0.0033444816053511705,1.1758582583978634,0.8914968113315485,0.914563287314647,21513,nan,nan,0,nan,nan,0
93,both_fail,lewm,0,0,300,0.2866666666666667,1.3966666666666667,1.6057346360975653,0.0,0.0,ald_tf,0.03646474331617355,0.3183523084179281,0.9394648790729977,encoder_raw,21.70900900243383,True,0.824369789249264,0.43333333333333335,0.05016722408026756,0.31438127090301005,10.905701040170337,0.0,False,nan,nan,nan,nan,nan,0.0,False,nan,nan,nan,nan,nan,0.0,False,nan,nan,nan,nan,nan,21.71690254567626,True,0.8268007856435483,0.43333333333333335,0.0903010033444816,0.2508361204013378,10.872046912208027,0.8255149988848063,0.8902059220006507,21513,nan,nan,0,nan,nan,0
93,both_fail,lewm,0,0,300,0.2866666666666667,1.3966666666666667,1.6057346360975653,0.0,0.0,ald_tf,0.03646474331617355,0.3183523084179281,0.9394648790729977,predictor_raw,21.70900900243383,True,0.8424720274669718,0.3333333333333333,0.016722408026755852,0.06688963210702341,2.540035360537635,0.0,False,nan,nan,nan,nan,nan,0.0,False,nan,nan,nan,nan,nan,0.0,False,nan,nan,nan,nan,nan,21.71690254567626,True,0.8448493872154135,0.3333333333333333,0.16387959866220736,0.07023411371237458,3.862117849419706,0.8462946617126602,0.8987588899735044,21513,nan,nan,0,nan,nan,0
93,both_fail,lewm,0,3,300,0.8433333333333334,6.626666666666667,17.66768373359939,0.013333333333333334,0.01,factor,0.11481621116399765,0.4120272428741858,0.8664300714452383,encoder_raw,8.12840442436049,True,0.693129034767053,0.1,0.24414715719063546,0.04013377926421405,0.19169625717687996,2.1343034053971595,True,-0.06379432573388653,0.23333333333333334,0.35451505016722407,0.0033444816053511705,0.016515320005483936,0.5391779964265293,True,0.34163432111048186,0.13333333333333333,0.3411371237458194,0.23076923076923078,0.026652867550887614,1.3844124258464703,True,0.16724880860164276,0.23333333333333334,0.0,0.0,0.0,8.683036617132114,True,0.664449604995611,0.23333333333333334,0.0,0.0,0.0,0.672741292183435,0.8315846112456282,3717,0.02627192944305695,0.43103448275862066,928,0.2612091086919783,0.47869674185463656,399
93,both_fail,lewm,0,3,300,0.8433333333333334,6.626666666666667,17.66768373359939,0.013333333333333334,0.01,factor,0.11481621116399765,0.4120272428741858,0.8664300714452383,predictor_raw,8.12840442436049,True,0.5820282447582751,0.16666666666666666,0.10033444816053512,0.04013377926421405,0.19169625717687996,2.1343034053971595,True,-0.16458086733944677,0.2,0.39464882943143814,0.0033444816053511705,0.016515320005483936,0.5391779964265293,True,0.2855318430586564,0.13333333333333333,0.27759197324414714,0.23076923076923078,0.026652867550887614,1.3844124258464703,True,0.01700882142467693,0.2,0.0,0.0,0.0,8.683036617132114,True,0.5186568739652663,0.2,0.0,0.0,0.0,0.5606263336293054,0.7697067527576003,3717,-0.1278420775805793,0.38362068965517243,928,0.15026488330754423,0.43107769423558895,399
93,both_fail,lewm,0,3,300,0.8433333333333334,6.626666666666667,17.66768373359939,0.013333333333333334,0.01,factor,0.11481621116399765,0.4120272428741858,0.8664300714452383,encoder_factor_head_diagnostic_only,8.12840442436049,True,0.9198808875654174,0.5,0.1505016722408027,0.04013377926421405,0.19169625717687996,2.1343034053971595,True,0.11381493985506369,0.3333333333333333,0.21070234113712374,0.0033444816053511705,0.016515320005483936,0.5391779964265293,True,0.31022538637285707,0.13333333333333333,0.31438127090301005,0.23076923076923078,0.026652867550887614,1.3844124258464703,True,0.3945653761211425,0.3333333333333333,0.0,0.0,0.0,8.683036617132114,True,0.9566244069378549,0.5333333333333333,0.0,0.0,0.0,0.9347642690059873,0.9650255582458972,3717,0.49110134198851396,0.7068965517241379,928,0.4371341070195315,0.6190476190476191,399
93,both_fail,lewm,0,3,300,0.8433333333333334,6.626666666666667,17.66768373359939,0.013333333333333334,0.01,lewm,0.19308601319789886,0.6417718449511105,0.7196511072345249,encoder_raw,8.12840442436049,True,0.6486405404504495,0.1,0.19063545150501673,0.04013377926421405,0.19169625717687996,2.1343034053971595,True,0.3212868432010287,0.43333333333333335,0.08695652173913043,0.0033444816053511705,0.016515320005483936,0.5391779964265293,True,0.09533464227141913,0.1,0.3277591973244147,0.23076923076923078,0.026652867550887614,1.3844124258464703,True,0.3860718767786269,0.43333333333333335,0.0,0.0,0.0,8.683036617132114,True,0.6998513316814631,0.3333333333333333,0.0,0.0,0.0,0.6804753564440329,0.8649448479956955,3717,0.45164430846765946,0.6896551724137931,928,0.08530844480373365,0.39849624060150374,399
93,both_fail,lewm,0,3,300,0.8433333333333334,6.626666666666667,17.66768373359939,0.013333333333333334,0.01,lewm,0.19308601319789886,0.6417718449511105,0.7196511072345249,predictor_raw,8.12840442436049,True,0.7429775886398737,0.3,0.016722408026755852,0.06688963210702341,0.4089426695637724,2.1343034053971595,True,0.1850000485363073,0.16666666666666666,0.4782608695652174,0.06354515050167224,0.5690172579538892,0.5391779964265293,True,0.01158408917458457,0.1,0.18729096989966554,0.6889632107023411,0.3248060531954844,1.3844124258464703,True,0.20037305521162344,0.16666666666666666,0.0802675585284281,0.06688963210702341,0.8506551235930021,8.683036617132114,True,0.7204391159901776,0.3,0.0802675585284281,0.006688963210702341,1.0679015359798947,0.7674357310783766,0.8732849071832123,3717,0.2577902358183872,0.49245689655172414,928,-0.1549317354753437,0.3433583959899749,399
93,both_fail,lewm,0,3,300,0.8433333333333334,6.626666666666667,17.66768373359939,0.013333333333333334,0.01,ald_tf,0.08142764121294022,0.27064605387903046,0.7713161257347304,encoder_raw,8.12840442436049,True,0.6486405404504495,0.1,0.19063545150501673,0.04013377926421405,0.19169625717687996,2.1343034053971595,True,0.3212868432010287,0.43333333333333335,0.08695652173913043,0.0033444816053511705,0.016515320005483936,0.5391779964265293,True,0.09533464227141913,0.1,0.3277591973244147,0.23076923076923078,0.026652867550887614,1.3844124258464703,True,0.3860718767786269,0.43333333333333335,0.0,0.0,0.0,8.683036617132114,True,0.6998513316814631,0.3333333333333333,0.0,0.0,0.0,0.6804753564440329,0.8649448479956955,3717,0.45164430846765946,0.6896551724137931,928,0.08530844480373365,0.39849624060150374,399
93,both_fail,lewm,0,3,300,0.8433333333333334,6.626666666666667,17.66768373359939,0.013333333333333334,0.01,ald_tf,0.08142764121294022,0.27064605387903046,0.7713161257347304,predictor_raw,8.12840442436049,True,0.4564952943921599,0.1,0.17391304347826086,0.06688963210702341,0.4089426695637724,2.1343034053971595,True,0.27257670686367785,0.36666666666666664,0.12040133779264214,0.06354515050167224,0.5690172579538892,0.5391779964265293,True,-0.042698194245975526,0.06666666666666667,0.4983277591973244,0.6889632107023411,0.3248060531954844,1.3844124258464703,True,0.19324926680340107,0.4,0.023411371237458192,0.06688963210702341,0.8506551235930021,8.683036617132114,True,0.46643673818597986,0.3333333333333333,0.023411371237458192,0.006688963210702341,1.0679015359798947,0.48632766914691256,0.8450363196125908,3717,0.2890439827525821,0.5614224137931034,928,-0.07420204606541018,0.2807017543859649,399
93,both_fail,lewm,0,9,300,0.9033333333333333,7.073333333333333,28.97791557404626,0.02666666666666667,0.01,factor,0.20452430844306946,0.6316151562669979,0.5872758586206513,encoder_raw,5.047854890380616,True,0.5301458905098946,0.2,0.48494983277591974,0.046822742474916385,0.26815703399345253,2.872640784363675,True,0.4993399269877942,0.4,0.03678929765886288,0.030100334448160536,0.1293315760319934,0.3068242770730131,True,0.19493673849750728,0.03333333333333333,0.7324414715719063,0.451505016722408,0.07119622958006178,2.7598365175798607,True,0.584667023854132,0.43333333333333335,0.03678929765886288,0.016722408026755852,0.1456375762553278,5.655568797750031,True,0.760595562172913,0.7333333333333333,0.0,0.0,0.0,0.6067866102017297,0.8838544990427568,1567,0.6294894493364128,0.8015151515151515,660,0.49483857718368696,0.6542553191489362,376
93,both_fail,lewm,0,9,300,0.9033333333333333,7.073333333333333,28.97791557404626,0.02666666666666667,0.01,factor,0.20452430844306946,0.6316151562669979,0.5872758586206513,predictor_raw,5.047854890380616,True,0.171334348159424,0.2,0.8294314381270903,0.2140468227424749,0.9264682378670452,2.872640784363675,True,0.1714515310234611,0.03333333333333333,0.22073578595317725,0.5953177257525084,3.390043897496812,0.3068242770730131,True,0.25346698773113757,0.26666666666666666,0.42474916387959866,0.06688963210702341,0.003102688727858004,2.7598365175798607,True,0.26493210208196427,0.03333333333333333,0.22073578595317725,0.5183946488294314,3.3382563568679426,5.655568797750031,True,0.31068878543094924,0.06666666666666667,0.7290969899665551,0.2809364548494983,3.850929984486207,0.17439737552138748,0.7479259731971921,1567,0.24032132582025795,0.5515151515151515,660,0.3256759394760603,0.598404255319149,376
93,both_fail,lewm,0,9,300,0.9033333333333333,7.073333333333333,28.97791557404626,0.02666666666666667,0.01,factor,0.20452430844306946,0.6316151562669979,0.5872758586206513,encoder_factor_head_diagnostic_only,5.047854890380616,True,0.8044164935165946,0.23333333333333334,0.18394648829431437,0.03678929765886288,0.17905579244849856,2.872640784363675,True,0.5698884905665274,0.36666666666666664,0.16387959866220736,0.043478260869565216,0.2119496814138254,0.3068242770730131,True,-0.049670600129157416,0.03333333333333333,0.8996655518394648,0.47157190635451507,0.08570500857804798,2.7598365175798607,True,0.5753395561049819,0.36666666666666664,0.16387959866220736,0.026755852842809364,0.24276446063514595,5.655568797750031,True,0.9732561472905255,0.7666666666666667,0.0033444816053511705,0.0033444816053511705,0.008025642834864177,0.9098203561903727,0.9623484365028717,1567,0.8221657922430391,0.906060606060606,660,0.37540596125686504,0.6728723404255319,376
93,both_fail,lewm,0,9,300,0.9033333333333333,7.073333333333333,28.97791557404626,0.02666666666666667,0.01,lewm,0.29726725816726685,0.8620990994860837,0.5760366226291403,encoder_raw,5.047854890380616,True,0.5921923576928633,0.2,0.3745819397993311,0.046822742474916385,0.26815703399345253,2.872640784363675,True,0.6599489160012539,0.5,0.020066889632107024,0.030100334448160536,0.1293315760319934,0.3068242770730131,True,0.006703770027100774,0.0,0.7424749163879598,0.451505016722408,0.07119622958006178,2.7598365175798607,True,0.7010893856720467,0.5333333333333333,0.020066889632107024,0.016722408026755852,0.1456375762553278,5.655568797750031,True,0.8474649718330204,0.7,0.0,0.0,0.0,0.7135119627460909,0.8749202297383536,1567,0.7739802109399393,0.9090909090909091,660,0.3832975050548245,0.6223404255319149,376
93,both_fail,lewm,0,9,300,0.9033333333333333,7.073333333333333,28.97791557404626,0.02666666666666667,0.01,lewm,0.29726725816726685,0.8620990994860837,0.5760366226291403,predictor_raw,5.047854890380616,True,0.5387722085800953,0.2,0.5284280936454849,0.6287625418060201,4.628298845382123,2.872640784363675,True,0.23688877568401873,0.03333333333333333,0.5217391304347826,0.30434782608695654,1.9264054098970083,0.3068242770730131,True,0.03126024662189559,0.23333333333333334,0.5317725752508361,0.5317725752508361,0.12106245655303252,2.7598365175798607,True,0.27770328426493657,0.03333333333333333,0.5217391304347826,0.2809364548494983,1.9925776370933133,5.655568797750031,True,0.5740686007622307,0.16666666666666666,0.16722408026755853,0.5016722408026756,6.207081872226656,0.5345427690052237,0.7740906190172304,1567,0.23025021267846524,0.6,660,0.1444697198488204,0.5319148936170213,376
93,both_fail,lewm,0,9,300,0.9033333333333333,7.073333333333333,28.97791557404626,0.02666666666666667,0.01,ald_tf,0.18002192676067352,0.5220781525182299,0.6939108212313471,encoder_raw,5.047854890380616,True,0.5921923576928633,0.2,0.3745819397993311,0.046822742474916385,0.26815703399345253,2.872640784363675,True,0.6599489160012539,0.5,0.020066889632107024,0.030100334448160536,0.1293315760319934,0.3068242770730131,True,0.006703770027100774,0.0,0.7424749163879598,0.451505016722408,0.07119622958006178,2.7598365175798607,True,0.7010893856720467,0.5333333333333333,0.020066889632107024,0.016722408026755852,0.1456375762553278,5.655568797750031,True,0.8474649718330204,0.7,0.0,0.0,0.0,0.7135119627460909,0.8749202297383536,1567,0.7739802109399393,0.9090909090909091,660,0.3832975050548245,0.6223404255319149,376
93,both_fail,lewm,0,9,300,0.9033333333333333,7.073333333333333,28.97791557404626,0.02666666666666667,0.01,ald_tf,0.18002192676067352,0.5220781525182299,0.6939108212313471,predictor_raw,5.047854890380616,True,0.771456571739686,0.43333333333333335,0.043478260869565216,0.2508361204013378,1.2022648736597898,2.872640784363675,True,0.3349341360843587,0.1,0.3779264214046823,0.2040133779264214,1.2615237527777852,0.3068242770730131,True,-0.15960531346114354,0.0,0.7959866220735786,0.6655518394648829,0.21366992929625614,2.7598365175798607,True,0.2910267770531267,0.1,0.3779264214046823,0.19063545150501673,1.420303452717314,5.655568797750031,True,0.736161512905699,0.43333333333333335,0.05351170568561873,0.08361204013377926,2.2087737161283236,0.7788166293000565,0.8525845564773452,1567,0.34541833920063664,0.6121212121212121,660,-0.07223009270686581,0.4787234042553192,376
93,both_fail,lewm,0,19,300,0.9733333333333334,8.11,32.01124946015807,0.02,0.006666666666666667,factor,0.28432363271713257,1.1397261236231904,0.2794173268591873,encoder_raw,3.5072069569616215,True,0.5760686229846999,0.23333333333333334,0.45484949832775917,0.06688963210702341,0.2868341512411145,2.4225395364908593,True,0.5661335743110669,0.5333333333333333,0.043478260869565216,0.046822742474916385,0.5015775338652532,0.19186359893293511,True,-0.054170663047026224,0.03333333333333333,0.5652173913043478,0.5752508361204013,0.11477386252467778,2.334134389600931,True,0.6133514285448102,0.6,0.043478260869565216,0.030100334448160536,0.5023473959519538,4.459795466825732,True,0.8949477216413516,0.6666666666666666,0.0,0.0,0.0,0.7177570971802021,0.8992932862190812,566,0.7203597268660624,0.8625678119349005,553,0.2828353825389758,0.5632530120481928,332
93,both_fail,lewm,0,19,300,0.9733333333333334,8.11,32.01124946015807,0.02,0.006666666666666667,factor,0.28432363271713257,1.1397261236231904,0.2794173268591873,predictor_raw,3.5072069569616215,True,-0.15696574406382294,0.03333333333333333,0.6889632107023411,0.21070234113712374,0.916973221403975,2.4225395364908593,True,0.09220877405006354,0.03333333333333333,0.5919732441471572,0.7357859531772575,3.9462608246760977,0.19186359893293511,True,0.3600218049059149,0.13333333333333333,0.8695652173913043,0.6321070234113713,0.142293309513997,2.334134389600931,True,0.165751610929043,0.03333333333333333,0.5919732441471572,0.7357859531772575,3.9745501337521176,4.459795466825732,True,0.08501827798086646,0.03333333333333333,0.6789297658862876,0.411371237458194,4.1023418079630245,-0.14444356132541217,0.6183745583038869,566,0.2313168901209997,0.5714285714285714,553,0.40708411676358464,0.5903614457831325,332
93,both_fail,lewm,0,19,300,0.9733333333333334,8.11,32.01124946015807,0.02,0.006666666666666667,factor,0.28432363271713257,1.1397261236231904,0.2794173268591873,encoder_factor_head_diagnostic_only,3.5072069569616215,True,0.7475109723441371,0.3333333333333333,0.2608695652173913,0.06688963210702341,0.2868341512411145,2.4225395364908593,True,0.5318128726418935,0.4,0.12040133779264214,0.046822742474916385,0.5015775338652532,0.19186359893293511,True,-0.11257941273956402,0.0,0.1705685618729097,0.5752508361204013,0.11477386252467778,2.334134389600931,True,0.5459104941938815,0.4,0.12040133779264214,0.030100334448160536,0.5023473959519538,4.459795466825732,True,0.9711019011322348,0.8333333333333334,0.0,0.0,0.0,0.889360734950021,0.9540636042402827,566,0.8113853830570896,0.9132007233273056,553,0.2627814189240256,0.6174698795180723,332
93,both_fail,lewm,0,19,300,0.9733333333333334,8.11,32.01124946015807,0.02,0.006666666666666667,lewm,0.3173995912075043,1.1061400426641552,0.49237880420893565,encoder_raw,3.5072069569616215,True,0.5651173901932244,0.26666666666666666,0.43812709030100333,0.20066889632107024,0.8997366495558943,2.4225395364908593,True,0.6726070844408005,0.5333333333333333,0.026755852842809364,0.0033444816053511705,0.007112506137864516,0.19186359893293511,True,-0.11724417477490215,0.03333333333333333,0.4180602006688963,0.6989966555183946,0.1882748543043185,2.334134389600931,True,0.7127407938428297,0.6,0.026755852842809364,0.006688963210702341,0.08138336000420596,4.459795466825732,True,0.9134079267547417,0.6666666666666666,0.0033444816053511705,0.0033444816053511705,0.19193846236703194,0.7785906323993326,0.892226148409894,566,0.82804254945365,0.9276672694394213,553,0.28159892652703505,0.4819277108433735,332
93,both_fail,lewm,0,19,300,0.9733333333333334,8.11,32.01124946015807,0.02,0.006666666666666667,lewm,0.3173995912075043,1.1061400426641552,0.49237880420893565,predictor_raw,3.5072069569616215,True,0.3676311959021767,0.06666666666666667,0.26755852842809363,0.3110367892976589,1.360852277858216,2.4225395364908593,True,0.15662720216295525,0.06666666666666667,0.842809364548495,0.5050167224080268,2.7056039550359086,0.19186359893293511,True,0.063141290891364,0.1,0.6989966555183946,0.3612040133779264,0.04206797017557734,2.334134389600931,True,0.20792247309072845,0.1,0.842809364548495,0.45819397993311034,2.6336679247735093,4.459795466825732,True,0.45196457738419316,0.23333333333333334,0.6354515050167224,0.29431438127090304,3.2053386554386565,0.38308831657018994,0.6837455830388692,566,0.20786498230707998,0.569620253164557,553,0.15500729229631868,0.5120481927710844,332
93,both_fail,lewm,0,19,300,0.9733333333333334,8.11,32.01124946015807,0.02,0.006666666666666667,ald_tf,0.1683678925037384,0.5867634141834895,0.5578341981577573,encoder_raw,3.5072069569616215,True,0.5651173901932244,0.26666666666666666,0.43812709030100333,0.20066889632107024,0.8997366495558943,2.4225395364908593,True,0.6726070844408005,0.5333333333333333,0.026755852842809364,0.0033444816053511705,0.007112506137864516,0.19186359893293511,True,-0.11724417477490215,0.03333333333333333,0.4180602006688963,0.6989966555183946,0.1882748543043185,2.334134389600931,True,0.7127407938428297,0.6,0.026755852842809364,0.006688963210702341,0.08138336000420596,4.459795466825732,True,0.9134079267547417,0.6666666666666666,0.0033444816053511705,0.0033444816053511705,0.19193846236703194,0.7785906323993326,0.892226148409894,566,0.82804254945365,0.9276672694394213,553,0.28159892652703505,0.4819277108433735,332
93,both_fail,lewm,0,19,300,0.9733333333333334,8.11,32.01124946015807,0.02,0.006666666666666667,ald_tf,0.1683678925037384,0.5867634141834895,0.5578341981577573,predictor_raw,3.5072069569616215,True,0.8268082978699763,0.43333333333333335,0.12374581939799331,0.046822742474916385,0.16009367645575714,2.4225395364908593,True,0.09410792398832277,0.06666666666666667,0.5852842809364549,0.45819397993311034,2.499572931112935,0.19186359893293511,True,-0.13796126499187117,0.06666666666666667,0.026755852842809364,0.8963210702341137,0.3852065406772643,2.334134389600931,True,0.0865104353282237,0.06666666666666667,0.5852842809364549,0.4882943143812709,2.7707754713522226,4.459795466825732,True,0.6241980466449627,0.23333333333333334,0.010033444816053512,0.14715719063545152,2.1416876006149117,0.8300758548382889,0.7809187279151943,566,0.12285878120040121,0.5316455696202531,553,-0.11019521513634703,0.5030120481927711,332
93,both_fail,lewm,0,29,300,0.9933333333333333,7.9366666666666665,19.054722290387552,0.0033333333333333335,0.0,factor,0.28804320096969604,2.4681956767173143,0.13602195579950888,encoder_raw,1.7597666645217287,True,0.7097389970999678,0.26666666666666666,0.7357859531772575,0.06020066889632107,0.3205765179900875,1.5226750408322505,True,0.5182551493077899,0.5666666666666667,0.0033444816053511705,0.0033444816053511705,0.10549570022014387,0.1243722745986506,True,-0.2120441573844342,0.0,0.6521739130434783,0.7357859531772575,0.1292735857974185,1.486278726484929,True,0.4936535398897285,0.5666666666666667,0.0033444816053511705,0.0033444816053511705,0.12736340653345068,2.4024225519603952,True,0.8778746430515895,0.7,0.0,0.0,0.0,0.7660620786993109,0.8421052631578947,570,0.6459796381004982,0.8102981029810298,738,0.13694367120592058,0.3588516746411483,209
93,both_fail,lewm,0,29,300,0.9933333333333333,7.9366666666666665,19.054722290387552,0.0033333333333333335,0.0,factor,0.28804320096969604,2.4681956767173143,0.13602195579950888,predictor_raw,1.7597666645217287,True,-0.031101678907543416,0.0,0.9431438127090301,0.24749163879598662,1.0988931360258831,1.5226750408322505,True,0.003169368900695461,0.0,0.8327759197324415,0.8963210702341137,3.839250305056722,0.1243722745986506,True,0.5299277247444699,0.13333333333333333,0.14381270903010032,0.451505016722408,0.03901361833070536,1.486278726484929,True,0.04938855424933133,0.0,0.8327759197324415,0.8896321070234113,3.770858043903316,2.4024225519603952,True,0.06171135234835943,0.0,0.8561872909698997,0.5886287625418061,4.421811255405661,0.23951101119025664,0.6596491228070176,570,-0.010349699633295335,0.497289972899729,738,0.5670206076050712,0.7081339712918661,209
93,both_fail,lewm,0,29,300,0.9933333333333333,7.9366666666666665,19.054722290387552,0.0033333333333333335,0.0,factor,0.28804320096969604,2.4681956767173143,0.13602195579950888,encoder_factor_head_diagnostic_only,1.7597666645217287,True,0.7716432404804497,0.4,0.17391304347826086,0.06020066889632107,0.3205765179900875,1.5226750408322505,True,0.5466723571008998,0.4,0.006688963210702341,0.0033444816053511705,0.10549570022014387,0.1243722745986506,True,-0.20902190124578193,0.0,0.7023411371237458,0.7357859531772575,0.1292735857974185,1.486278726484929,True,0.5247392220734954,0.4,0.006688963210702341,0.0033444816053511705,0.12736340653345068,2.4024225519603952,True,0.9320032444804942,0.7,0.0,0.0,0.0,0.8647390542007699,0.8894736842105263,570,0.7574552867771788,0.8265582655826558,738,0.24741830675018567,0.430622009569378,209
93,both_fail,lewm,0,29,300,0.9933333333333333,7.9366666666666665,19.054722290387552,0.0033333333333333335,0.0,lewm,0.34182143211364746,2.296878355877823,0.17690063222924698,encoder_raw,1.7597666645217287,True,0.6973886376515295,0.3,0.5317725752508361,0.06020066889632107,0.3205765179900875,1.5226750408322505,True,0.6873526025125436,0.5666666666666667,0.0033444816053511705,0.0033444816053511705,0.10549570022014387,0.1243722745986506,True,-0.2748777514058786,0.0,0.49498327759197325,0.7357859531772575,0.1292735857974185,1.486278726484929,True,0.6595287347113603,0.5666666666666667,0.0033444816053511705,0.0033444816053511705,0.12736340653345068,2.4024225519603952,True,0.9483847598306648,0.7666666666666667,0.0,0.0,0.0,0.854695850798814,0.8771929824561403,570,0.8717344667858935,0.9471544715447154,738,-0.0143039753754075,0.27751196172248804,209
93,both_fail,lewm,0,29,300,0.9933333333333333,7.9366666666666665,19.054722290387552,0.0033333333333333335,0.0,lewm,0.34182143211364746,2.296878355877823,0.17690063222924698,predictor_raw,1.7597666645217287,True,0.06806786742074912,0.0,0.9565217391304348,0.5117056856187291,1.805432712384739,1.5226750408322505,True,0.19857156174752752,0.0,0.6956521739130435,0.4682274247491639,2.2973773200750154,0.1243722745986506,True,0.35633199883687805,0.16666666666666666,0.0903010033444816,0.023411371237458192,0.00021204572698172035,1.486278726484929,True,0.2334168416778914,0.0,0.6956521739130435,0.4214046822742475,2.1901834863178857,2.4024225519603952,True,0.22420071334125935,0.0,0.7157190635451505,0.42474916387959866,3.547676274179086,0.23640414371146484,0.6157894736842106,570,0.2014710153959131,0.4986449864498645,738,0.42506206428855375,0.6028708133971292,209
93,both_fail,lewm,0,29,300,0.9933333333333333,7.9366666666666665,19.054722290387552,0.0033333333333333335,0.0,ald_tf,0.09168227761983871,0.6160615435388366,0.7229733663707375,encoder_raw,1.7597666645217287,True,0.6973886376515295,0.3,0.5317725752508361,0.06020066889632107,0.3205765179900875,1.5226750408322505,True,0.6873526025125436,0.5666666666666667,0.0033444816053511705,0.0033444816053511705,0.10549570022014387,0.1243722745986506,True,-0.2748777514058786,0.0,0.49498327759197325,0.7357859531772575,0.1292735857974185,1.486278726484929,True,0.6595287347113603,0.5666666666666667,0.0033444816053511705,0.0033444816053511705,0.12736340653345068,2.4024225519603952,True,0.9483847598306648,0.7666666666666667,0.0,0.0,0.0,0.854695850798814,0.8771929824561403,570,0.8717344667858935,0.9471544715447154,738,-0.0143039753754075,0.27751196172248804,209
93,both_fail,lewm,0,29,300,0.9933333333333333,7.9366666666666665,19.054722290387552,0.0033333333333333335,0.0,ald_tf,0.09168227761983871,0.6160615435388366,0.7229733663707375,predictor_raw,1.7597666645217287,True,0.8205535617062412,0.7,0.030100334448160536,0.04013377926421405,0.2392743787269282,1.5226750408322505,True,0.2878712305549225,0.13333333333333333,0.11371237458193979,0.9765886287625418,4.9290576337506815,0.1243722745986506,True,-0.44943615478351756,0.0,0.5719063545150501,0.8127090301003345,0.16889099864462534,1.486278726484929,True,0.2552393087966892,0.13333333333333333,0.11371237458193979,0.9765886287625418,4.990542752911195,2.4024225519603952,True,0.7016335737063745,0.3333333333333333,0.0802675585284281,0.6722408026755853,4.781877207114585,0.7948259815362672,0.6719298245614035,570,0.3859072881919274,0.7208672086720868,738,-0.24587481710834005,0.3875598086124402,209
93,both_fail,lewm,1,0,300,1.0,7.086666666666667,21.8418644673427,0.0,0.0,factor,0.050521016120910645,0.2170844217195576,0.9337565972955255,encoder_raw,11.98941324825245,True,0.7002246691629908,0.43333333333333335,0.06354515050167224,0.40468227424749165,4.605507944440052,1.209982619253117,True,0.48501383348703875,0.06666666666666667,0.38461538461538464,0.1605351170568562,0.8882423017461811,0.44338530393362463,True,0.4839809331214791,0.1,0.35785953177257523,0.17391304347826086,0.005378683769224741,1.474653840131455,True,0.5485225391393238,0.1,0.1605351170568562,0.11036789297658862,0.8047449802750015,14.20820800185987,True,0.8168317425749175,0.5,0.06354515050167224,0.32441471571906355,4.881389557843925,0.7633568007391879,0.8956298200514139,1945,0.5706930107970946,0.6760204081632653,1176,0.4757959531035815,0.7064220183486238,218
93,both_fail,lewm,1,0,300,1.0,7.086666666666667,21.8418644673427,0.0,0.0,factor,0.050521016120910645,0.2170844217195576,0.9337565972955255,predictor_raw,11.98941324825245,True,0.6418764652940588,0.3,0.30434782608695654,0.3110367892976589,3.035056415899574,1.209982619253117,True,0.4070929676996411,0.03333333333333333,0.6421404682274248,0.5785953177257525,1.614026302395161,0.44338530393362463,True,0.4631660351781686,0.13333333333333333,0.2976588628762542,0.2408026755852843,0.007700589483447571,1.474653840131455,True,0.469255436171513,0.06666666666666667,0.14046822742474915,0.5050167224080268,1.5328508866382045,14.20820800185987,True,0.7467602973366371,0.16666666666666666,0.30434782608695654,0.26755852842809363,4.03904393566665,0.6604176543319383,0.8498714652956298,1945,0.4102242571273532,0.576530612244898,1176,0.40994572220626957,0.5688073394495413,218
93,both_fail,lewm,1,0,300,1.0,7.086666666666667,21.8418644673427,0.0,0.0,factor,0.050521016120910645,0.2170844217195576,0.9337565972955255,encoder_factor_head_diagnostic_only,11.98941324825245,True,0.942992699918888,0.6666666666666666,0.0,0.0,0.0,1.209982619253117,True,0.3208146757186191,0.2,0.4013377926421405,0.056856187290969896,0.48312209189571864,0.44338530393362463,True,0.31714263491816574,0.03333333333333333,0.20735785953177258,0.568561872909699,0.13461728021581407,1.474653840131455,True,0.3785828731430349,0.23333333333333334,0.5585284280936454,0.030100334448160536,0.5288633668711284,14.20820800185987,True,0.989905221169124,0.7,0.0,0.0,0.0,0.9708248016003157,0.9902313624678664,1945,0.6875894515266827,0.75,1176,0.3925450564058537,0.47706422018348627,218
93,both_fail,lewm,1,0,300,1.0,7.086666666666667,21.8418644673427,0.0,0.0,lewm,0.05832749232649803,0.2791405387110687,0.8597384415382393,encoder_raw,11.98941324825245,True,0.7027838087089856,0.4666666666666667,0.05351170568561873,0.15384615384615385,1.3161391361926829,1.209982619253117,True,0.5439944888276537,0.16666666666666666,0.29431438127090304,0.043478260869565216,0.43263197064493664,0.44338530393362463,True,0.4182242024911388,0.06666666666666667,0.2608695652173913,0.5551839464882943,0.12145143896079567,1.474653840131455,True,0.5822051356126179,0.2,0.12374581939799331,0.013377926421404682,0.46520740436532804,14.20820800185987,True,0.8261922910254559,0.5666666666666667,0.05351170568561873,0.06354515050167224,1.2524831736868824,0.7807347794235554,0.922879177377892,1945,0.6584424515470938,0.7287414965986394,1176,0.36654547686442945,0.6284403669724771,218
93,both_fail,lewm,1,0,300,1.0,7.086666666666667,21.8418644673427,0.0,0.0,lewm,0.05832749232649803,0.2791405387110687,0.8597384415382393,predictor_raw,11.98941324825245,True,0.5711561239569328,0.3,0.4782608695652174,0.3110367892976589,3.035056415899574,1.209982619253117,True,0.4573593039922666,0.03333333333333333,0.5953177257525084,0.5785953177257525,1.614026302395161,0.44338530393362463,True,0.4303510039000433,0.13333333333333333,0.43478260869565216,0.2408026755852843,0.007700589483447571,1.474653840131455,True,0.5080772008577873,0.06666666666666667,0.25752508361204013,0.5050167224080268,1.5328508866382045,14.20820800185987,True,0.691025900287781,0.23333333333333334,0.4782608695652174,0.26755852842809363,4.03904393566665,0.5819383301561247,0.8287917737789203,1945,0.45612029634465334,0.592687074829932,1176,0.34664772803610855,0.5458715596330275,218
93,both_fail,lewm,1,0,300,1.0,7.086666666666667,21.8418644673427,0.0,0.0,ald_tf,0.0483558215200901,0.23141865920407662,0.8705581173124146,encoder_raw,11.98941324825245,True,0.7027838087089856,0.4666666666666667,0.05351170568561873,0.15384615384615385,1.3161391361926829,1.209982619253117,True,0.5439944888276537,0.16666666666666666,0.29431438127090304,0.043478260869565216,0.43263197064493664,0.44338530393362463,True,0.4182242024911388,0.06666666666666667,0.2608695652173913,0.5551839464882943,0.12145143896079567,1.474653840131455,True,0.5822051356126179,0.2,0.12374581939799331,0.013377926421404682,0.46520740436532804,14.20820800185987,True,0.8261922910254559,0.5666666666666667,0.05351170568561873,0.06354515050167224,1.2524831736868824,0.7807347794235554,0.922879177377892,1945,0.6584424515470938,0.7287414965986394,1176,0.36654547686442945,0.6284403669724771,218
93,both_fail,lewm,1,0,300,1.0,7.086666666666667,21.8418644673427,0.0,0.0,ald_tf,0.0483558215200901,0.23141865920407662,0.8705581173124146,predictor_raw,11.98941324825245,True,0.5947781642018245,0.3333333333333333,0.4280936454849498,0.3110367892976589,3.035056415899574,1.209982619253117,True,0.469664774053045,0.1,0.5618729096989966,0.5785953177257525,1.614026302395161,0.44338530393362463,True,0.4461734019266881,0.13333333333333333,0.3712374581939799,0.2408026755852843,0.007700589483447571,1.474653840131455,True,0.5275654173935266,0.16666666666666666,0.3110367892976589,0.5050167224080268,1.5328508866382045,14.20820800185987,True,0.7136297069967444,0.3,0.4280936454849498,0.26755852842809363,4.03904393566665,0.6163127581848581,0.8431876606683805,1945,0.48177271484207057,0.6079931972789115,1176,0.3734922886885813,0.5504587155963303,218
93,both_fail,lewm,1,3,300,0.9733333333333334,3.763333333333333,6.744662309351555,0.0,0.0,factor,0.032042376697063446,0.1897223302788573,0.9126536961521795,encoder_raw,10.969829038853376,True,0.6271234124823609,0.1,0.2140468227424749,0.3511705685618729,3.8925290434650854,0.16181993733364886,True,0.1772874023279474,0.03333333333333333,0.013377926421404682,0.14381270903010032,2.284143226050961,0.19004976909739377,True,0.02855636159796982,0.16666666666666666,0.7859531772575251,0.13712374581939799,0.00389956161704659,0.312561922661998,True,0.11935510682071591,0.03333333333333333,0.013377926421404682,0.11371237458193979,2.190030943850456,11.341338703171028,True,0.6430489227658085,0.1,0.2140468227424749,0.30434782608695654,3.958919307186358,0.6246043049486208,0.8597989949748743,1990,0.15717557920175546,0.4911111111111111,1350,-0.07230990962260071,0.4200743494423792,269
93,both_fail,lewm,1,3,300,0.9733333333333334,3.763333333333333,6.744662309351555,0.0,0.0,factor,0.032042376697063446,0.1897223302788573,0.9126536961521795,predictor_raw,10.969829038853376,True,0.5770610784564273,0.13333333333333333,0.27759197324414714,0.34782608695652173,3.8902982999999005,0.16181993733364886,True,0.12915197377931156,0.0,0.35451505016722407,0.431438127090301,2.63903046641659,0.19004976909739377,True,0.1558889648478491,0.2,0.7525083612040134,0.6555183946488294,0.07673947751450451,0.312561922661998,True,0.14538875017633623,0.0,0.35451505016722407,0.6254180602006689,2.6177581001135426,11.341338703171028,True,0.5899909998999989,0.13333333333333333,0.27759197324414714,0.3411371237458194,4.3844157199842595,0.5678745270816067,0.8763819095477386,1990,0.06458160153727056,0.4866666666666667,1350,0.10825397376548154,0.5204460966542751,269
93,both_fail,lewm,1,3,300,0.9733333333333334,3.763333333333333,6.744662309351555,0.0,0.0,factor,0.032042376697063446,0.1897223302788573,0.9126536961521795,encoder_factor_head_diagnostic_only,10.969829038853376,True,0.9664987388748764,0.8333333333333334,0.0033444816053511705,0.07692307692307693,1.1934477338324192,0.16181993733364886,True,0.16627828836336014,0.1,0.38127090301003347,0.05351170568561873,1.87664688022204,0.19004976909739377,True,0.11786752085222688,0.13333333333333333,0.8193979933110368,0.7558528428093646,0.20135385472605674,0.312561922661998,True,0.21669131903196076,0.13333333333333333,0.38127090301003347,0.06020066889632107,1.9799888911305454,11.341338703171028,True,0.9741988244313826,0.8666666666666667,0.0033444816053511705,0.056856187290969896,1.049795944833781,0.9677836169043265,0.9723618090452262,1990,0.2523448046548544,0.5577777777777778,1350,0.04325127413845938,0.43866171003717475,269
93,both_fail,lewm,1,3,300,0.9733333333333334,3.763333333333333,6.744662309351555,0.0,0.0,lewm,0.03994322940707207,0.24716005801548677,0.8321163568484095,encoder_raw,10.969829038853376,True,0.6496516627962533,0.03333333333333333,0.2040133779264214,0.3511705685618729,3.8925290434650854,0.16181993733364886,True,0.24112981866457325,0.03333333333333333,0.013377926421404682,0.14381270903010032,2.284143226050961,0.19004976909739377,True,-0.03659452593412414,0.16666666666666666,0.8060200668896321,0.13712374581939799,0.00389956161704659,0.312561922661998,True,0.10536215407529474,0.03333333333333333,0.013377926421404682,0.11371237458193979,2.190030943850456,11.341338703171028,True,0.6658740652673919,0.03333333333333333,0.2040133779264214,0.30434782608695654,3.958919307186358,0.6591505511562807,0.9,1990,0.26348148081739775,0.5651851851851852,1350,-0.18486352006170137,0.3420074349442379,269
93,both_fail,lewm,1,3,300,0.9733333333333334,3.763333333333333,6.744662309351555,0.0,0.0,lewm,0.03994322940707207,0.24716005801548677,0.8321163568484095,predictor_raw,10.969829038853376,True,0.47376970855231726,0.06666666666666667,0.48494983277591974,0.3979933110367893,4.7570441670550325,0.16181993733364886,True,0.16603117220008562,0.0,0.3076923076923077,0.5919732441471572,2.6752790816416248,0.19004976909739377,True,0.15472071874143337,0.2,0.7591973244147158,0.5852842809364549,0.03148379475619024,0.312561922661998,True,0.15122553617310416,0.0,0.3076923076923077,0.5451505016722408,2.6087510325802636,11.341338703171028,True,0.49124456938410427,0.06666666666666667,0.48494983277591974,0.3979933110367893,5.242154519506112,0.46077923558093203,0.8658291457286432,1990,0.1135015069761568,0.48148148148148145,1350,0.10074927936673841,0.5539033457249071,269
93,both_fail,lewm,1,3,300,0.9733333333333334,3.763333333333333,6.744662309351555,0.0,0.0,ald_tf,0.03723502531647682,0.23040227728304588,0.8614980166446294,encoder_raw,10.969829038853376,True,0.6496516627962533,0.03333333333333333,0.2040133779264214,0.3511705685618729,3.8925290434650854,0.16181993733364886,True,0.24112981866457325,0.03333333333333333,0.013377926421404682,0.14381270903010032,2.284143226050961,0.19004976909739377,True,-0.03659452593412414,0.16666666666666666,0.8060200668896321,0.13712374581939799,0.00389956161704659,0.312561922661998,True,0.10536215407529474,0.03333333333333333,0.013377926421404682,0.11371237458193979,2.190030943850456,11.341338703171028,True,0.6658740652673919,0.03333333333333333,0.2040133779264214,0.30434782608695654,3.958919307186358,0.6591505511562807,0.9,1990,0.26348148081739775,0.5651851851851852,1350,-0.18486352006170137,0.3420074349442379,269
93,both_fail,lewm,1,3,300,0.9733333333333334,3.763333333333333,6.744662309351555,0.0,0.0,ald_tf,0.03723502531647682,0.23040227728304588,0.8614980166446294,predictor_raw,10.969829038853376,True,0.5554239491549906,0.06666666666666667,0.43812709030100333,0.2709030100334448,3.0794734355434192,0.16181993733364886,True,0.16348756464177586,0.03333333333333333,0.36789297658862874,0.5585284280936454,2.6705696656481552,0.19004976909739377,True,0.10880155772547474,0.16666666666666666,0.8193979933110368,0.27424749163879597,0.007195852246559795,0.312561922661998,True,0.11510079762132032,0.03333333333333333,0.36789297658862874,0.4013377926421405,2.5797536740771636,11.341338703171028,True,0.5679320881343126,0.06666666666666667,0.43812709030100333,0.25752508361204013,3.5355864294913992,0.5460914247500834,0.8748743718592965,1990,0.11882158943861548,0.4666666666666667,1350,0.042292602272872,0.5018587360594795,269
93,both_fail,lewm,1,9,300,0.9966666666666667,3.31,3.1438077287197643,0.0,0.0,factor,0.038955509662628174,0.35093505695918975,0.7798895543283815,encoder_raw,8.207367153140865,True,0.6693318814653496,0.03333333333333333,0.3377926421404682,0.3511705685618729,3.4302137111442184,0.16350846835690414,True,-0.030754119490216558,0.13333333333333333,0.431438127090301,0.06020066889632107,1.9471059389741783,0.10170584308003762,True,-0.19431282569806332,0.03333333333333333,0.47491638795986624,0.725752508361204,0.0866224267076951,0.10260918993505186,True,-0.04697518861320681,0.13333333333333333,0.5484949832775919,0.043478260869565216,1.9795118316383271,8.178264947033895,True,0.6766346292736586,0.03333333333333333,0.3277591973244147,0.3010033444816054,2.817051576750543,0.6752390790128181,0.8556451612903225,2480,0.028097309218073387,0.48475120385232745,1246,-0.22727211736204375,0.3620253164556962,395
93,both_fail,lewm,1,9,300,0.9966666666666667,3.31,3.1438077287197643,0.0,0.0,factor,0.038955509662628174,0.35093505695918975,0.7798895543283815,predictor_raw,8.207367153140865,True,0.4812729030322559,0.03333333333333333,0.5852842809364549,0.3511705685618729,3.4302137111442184,0.16350846835690414,True,-0.20877076411960133,0.03333333333333333,0.7591973244147158,0.06020066889632107,1.9471059389741783,0.10170584308003762,True,0.06373315259058435,0.03333333333333333,0.15384615384615385,0.725752508361204,0.0866224267076951,0.10260918993505186,True,-0.010423226924743609,0.03333333333333333,0.6421404682274248,0.043478260869565216,1.9795118316383271,8.178264947033895,True,0.4837938199313326,0.03333333333333333,0.4816053511705686,0.3010033444816054,2.817051576750543,0.4762097286610407,0.7834677419354839,2480,-0.17740525839181093,0.4301765650080257,1246,0.0762906392179698,0.5240506329113924,395
93,both_fail,lewm,1,9,300,0.9966666666666667,3.31,3.1438077287197643,0.0,0.0,factor,0.038955509662628174,0.35093505695918975,0.7798895543283815,encoder_factor_head_diagnostic_only,8.207367153140865,True,0.9738423760264003,0.7333333333333333,0.06354515050167224,0.010033444816053512,0.05090602453454797,0.16350846835690414,True,-0.05859487327636974,0.0,0.5986622073578596,0.16387959866220736,2.541477411131483,0.10170584308003762,True,-0.06102378915321281,0.16666666666666666,0.46488294314381273,0.6655518394648829,0.05450706440951737,0.10260918993505186,True,0.014822386915410171,0.03333333333333333,0.5117056856187291,0.1505016722408027,2.5417679414974543,8.178264947033895,True,0.9811464571828575,0.7333333333333333,0.0,0.0,0.0,0.9746986336904031,0.9879032258064516,2480,0.1605557436781927,0.5537720706260032,1246,-0.10672451145999007,0.3468354430379747,395
93,both_fail,lewm,1,9,300,0.9966666666666667,3.31,3.1438077287197643,0.0,0.0,lewm,0.05432196334004402,0.49657189649141353,0.657474860831787,encoder_raw,8.207367153140865,True,0.6227264747386082,0.0,0.38127090301003347,0.5719063545150501,6.344327233149129,0.16350846835690414,True,0.10643673818597985,0.23333333333333334,0.11371237458193979,0.020066889632107024,0.9716633167100178,0.10170584308003762,True,-0.2977201968910766,0.0,0.5150501672240803,0.7558528428093646,0.11212355860327483,0.10260918993505186,True,-0.029659440660451782,0.23333333333333334,0.2508361204013378,0.020066889632107024,1.0295703412697466,8.178264947033895,True,0.6347612751252791,0.0,0.3511705685618729,0.451505016722408,4.781223608386874,0.656406160027252,0.8814516129032258,2480,0.19715805867743127,0.5601926163723917,1246,-0.3427079953890028,0.30886075949367087,395
93,both_fail,lewm,1,9,300,0.9966666666666667,3.31,3.1438077287197643,0.0,0.0,lewm,0.05432196334004402,0.49657189649141353,0.657474860831787,predictor_raw,8.207367153140865,True,0.34484872054133936,0.0,0.5886287625418061,0.3511705685618729,3.4302137111442184,0.16350846835690414,True,-0.15989110990122113,0.06666666666666667,0.6889632107023411,0.06020066889632107,1.9471059389741783,0.10170584308003762,True,0.06224602495583284,0.06666666666666667,0.22073578595317725,0.725752508361204,0.0866224267076951,0.10260918993505186,True,0.02899632218135757,0.06666666666666667,0.46488294314381273,0.043478260869565216,1.9795118316383271,8.178264947033895,True,0.35232213691263237,0.0,0.6187290969899666,0.3010033444816054,2.817051576750543,0.3377433792502128,0.7487903225806452,2480,-0.12803973928928417,0.4654895666131621,1246,0.06750957383774144,0.5215189873417722,395
93,both_fail,lewm,1,9,300,0.9966666666666667,3.31,3.1438077287197643,0.0,0.0,ald_tf,0.04423876479268074,0.4043986259116909,0.824389604328937,encoder_raw,8.207367153140865,True,0.6227264747386082,0.0,0.38127090301003347,0.5719063545150501,6.344327233149129,0.16350846835690414,True,0.10643673818597985,0.23333333333333334,0.11371237458193979,0.020066889632107024,0.9716633167100178,0.10170584308003762,True,-0.2977201968910766,0.0,0.5150501672240803,0.7558528428093646,0.11212355860327483,0.10260918993505186,True,-0.029659440660451782,0.23333333333333334,0.2508361204013378,0.020066889632107024,1.0295703412697466,8.178264947033895,True,0.6347612751252791,0.0,0.3511705685618729,0.451505016722408,4.781223608386874,0.656406160027252,0.8814516129032258,2480,0.19715805867743127,0.5601926163723917,1246,-0.3427079953890028,0.30886075949367087,395
93,both_fail,lewm,1,9,300,0.9966666666666667,3.31,3.1438077287197643,0.0,0.0,ald_tf,0.04423876479268074,0.4043986259116909,0.824389604328937,predictor_raw,8.207367153140865,True,0.6121401348903877,0.0,0.5016722408026756,0.2976588628762542,2.9026599722136814,0.16350846835690414,True,-0.0962570695229947,0.1,0.745819397993311,0.6688963210702341,2.7668455379277948,0.10170584308003762,True,-0.10251891687685419,0.06666666666666667,0.411371237458194,0.7692307692307693,0.11800178206482004,0.10260918993505186,True,-0.08636940410449005,0.1,0.6454849498327759,0.842809364548495,2.8306307859490687,8.178264947033895,True,0.6067511861242902,0.0,0.3377926421404682,0.3110367892976589,3.1406167921307486,0.607888398150988,0.8576612903225806,2480,-0.05490954451717244,0.4823434991974318,1246,-0.10767114411501108,0.40253164556962023,395
93,both_fail,lewm,1,19,300,1.0,6.53,27.261137231485833,0.04,0.03,factor,0.0726362094283104,0.5372824858576472,0.6689785442060467,encoder_raw,3.085193967857822,True,0.46131623684707607,0.1,0.5752508361204013,0.09698996655518395,0.39108956472083134,2.1131536673882487,True,0.8530183668707431,0.4,0.043478260869565216,0.22408026755852842,0.19696177439869683,0.07053961053736041,True,0.20976099734441495,0.26666666666666666,0.2508361204013378,0.12709030100334448,0.0018993302920433295,2.160638185076974,True,0.8750101667796308,0.4,0.09364548494983277,0.19732441471571907,0.19628042327166,3.8244608832875624,True,0.830039444882721,0.4666666666666667,0.0,0.0,0.0,0.6480209230891286,0.7970219435736677,1276,0.8824929646668835,0.9676470588235294,340,0.29033523918734816,0.5561877667140825,703
93,both_fail,lewm,1,19,300,1.0,6.53,27.261137231485833,0.04,0.03,factor,0.0726362094283104,0.5372824858576472,0.6689785442060467,predictor_raw,3.085193967857822,True,0.5359197324414716,0.26666666666666666,0.24414715719063546,0.06688963210702341,0.33310309543516775,2.1131536673882487,True,0.4579655329503661,0.0,0.2976588628762542,0.5919732441471572,1.4908121015883191,0.07053961053736041,True,0.0302078911987911,0.03333333333333333,0.2709030100334448,0.9565217391304348,0.2943698410566655,2.160638185076974,True,0.46616740186002065,0.0,0.3779264214046823,0.6086956521739131,1.7826012612259046,3.8244608832875624,True,0.6896254402826698,0.5333333333333333,0.013377926421404682,0.26421404682274247,1.528334368668581,0.5209567664505722,0.7656739811912225,1276,0.424180610570387,0.65,340,0.048117132018903636,0.5462304409672831,703
93,both_fail,lewm,1,19,300,1.0,6.53,27.261137231485833,0.04,0.03,factor,0.0726362094283104,0.5372824858576472,0.6689785442060467,encoder_factor_head_diagnostic_only,3.085193967857822,True,0.7559643996044401,0.2,0.3745819397993311,0.09698996655518395,0.39108956472083134,2.1131536673882487,True,0.6992273247480527,0.1,0.10702341137123746,0.22408026755852842,0.19696177439869683,0.07053961053736041,True,0.03829686996522184,0.13333333333333333,0.3612040133779264,0.12709030100334448,0.0018993302920433295,2.160638185076974,True,0.6888009866776298,0.1,0.1806020066889632,0.19732441471571907,0.19628042327166,3.8244608832875624,True,0.9757192857698419,0.7,0.0,0.0,0.0,0.9021071388219537,0.9553291536050157,1276,0.8763221344941977,0.9558823529411765,340,0.11417706570755841,0.4623044096728307,703
93,both_fail,lewm,1,19,300,1.0,6.53,27.261137231485833,0.04,0.03,lewm,0.13875237107276917,0.8552118385424196,0.5449896109956778,encoder_raw,3.085193967857822,True,0.3984946499405549,0.03333333333333333,0.5652173913043478,0.32441471571906355,1.5364590984071034,2.1131536673882487,True,0.9061158457316192,0.43333333333333335,0.020066889632107024,0.043478260869565216,0.022324633023832384,0.07053961053736041,True,0.16920943566039623,0.3,0.2508361204013378,0.6153846153846154,0.04702705895849571,2.160638185076974,True,0.9224946943854931,0.5,0.17391304347826086,0.07357859531772576,0.06677101056324794,3.8244608832875624,True,0.7877554195046612,0.3,0.010033444816053512,0.1505016722408027,1.01586012097786,0.5951306933258489,0.8095611285266457,1276,0.9236127920668431,0.9911764705882353,340,0.15558724556172018,0.465149359886202,703
93,both_fail,lewm,1,19,300,1.0,6.53,27.261137231485833,0.04,0.03,lewm,0.13875237107276917,0.8552118385424196,0.5449896109956778,predictor_raw,3.085193967857822,True,0.23410571228569207,0.03333333333333333,0.35785953177257523,0.23411371237458195,1.1558794993857904,2.1131536673882487,True,0.4683620929121435,0.16666666666666666,0.06354515050167224,0.4882943143812709,0.8191384991708647,0.07053961053736041,True,0.23842042689363216,0.06666666666666667,0.1705685618729097,0.7625418060200669,0.08143402262838555,2.160638185076974,True,0.5043616040178224,0.23333333333333334,0.23076923076923078,0.4916387959866221,0.8979918403801701,3.8244608832875624,True,0.4582895365504061,0.2,0.13377926421404682,0.25418060200668896,1.466501351773469,0.21778558306038387,0.5721003134796239,1276,0.4121225529894126,0.6323529411764706,340,0.21814741439396015,0.5817923186344239,703
93,both_fail,lewm,1,19,300,1.0,6.53,27.261137231485833,0.04,0.03,ald_tf,0.09452386200428009,0.5826057254792035,0.5789042100467783,encoder_raw,3.085193967857822,True,0.3984946499405549,0.03333333333333333,0.5652173913043478,0.32441471571906355,1.5364590984071034,2.1131536673882487,True,0.9061158457316192,0.43333333333333335,0.020066889632107024,0.043478260869565216,0.022324633023832384,0.07053961053736041,True,0.16920943566039623,0.3,0.2508361204013378,0.6153846153846154,0.04702705895849571,2.160638185076974,True,0.9224946943854931,0.5,0.17391304347826086,0.07357859531772576,0.06677101056324794,3.8244608832875624,True,0.7877554195046612,0.3,0.010033444816053512,0.1505016722408027,1.01586012097786,0.5951306933258489,0.8095611285266457,1276,0.9236127920668431,0.9911764705882353,340,0.15558724556172018,0.465149359886202,703
93,both_fail,lewm,1,19,300,1.0,6.53,27.261137231485833,0.04,0.03,ald_tf,0.09452386200428009,0.5826057254792035,0.5789042100467783,predictor_raw,3.085193967857822,True,0.4770644118267981,0.06666666666666667,0.7090301003344481,0.29431438127090304,1.4049982435787616,2.1131536673882487,True,0.46351403904487826,0.0,0.34782608695652173,0.5418060200668896,1.0624764613445186,0.07053961053736041,True,-0.08758319536883744,0.03333333333333333,0.23076923076923078,0.8862876254180602,0.16350636644162175,2.160638185076974,True,0.4578446427182524,0.0,0.25752508361204013,0.5384615384615384,1.2234021463670604,3.8244608832875624,True,0.6324803608928988,0.23333333333333334,0.28762541806020064,0.36454849498327757,2.0410304019533303,0.4335525829690096,0.7429467084639498,1276,0.454293551364767,0.7029411764705882,340,-0.12490678761361736,0.5334281650071123,703
93,both_fail,lewm,1,29,300,1.0,9.706666666666667,44.18400289432508,0.0,0.0,factor,0.04917227104306221,1.3182324019625908,0.26569584106490074,encoder_raw,1.4240007912864192,True,-0.1695645507172302,0.0,0.9866220735785953,0.47491638795986624,1.4129017969731288,0.6106359805491818,True,0.5030491449904999,0.13333333333333333,0.5250836120401338,0.27424749163879597,0.12086099206979194,0.03540845186436295,True,0.3098678874209713,0.1,0.5919732441471572,0.6187290969899666,0.023542712025328438,0.6126192533885867,True,0.5264862942921588,0.13333333333333333,0.5250836120401338,0.25752508361204013,0.1433342293795888,0.9153298673969263,True,0.33559795108834545,0.2,0.5652173913043478,0.23411371237458195,0.4927055597940453,0.46301144925546894,0.7929226736566186,763,0.6089158532301083,0.854679802955665,406,0.14863396299460677,0.5879194630872483,745
93,both_fail,lewm,1,29,300,1.0,9.706666666666667,44.18400289432508,0.0,0.0,factor,0.04917227104306221,1.3182324019625908,0.26569584106490074,predictor_raw,1.4240007912864192,True,0.2713403482260914,0.03333333333333333,1.0,0.19063545150501673,0.6855648343629819,0.6106359805491818,True,-0.24087067634084824,0.0,0.8795986622073578,0.9732441471571907,2.053742294621895,0.03540845186436295,True,0.36346537183746486,0.1,0.7759197324414716,0.7591973244147158,0.04043665673885724,0.6126192533885867,True,-0.20981477571973023,0.0,0.8795986622073578,0.9698996655518395,2.0931094766452207,0.9153298673969263,True,0.3281800908898988,0.16666666666666666,0.8260869565217391,0.8494983277591973,1.7151438444495304,0.03983881558847537,0.7850589777195282,763,-0.1756577003470772,0.5049261083743842,406,0.4250958995248008,0.6885906040268457,745
93,both_fail,lewm,1,29,300,1.0,9.706666666666667,44.18400289432508,0.0,0.0,factor,0.04917227104306221,1.3182324019625908,0.26569584106490074,encoder_factor_head_diagnostic_only,1.4240007912864192,True,0.5545563839598218,0.03333333333333333,0.9464882943143813,0.4080267558528428,1.2335627391861799,0.6106359805491818,True,-0.22215891287680975,0.0,0.8294314381270903,0.38127090301003347,0.20277142426682923,0.03540845186436295,True,0.11981466460738453,0.1,0.9264214046822743,0.7391304347826086,0.03600559719323163,0.6126192533885867,True,-0.1985999844442716,0.0,0.8294314381270903,0.40468227424749165,0.23770754674452932,0.9153298673969263,True,0.8959823998044423,0.43333333333333335,0.0802675585284281,0.1705685618729097,0.40773981937203674,0.6543092346174149,0.8781127129750983,763,0.46209044807536953,0.7586206896551724,406,0.04017308838613271,0.49261744966442955,745
93,both_fail,lewm,1,29,300,1.0,9.706666666666667,44.18400289432508,0.0,0.0,lewm,0.10367078334093094,2.3132902422224944,0.3519981333125924,encoder_raw,1.4240007912864192,True,-0.4678576428626985,0.0,0.9832775919732442,0.5250836120401338,1.5034815354005455,0.6106359805491818,True,0.765364504050045,0.1,0.5183946488294314,0.12374581939799331,0.04087120346046412,0.03540845186436295,True,0.18060334003711154,0.06666666666666667,0.44816053511705684,0.46488294314381273,0.011093944263005294,0.6126192533885867,True,0.7709245658285092,0.1,0.5183946488294314,0.10702341137123746,0.050895673007937875,0.9153298673969263,True,0.02846476071956355,0.03333333333333333,0.7023411371237458,0.23076923076923078,0.49084674184981103,0.4408265710652958,0.8296199213630406,763,0.7480009920847196,0.9507389162561576,406,-0.08956127880596497,0.43087248322147653,745
93,both_fail,lewm,1,29,300,1.0,9.706666666666667,44.18400289432508,0.0,0.0,lewm,0.10367078334093094,2.3132902422224944,0.3519981333125924,predictor_raw,1.4240007912864192,True,-0.08249602773364148,0.0,0.9832775919732442,0.3277591973244147,1.0405567591858522,0.6106359805491818,True,0.27548039422660253,0.03333333333333333,0.4214046822742475,0.4983277591973244,0.30625589086760063,0.03540845186436295,True,0.5939923776930854,0.2,0.3311036789297659,0.29431438127090304,0.004501657935485519,0.6126192533885867,True,0.3153617262414027,0.06666666666666667,0.4214046822742475,0.47491638795986624,0.3096880740875546,0.9153298673969263,True,0.18716519072434137,0.23333333333333334,0.7725752508361204,0.08695652173913043,0.2867143667147345,0.16715727942492334,0.6671035386631717,763,0.23929421283334804,0.6108374384236454,406,0.5424465144841776,0.7449664429530202,745
93,both_fail,lewm,1,29,300,1.0,9.706666666666667,44.18400289432508,0.0,0.0,ald_tf,0.07083244621753693,1.580541801530738,0.22920076889743218,encoder_raw,1.4240007912864192,True,-0.4678576428626985,0.0,0.9832775919732442,0.5250836120401338,1.5034815354005455,0.6106359805491818,True,0.765364504050045,0.1,0.5183946488294314,0.12374581939799331,0.04087120346046412,0.03540845186436295,True,0.18060334003711154,0.06666666666666667,0.44816053511705684,0.46488294314381273,0.011093944263005294,0.6126192533885867,True,0.7709245658285092,0.1,0.5183946488294314,0.10702341137123746,0.050895673007937875,0.9153298673969263,True,0.02846476071956355,0.03333333333333333,0.7023411371237458,0.23076923076923078,0.49084674184981103,0.4408265710652958,0.8296199213630406,763,0.7480009920847196,0.9507389162561576,406,-0.08956127880596497,0.43087248322147653,745
93,both_fail,lewm,1,29,300,1.0,9.706666666666667,44.18400289432508,0.0,0.0,ald_tf,0.07083244621753693,1.580541801530738,0.22920076889743218,predictor_raw,1.4240007912864192,True,0.025186502072245247,0.0,0.9966555183946488,0.451505016722408,1.3392712613606053,0.6106359805491818,True,-0.034704830053667264,0.0,0.7491638795986622,0.7190635451505016,0.6376563469155685,0.03540845186436295,True,0.27635418171313014,0.06666666666666667,0.8461538461538461,0.9130434782608695,0.08330812174833406,0.6126192533885867,True,-0.010789897665529617,0.0,0.7491638795986622,0.7391304347826086,0.7198949939483711,0.9153298673969263,True,0.1993595484394271,0.1,0.822742474916388,0.5785953177257525,0.995635788750304,-0.07570073881178194,0.6972477064220184,763,-0.11972305364477359,0.4876847290640394,406,0.3002457369945606,0.6496644295302013,745
93,both_fail,ald_tf,0,0,300,0.2866666666666667,1.3966666666666667,1.6057346360975653,0.0,0.0,factor,0.037250716239213943,0.3310955588605247,0.9578421362106654,encoder_raw,21.70900900243383,True,0.8787419715155753,0.5,0.026755852842809364,0.12709030100334448,3.6682180846858192,0.0,False,nan,nan,nan,nan,nan,0.0,False,nan,nan,nan,nan,nan,0.0,False,nan,nan,nan,nan,nan,21.71690254567626,True,0.88442200047997,0.5333333333333333,0.12374581939799331,0.12040133779264214,4.903308604684531,0.8699523308625594,0.9064286710361177,21513,nan,nan,0,nan,nan,0
93,both_fail,ald_tf,0,0,300,0.2866666666666667,1.3966666666666667,1.6057346360975653,0.0,0.0,factor,0.037250716239213943,0.3310955588605247,0.9578421362106654,predictor_raw,21.70900900243383,True,0.894989499883332,0.5333333333333333,0.023411371237458192,0.06688963210702341,2.540035360537635,0.0,False,nan,nan,nan,nan,nan,0.0,False,nan,nan,nan,nan,nan,0.0,False,nan,nan,nan,nan,nan,21.71690254567626,True,0.89922688029867,0.5,0.2140468227424749,0.07023411371237458,3.862117849419706,0.8903106032231112,0.9210244968158787,21513,nan,nan,0,nan,nan,0
93,both_fail,ald_tf,0,0,300,0.2866666666666667,1.3966666666666667,1.6057346360975653,0.0,0.0,factor,0.037250716239213943,0.3310955588605247,0.9578421362106654,encoder_factor_head_diagnostic_only,21.70900900243383,True,0.9313949666435575,0.8333333333333334,0.006688963210702341,0.016722408026755852,0.6749795699668022,0.0,False,nan,nan,nan,nan,nan,0.0,False,nan,nan,nan,nan,nan,0.0,False,nan,nan,nan,nan,nan,21.71690254567626,True,0.934613553422826,0.9,0.010033444816053512,0.023411371237458192,1.8775786769990463,0.9232998393206632,0.9142843861850973,21513,nan,nan,0,nan,nan,0
93,both_fail,ald_tf,0,0,300,0.2866666666666667,1.3966666666666667,1.6057346360975653,0.0,0.0,lewm,0.059723082929849625,0.521407244024668,0.8919725566087024,encoder_raw,21.70900900243383,True,0.824369789249264,0.43333333333333335,0.05016722408026756,0.31438127090301005,10.905701040170337,0.0,False,nan,nan,nan,nan,nan,0.0,False,nan,nan,nan,nan,nan,0.0,False,nan,nan,nan,nan,nan,21.71690254567626,True,0.8268007856435483,0.43333333333333335,0.0903010033444816,0.2508361204013378,10.872046912208027,0.8255149988848063,0.8902059220006507,21513,nan,nan,0,nan,nan,0
93,both_fail,ald_tf,0,0,300,0.2866666666666667,1.3966666666666667,1.6057346360975653,0.0,0.0,lewm,0.059723082929849625,0.521407244024668,0.8919725566087024,predictor_raw,21.70900900243383,True,0.8890698785542062,0.6,0.0,0.0,0.0,0.0,False,nan,nan,nan,nan,nan,0.0,False,nan,nan,nan,nan,nan,0.0,False,nan,nan,nan,nan,nan,21.71690254567626,True,0.8885200946677185,0.6,0.010033444816053512,0.0033444816053511705,1.1758582583978634,0.8914968113315485,0.914563287314647,21513,nan,nan,0,nan,nan,0
93,both_fail,ald_tf,0,0,300,0.2866666666666667,1.3966666666666667,1.6057346360975653,0.0,0.0,ald_tf,0.03646474331617355,0.3183523084179281,0.9394648790729977,encoder_raw,21.70900900243383,True,0.824369789249264,0.43333333333333335,0.05016722408026756,0.31438127090301005,10.905701040170337,0.0,False,nan,nan,nan,nan,nan,0.0,False,nan,nan,nan,nan,nan,0.0,False,nan,nan,nan,nan,nan,21.71690254567626,True,0.8268007856435483,0.43333333333333335,0.0903010033444816,0.2508361204013378,10.872046912208027,0.8255149988848063,0.8902059220006507,21513,nan,nan,0,nan,nan,0
93,both_fail,ald_tf,0,0,300,0.2866666666666667,1.3966666666666667,1.6057346360975653,0.0,0.0,ald_tf,0.03646474331617355,0.3183523084179281,0.9394648790729977,predictor_raw,21.70900900243383,True,0.8424720274669718,0.3333333333333333,0.016722408026755852,0.06688963210702341,2.540035360537635,0.0,False,nan,nan,nan,nan,nan,0.0,False,nan,nan,nan,nan,nan,0.0,False,nan,nan,nan,nan,nan,21.71690254567626,True,0.8448493872154135,0.3333333333333333,0.16387959866220736,0.07023411371237458,3.862117849419706,0.8462946617126602,0.8987588899735044,21513,nan,nan,0,nan,nan,0
93,both_fail,ald_tf,0,3,300,0.86,7.1,13.13373796355405,0.0,0.0,factor,0.14049184322357178,0.5251234436497993,0.8835991511016789,encoder_raw,13.07078945111236,True,0.6867356303958932,0.16666666666666666,0.0802675585284281,0.28762541806020064,4.054495824073128,1.3521452971627692,True,-0.060647447639153466,0.13333333333333333,0.7190635451505016,0.010033444816053512,0.13098946109610732,1.1627934461843081,True,0.32372869462135445,0.06666666666666667,0.3076923076923077,0.1505016722408027,0.017153709169743174,0.8095952055633227,True,0.3727120075573719,0.13333333333333333,0.29431438127090304,0.006688963210702341,0.07706261918358012,14.45841331501499,True,0.7055740619340215,0.13333333333333333,0.15384615384615385,0.026755852842809364,1.630829434224363,0.6704789388583237,0.8251382913337431,3254,0.04371006286487294,0.5898876404494382,712,0.2611605685894334,0.4746268656716418,335
93,both_fail,ald_tf,0,3,300,0.86,7.1,13.13373796355405,0.0,0.0,factor,0.14049184322357178,0.5251234436497993,0.8835991511016789,predictor_raw,13.07078945111236,True,0.6415546839409326,0.06666666666666667,0.14381270903010032,0.03678929765886288,0.47528707161020173,1.3521452971627692,True,-0.10028271855347268,0.03333333333333333,0.4983277591973244,0.5986622073578596,4.425035829934694,1.1627934461843081,True,0.20856183165102518,0.06666666666666667,0.3177257525083612,0.11705685618729098,0.012211797526617529,0.8095952055633227,True,0.20542282287274305,0.03333333333333333,0.13712374581939799,0.25418060200668896,4.366167076379041,14.45841331501499,True,0.6354826164735163,0.1,0.5150501672240803,0.07023411371237458,2.340725138956898,0.6282224421308203,0.800860479409957,3254,-0.07182128330783252,0.5168539325842697,712,0.07579632114096044,0.36716417910447763,335
93,both_fail,ald_tf,0,3,300,0.86,7.1,13.13373796355405,0.0,0.0,factor,0.14049184322357178,0.5251234436497993,0.8835991511016789,encoder_factor_head_diagnostic_only,13.07078945111236,True,0.949717219080212,0.7,0.006688963210702341,0.1705685618729097,2.246799787133245,1.3521452971627692,True,-0.006972311288893784,0.2,0.26421404682274247,0.030100334448160536,0.6246732752034411,1.1627934461843081,True,0.33696834202477666,0.26666666666666666,0.09364548494983277,0.4682274247491639,0.17898027047217413,0.8095952055633227,True,0.4692499905571134,0.23333333333333334,0.06020066889632107,0.026755852842809364,0.7325729945933448,14.45841331501499,True,0.9730521450238336,0.6333333333333333,0.016722408026755852,0.010033444816053512,0.4786437726942445,0.9599445432900386,0.978180700676091,3254,0.2974826583386852,0.7317415730337079,712,0.5462870198427036,0.6119402985074627,335
93,both_fail,ald_tf,0,3,300,0.86,7.1,13.13373796355405,0.0,0.0,lewm,0.21897219121456146,0.7410797199394709,0.687675196391071,encoder_raw,13.07078945111236,True,0.6290514339048212,0.13333333333333333,0.043478260869565216,0.28762541806020064,4.054495824073128,1.3521452971627692,True,0.22469659490624455,0.2,0.4080267558528428,0.010033444816053512,0.13098946109610732,1.1627934461843081,True,0.010527006186403976,0.03333333333333333,0.3010033444816054,0.1505016722408027,0.017153709169743174,0.8095952055633227,True,0.24625530541524587,0.23333333333333334,0.1939799331103679,0.006688963210702341,0.07706261918358012,14.45841331501499,True,0.6537801531128123,0.2,0.030100334448160536,0.026755852842809364,1.630829434224363,0.6492863963828871,0.8466502765826674,3254,0.2817914833134249,0.7542134831460674,712,-0.042656688031249466,0.35522388059701493,335
93,both_fail,ald_tf,0,3,300,0.86,7.1,13.13373796355405,0.0,0.0,lewm,0.21897219121456146,0.7410797199394709,0.687675196391071,predictor_raw,13.07078945111236,True,0.7655836175957511,0.4,0.043478260869565216,0.10702341137123746,1.206479852749514,1.3521452971627692,True,0.17098296085864736,0.03333333333333333,0.42474916387959866,0.3979933110367893,3.9328871957893368,1.1627934461843081,True,-0.11572608096691388,0.1,0.11036789297658862,0.7023411371237458,0.8385477317446812,0.8095952055633227,True,0.06117417624954576,0.06666666666666667,0.5016722408026756,0.6387959866220736,4.700354376451747,14.45841331501499,True,0.732682807586751,0.3,0.3979933110367893,0.15719063545150502,3.4061052201689166,0.8126084100710361,0.8921327596803934,3254,0.17781501773287747,0.5870786516853933,712,-0.3554867082366054,0.29253731343283584,335
93,both_fail,ald_tf,0,3,300,0.86,7.1,13.13373796355405,0.0,0.0,ald_tf,0.09631168842315674,0.3259529837448337,0.8009497883309814,encoder_raw,13.07078945111236,True,0.6290514339048212,0.13333333333333333,0.043478260869565216,0.28762541806020064,4.054495824073128,1.3521452971627692,True,0.22469659490624455,0.2,0.4080267558528428,0.010033444816053512,0.13098946109610732,1.1627934461843081,True,0.010527006186403976,0.03333333333333333,0.3010033444816054,0.1505016722408027,0.017153709169743174,0.8095952055633227,True,0.24625530541524587,0.23333333333333334,0.1939799331103679,0.006688963210702341,0.07706261918358012,14.45841331501499,True,0.6537801531128123,0.2,0.030100334448160536,0.026755852842809364,1.630829434224363,0.6492863963828871,0.8466502765826674,3254,0.2817914833134249,0.7542134831460674,712,-0.042656688031249466,0.35522388059701493,335
93,both_fail,ald_tf,0,3,300,0.86,7.1,13.13373796355405,0.0,0.0,ald_tf,0.09631168842315674,0.3259529837448337,0.8009497883309814,predictor_raw,13.07078945111236,True,0.5241084900943344,0.13333333333333333,0.29431438127090304,0.1705685618729097,2.246799787133245,1.3521452971627692,True,0.24584473748699331,0.13333333333333333,0.04013377926421405,0.030100334448160536,0.6246732752034411,1.1627934461843081,True,-0.21208292451213098,0.0,0.1806020066889632,0.4682274247491639,0.17898027047217413,0.8095952055633227,True,-0.007404242101218016,0.13333333333333333,0.11705685618729098,0.026755852842809364,0.7325729945933448,14.45841331501499,True,0.5106798964432938,0.16666666666666666,0.6755852842809364,0.010033444816053512,0.4786437726942445,0.5939200632947946,0.8279041180086048,3254,0.19915395957146473,0.5828651685393258,712,-0.3024044585890274,0.2507462686567164,335
93,both_fail,ald_tf,0,9,300,0.9633333333333334,9.12,25.726736475912535,0.02,0.01,factor,0.23795297741889954,0.6895550300077001,0.5801286680963121,encoder_raw,6.023443595667947,True,0.3872367470749675,0.23333333333333334,0.1505016722408027,0.0802675585284281,0.3875088104210379,2.915205653618605,True,0.44207705176058915,0.5666666666666667,0.07692307692307693,0.10367892976588629,0.4350749220978562,0.696652465156509,True,0.3811117729769063,0.1,0.6923076923076923,0.25752508361204013,0.03018324455731947,2.9336370435487917,True,0.5954731725573819,0.6,0.1605351170568562,0.0802675585284281,0.40631238636122347,7.100830008164847,True,0.6513183479816442,0.6333333333333333,0.04013377926421405,0.0033444816053511705,0.31438778913323495,0.5292748530351138,0.8245787908820614,1009,0.44610141482722426,0.8268330733229329,641,0.5620177340294931,0.7867803837953091,469
93,both_fail,ald_tf,0,9,300,0.9633333333333334,9.12,25.726736475912535,0.02,0.01,factor,0.23795297741889954,0.6895550300077001,0.5801286680963121,predictor_raw,6.023443595667947,True,0.3542674918610207,0.1,0.2842809364548495,0.3277591973244147,1.9207009226480742,2.915205653618605,True,0.14214949869131324,0.16666666666666666,0.1806020066889632,0.5785953177257525,3.1806195863867224,0.696652465156509,True,0.12235768386531722,0.16666666666666666,0.6822742474916388,0.14715719063545152,0.017654037720299495,2.9336370435487917,True,0.17989306291820706,0.1,0.47491638795986624,0.4782608695652174,3.13932784381307,7.100830008164847,True,0.420134890387671,0.16666666666666666,0.5886287625418061,0.30434782608695654,4.5805953588121175,0.38775873151101686,0.7670961347869177,1009,0.07419105803612074,0.5179407176287052,641,0.2324131761736076,0.6311300639658849,469
93,both_fail,ald_tf,0,9,300,0.9633333333333334,9.12,25.726736475912535,0.02,0.01,factor,0.23795297741889954,0.6895550300077001,0.5801286680963121,encoder_factor_head_diagnostic_only,6.023443595667947,True,0.8135650396115512,0.36666666666666664,0.07692307692307693,0.16722408026755853,0.8700498813499947,2.915205653618605,True,0.5624137748800315,0.36666666666666664,0.22073578595317725,0.08695652173913043,0.3469740120040206,0.696652465156509,True,0.012456887359716833,0.1,0.8729096989966555,0.12709030100334448,0.012663066724872607,2.9336370435487917,True,0.5207549603319566,0.3333333333333333,0.29431438127090304,0.06354515050167224,0.300691298434941,7.100830008164847,True,0.9697285525394727,0.8,0.023411371237458192,0.013377926421404682,0.6913077721359093,0.9150734427790419,0.9494549058473737,1009,0.7802277169142278,0.9001560062402496,641,0.5143156745630548,0.7697228144989339,469
93,both_fail,ald_tf,0,9,300,0.9633333333333334,9.12,25.726736475912535,0.02,0.01,lewm,0.2776702642440796,0.8041149117305416,0.4970913010144557,encoder_raw,6.023443595667947,True,0.47788753208368984,0.2,0.1806020066889632,0.16722408026755853,0.8700498813499947,2.915205653618605,True,0.5904467716171801,0.5666666666666667,0.05351170568561873,0.08695652173913043,0.3469740120040206,0.696652465156509,True,0.19025165344896527,0.13333333333333333,0.8561872909698997,0.12709030100334448,0.012663066724872607,2.9336370435487917,True,0.6514582742666141,0.6,0.11036789297658862,0.06354515050167224,0.300691298434941,7.100830008164847,True,0.7438051533905933,0.6,0.013377926421404682,0.013377926421404682,0.6913077721359093,0.567888253499628,0.817641228939544,1009,0.6061781522880189,0.9001560062402496,641,0.40504364007368443,0.6908315565031983,469
93,both_fail,ald_tf,0,9,300,0.9633333333333334,9.12,25.726736475912535,0.02,0.01,lewm,0.2776702642440796,0.8041149117305416,0.4970913010144557,predictor_raw,6.023443595667947,True,0.7298489983222036,0.3333333333333333,0.20066889632107024,0.3277591973244147,1.9207009226480742,2.915205653618605,True,0.18508835875250007,0.06666666666666667,0.5785953177257525,0.5785953177257525,3.1806195863867224,0.696652465156509,True,-0.1861488409032934,0.13333333333333333,0.7123745819397993,0.14715719063545152,0.017654037720299495,2.9336370435487917,True,0.11006746909845348,0.1,0.6521739130434783,0.4782608695652174,3.13932784381307,7.100830008164847,True,0.6609100101112234,0.23333333333333334,0.026755852842809364,0.30434782608695654,4.5805953588121175,0.7080852443279052,0.7908820614469773,1009,0.09321857707583195,0.5397815912636506,641,-0.0013519317255015779,0.5031982942430704,469
93,both_fail,ald_tf,0,9,300,0.9633333333333334,9.12,25.726736475912535,0.02,0.01,ald_tf,0.19527262449264526,0.56549673993636,0.569310770119668,encoder_raw,6.023443595667947,True,0.47788753208368984,0.2,0.1806020066889632,0.16722408026755853,0.8700498813499947,2.915205653618605,True,0.5904467716171801,0.5666666666666667,0.05351170568561873,0.08695652173913043,0.3469740120040206,0.696652465156509,True,0.19025165344896527,0.13333333333333333,0.8561872909698997,0.12709030100334448,0.012663066724872607,2.9336370435487917,True,0.6514582742666141,0.6,0.11036789297658862,0.06354515050167224,0.300691298434941,7.100830008164847,True,0.7438051533905933,0.6,0.013377926421404682,0.013377926421404682,0.6913077721359093,0.567888253499628,0.817641228939544,1009,0.6061781522880189,0.9001560062402496,641,0.40504364007368443,0.6908315565031983,469
93,both_fail,ald_tf,0,9,300,0.9633333333333334,9.12,25.726736475912535,0.02,0.01,ald_tf,0.19527262449264526,0.56549673993636,0.569310770119668,predictor_raw,6.023443595667947,True,0.7049304992277692,0.4,0.1505016722408027,0.05351170568561873,0.2634159054335063,2.915205653618605,True,0.2863986275923279,0.13333333333333333,0.5217391304347826,0.24414715719063546,1.1120897960581722,0.696652465156509,True,-0.296060748915084,0.1,0.8528428093645485,0.4882943143812709,0.16534698856719396,2.9336370435487917,True,0.11917623741293726,0.1,0.25752508361204013,0.1939799331103679,1.2184910043314139,7.100830008164847,True,0.6435858176201957,0.3,0.24749163879598662,0.016722408026755852,1.0024735021158937,0.6680403293853993,0.77998017839445,1009,0.25754965684026926,0.6661466458658346,641,-0.1887751291236291,0.43283582089552236,469
93,both_fail,ald_tf,0,19,300,0.9866666666666667,10.036666666666667,39.36250375001156,0.07333333333333333,0.043333333333333335,factor,0.3210614025592804,0.9880390140771054,0.6022418026866965,encoder_raw,2.7533930356139686,True,-0.043371593017700195,0.03333333333333333,0.9063545150501672,0.24749163879598662,0.5656107088299038,3.2053170670474325,True,0.7972975225257676,0.36666666666666664,0.07357859531772576,0.07357859531772576,0.07977796960524994,0.6451927242885888,True,0.5341307504872802,0.23333333333333334,0.056856187290969896,0.22073578595317725,0.030845962337805555,4.545202716163686,True,0.8925257975380765,0.4666666666666667,0.14715719063545152,0.023411371237458192,0.07918091735166466,5.155028752357566,True,0.8481338681540906,0.5333333333333333,0.0033444816053511705,0.0033444816053511705,0.18690649382516222,0.32887325120469807,0.8140992167101828,1915,0.8186657922933818,0.9215922798552473,829,0.592290107564232,0.7584158415841584,505
93,both_fail,ald_tf,0,19,300,0.9866666666666667,10.036666666666667,39.36250375001156,0.07333333333333333,0.043333333333333335,factor,0.3210614025592804,0.9880390140771054,0.6022418026866965,predictor_raw,2.7533930356139686,True,-0.2540197113301259,0.0,0.745819397993311,0.36454849498327757,0.9771471119779883,3.2053170670474325,True,0.5737199010213667,0.3333333333333333,0.056856187290969896,0.013377926421404682,0.01835277689167227,0.6451927242885888,True,0.21040568273625224,0.13333333333333333,0.5986622073578596,0.6321070234113713,0.19947069041686583,4.545202716163686,True,0.5839622484278413,0.3,0.05351170568561873,0.09698996655518395,0.18638045271714726,5.155028752357566,True,0.38013489038767095,0.06666666666666667,0.38127090301003347,0.056856187290969896,0.7056424323387293,-0.1924138630328814,0.4433420365535248,1915,0.5440765416721451,0.7599517490952955,829,0.014257508593119798,0.48118811881188117,505
93,both_fail,ald_tf,0,19,300,0.9866666666666667,10.036666666666667,39.36250375001156,0.07333333333333333,0.043333333333333335,factor,0.3210614025592804,0.9880390140771054,0.6022418026866965,encoder_factor_head_diagnostic_only,2.7533930356139686,True,0.37244502716696853,0.1,0.7926421404682275,0.24414715719063546,0.5646116600048615,3.2053170670474325,True,0.7243852980429788,0.23333333333333334,0.26755852842809363,0.12374581939799331,0.14190967825381653,0.6451927242885888,True,0.3203003592268105,0.23333333333333334,0.21070234113712374,0.27759197324414714,0.04431942521161168,4.545202716163686,True,0.7418890675335057,0.3333333333333333,0.49498327759197325,0.07692307692307693,0.15478608887403741,5.155028752357566,True,0.9788766541850465,0.8,0.0033444816053511705,0.016722408026755852,0.2615126165224926,0.7948032599250404,0.951958224543081,1915,0.8638148044105497,0.9746682750301568,829,0.5170037908976476,0.7980198019801981,505
93,both_fail,ald_tf,0,19,300,0.9866666666666667,10.036666666666667,39.36250375001156,0.07333333333333333,0.043333333333333335,lewm,0.3267427086830139,1.0585008491242773,0.26768208535650395,encoder_raw,2.7533930356139686,True,0.0022204691163235147,0.03333333333333333,0.9264214046822743,0.24749163879598662,0.5656107088299038,3.2053170670474325,True,0.8399462660104364,0.5,0.056856187290969896,0.07357859531772576,0.07977796960524994,0.6451927242885888,True,0.47051019512489756,0.16666666666666666,0.11705685618729098,0.22073578595317725,0.030845962337805555,4.545202716163686,True,0.8999212212599266,0.5,0.09698996655518395,0.023411371237458192,0.07918091735166466,5.155028752357566,True,0.866217180190891,0.6,0.006688963210702341,0.0033444816053511705,0.18690649382516222,0.41817362611003844,0.8323759791122716,1915,0.8631202565118945,0.9541616405307599,829,0.5448365015501221,0.6752475247524753,505
93,both_fail,ald_tf,0,19,300,0.9866666666666667,10.036666666666667,39.36250375001156,0.07333333333333333,0.043333333333333335,lewm,0.3267427086830139,1.0585008491242773,0.26768208535650395,predictor_raw,2.7533930356139686,True,0.40119867998533315,0.23333333333333334,0.30434782608695654,0.44481605351170567,1.277206406910105,3.2053170670474325,True,0.07102642365633298,0.03333333333333333,0.3076923076923077,0.5551839464882943,1.9628704677130029,0.6451927242885888,True,-0.11767410490579927,0.1,0.08695652173913043,0.6521739130434783,0.23474417313622453,4.545202716163686,True,-0.012555931239167342,0.03333333333333333,0.22408026755852842,0.5317725752508361,2.1661716262578365,5.155028752357566,True,0.28686274291936575,0.03333333333333333,0.2508361204013378,0.36789297658862874,2.985492900811535,0.3999317989123591,0.7112271540469974,1915,0.15610520828496577,0.5102533172496985,829,-0.04787149915249563,0.500990099009901,505
93,both_fail,ald_tf,0,19,300,0.9866666666666667,10.036666666666667,39.36250375001156,0.07333333333333333,0.043333333333333335,ald_tf,0.32222601771354675,1.0438687820593895,0.502969588550984,encoder_raw,2.7533930356139686,True,0.0022204691163235147,0.03333333333333333,0.9264214046822743,0.24749163879598662,0.5656107088299038,3.2053170670474325,True,0.8399462660104364,0.5,0.056856187290969896,0.07357859531772576,0.07977796960524994,0.6451927242885888,True,0.47051019512489756,0.16666666666666666,0.11705685618729098,0.22073578595317725,0.030845962337805555,4.545202716163686,True,0.8999212212599266,0.5,0.09698996655518395,0.023411371237458192,0.07918091735166466,5.155028752357566,True,0.866217180190891,0.6,0.006688963210702341,0.0033444816053511705,0.18690649382516222,0.41817362611003844,0.8323759791122716,1915,0.8631202565118945,0.9541616405307599,829,0.5448365015501221,0.6752475247524753,505
93,both_fail,ald_tf,0,19,300,0.9866666666666667,10.036666666666667,39.36250375001156,0.07333333333333333,0.043333333333333335,ald_tf,0.32222601771354675,1.0438687820593895,0.502969588550984,predictor_raw,2.7533930356139686,True,0.3711885687618751,0.03333333333333333,0.5284280936454849,0.020066889632107024,0.03764993845238249,3.2053170670474325,True,0.30876155153026486,0.06666666666666667,0.33444816053511706,0.5418060200668896,1.8837631698576591,0.6451927242885888,True,-0.01040590496106706,0.06666666666666667,0.0903010033444816,0.5886287625418061,0.17434200383406973,4.545202716163686,True,0.23214505955087117,0.13333333333333333,0.23411371237458195,0.5150501672240803,2.0266621591003378,5.155028752357566,True,0.4940908232313692,0.26666666666666666,0.12374581939799331,0.20066889632107024,1.606426965196314,0.4371210354911878,0.762402088772846,1915,0.3898408837926386,0.6622436670687576,829,0.002366324874901215,0.5881188118811881,505
93,both_fail,ald_tf,0,29,300,1.0,10.963333333333333,46.622567414090156,0.05,0.006666666666666667,factor,0.22489863634109497,0.9049663959986634,0.7281267569639662,encoder_raw,1.3601753516176678,True,-0.38412782364248493,0.0,0.7491638795986622,0.5819397993311036,1.1150658787806564,2.4375705695920398,True,0.826694518827987,0.4,0.35785953177257523,0.09698996655518395,0.06863513417621697,0.24556054751930576,True,0.39379459771775244,0.1,0.7324414715719063,0.09364548494983277,0.010752848472648732,3.4744813403983463,True,0.8878805320059112,0.43333333333333335,0.0033444816053511705,0.010033444816053512,0.03760375629046511,3.6482675124683297,True,0.8479156435071501,0.3,0.05016722408026756,0.030100334448160536,0.21362494599119675,0.20024578099441606,0.6955380577427821,762,0.8150480639272101,0.865979381443299,291,0.43456883515629346,0.7144808743169399,732
93,both_fail,ald_tf,0,29,300,1.0,10.963333333333333,46.622567414090156,0.05,0.006666666666666667,factor,0.22489863634109497,0.9049663959986634,0.7281267569639662,predictor_raw,1.3601753516176678,True,-0.6461707352303915,0.0,0.882943143812709,0.6622073578595318,1.3156420549669101,2.4375705695920398,True,0.7564372937477083,0.3,0.35451505016722407,0.8193979933110368,3.1820814670166855,0.24556054751930576,True,0.14337981533128147,0.13333333333333333,0.8093645484949833,0.6187290969899666,0.18335948233073837,3.4744813403983463,True,0.7455918399093323,0.26666666666666666,0.020066889632107024,0.7224080267558528,3.3236567229890235,3.6482675124683297,True,0.4602002244469383,0.03333333333333333,0.43812709030100333,0.705685618729097,3.700254088876009,-0.4445191403154218,0.4120734908136483,762,0.6409390717207981,0.8006872852233677,291,-0.08977268224540663,0.37841530054644806,732
93,both_fail,ald_tf,0,29,300,1.0,10.963333333333333,46.622567414090156,0.05,0.006666666666666667,factor,0.22489863634109497,0.9049663959986634,0.7281267569639662,encoder_factor_head_diagnostic_only,1.3601753516176678,True,-0.08139157101745575,0.0,0.6789297658862876,0.47491638795986624,0.8063775467716973,2.4375705695920398,True,0.7506794519939111,0.23333333333333334,0.3511705685618729,0.13377926421404682,0.12154443305900839,0.24556054751930576,True,0.37824953610595674,0.03333333333333333,0.5284280936454849,0.22408026755852842,0.05290693560761981,3.4744813403983463,True,0.7940879343103813,0.23333333333333334,0.11036789297658862,0.09364548494983277,0.13266714230822763,3.6482675124683297,True,0.9751019455771731,0.6333333333333333,0.0,0.0,0.0,0.6721220952698744,0.9041994750656168,762,0.8686991094317671,0.979381443298969,291,0.531781884801713,0.7704918032786885,732
93,both_fail,ald_tf,0,29,300,1.0,10.963333333333333,46.622567414090156,0.05,0.006666666666666667,lewm,0.2549448013305664,1.1062307829481313,0.04598095534394826,encoder_raw,1.3601753516176678,True,-0.3929319214657941,0.0,0.7391304347826086,0.6120401337792643,1.1845478304445902,2.4375705695920398,True,0.880403560039556,0.5,0.17725752508361203,0.07023411371237458,0.041730894657978905,0.24556054751930576,True,0.3756148401648907,0.06666666666666667,0.6822742474916388,0.013377926421404682,5.3331700421684e-05,3.4744813403983463,True,0.9244178268647429,0.5,0.0,0.0,0.0,3.6482675124683297,True,0.8652682807586751,0.3,0.026755852842809364,0.04013377926421405,0.24550314136466533,0.2845106156728619,0.7296587926509186,762,0.8811853258211678,0.9725085910652921,291,0.46447085000659344,0.6516393442622951,732
93,both_fail,ald_tf,0,29,300,1.0,10.963333333333333,46.622567414090156,0.05,0.006666666666666667,lewm,0.2549448013305664,1.1062307829481313,0.04598095534394826,predictor_raw,1.3601753516176678,True,0.5292485472060801,0.03333333333333333,0.5652173913043478,0.29431438127090304,0.3899881134168183,2.4375705695920398,True,-0.16090978788653207,0.0,0.9498327759197325,0.7090301003344481,2.508506188213556,0.24556054751930576,True,-0.12527205857842866,0.03333333333333333,0.41471571906354515,0.6989966555183946,0.2437797933111483,3.4744813403983463,True,-0.1972030800342226,0.0,0.2040133779264214,0.6688963210702341,2.710501755166304,3.6482675124683297,True,0.25032278136423736,0.06666666666666667,0.3411371237458194,0.5752508361204013,2.1614451795031973,0.5254618468982089,0.7532808398950132,762,0.17157184199530987,0.5257731958762887,291,-0.022586650271641577,0.44672131147540983,732
93,both_fail,ald_tf,0,29,300,1.0,10.963333333333333,46.622567414090156,0.05,0.006666666666666667,ald_tf,0.2765989601612091,1.2001903261601743,0.3824251380570895,encoder_raw,1.3601753516176678,True,-0.3929319214657941,0.0,0.7391304347826086,0.6120401337792643,1.1845478304445902,2.4375705695920398,True,0.880403560039556,0.5,0.17725752508361203,0.07023411371237458,0.041730894657978905,0.24556054751930576,True,0.3756148401648907,0.06666666666666667,0.6822742474916388,0.013377926421404682,5.3331700421684e-05,3.4744813403983463,True,0.9244178268647429,0.5,0.0,0.0,0.0,3.6482675124683297,True,0.8652682807586751,0.3,0.026755852842809364,0.04013377926421405,0.24550314136466533,0.2845106156728619,0.7296587926509186,762,0.8811853258211678,0.9725085910652921,291,0.46447085000659344,0.6516393442622951,732
93,both_fail,ald_tf,0,29,300,1.0,10.963333333333333,46.622567414090156,0.05,0.006666666666666667,ald_tf,0.2765989601612091,1.2001903261601743,0.3824251380570895,predictor_raw,1.3601753516176678,True,0.298951321681352,0.0,0.7391304347826086,0.26421404682274247,0.33743648756184735,2.4375705695920398,True,0.21149701663351814,0.03333333333333333,0.8494983277591973,0.4882943143812709,1.1790436765123031,0.24556054751930576,True,-0.02992788808764542,0.03333333333333333,0.47157190635451507,0.431438127090301,0.10879754130730644,3.4744813403983463,True,0.15487460971788575,0.06666666666666667,0.033444816053511704,0.4782608695652174,1.246056991461209,3.6482675124683297,True,0.5463029589217658,0.36666666666666664,0.09364548494983277,0.1806020066889632,0.6444487899431317,0.4944247092779667,0.7887139107611548,762,0.4590033895660625,0.7079037800687286,291,-0.004896963159810239,0.569672131147541,732
93,both_fail,ald_tf,1,0,300,0.6433333333333333,3.8633333333333333,5.087620528267127,0.0,0.0,factor,0.06608939915895462,0.26732979982441957,0.897852075895524,encoder_raw,10.10493966226742,True,0.6233223283950226,0.4,0.023411371237458192,0.13712374581939799,1.1937500475897163,0.3443919002441156,True,0.4862006659006747,0.23333333333333334,0.7993311036789298,0.09364548494983277,0.025538470603507446,0.07043413127268801,True,0.3230514470957278,0.16666666666666666,0.3511705685618729,0.3377926421404682,0.10457194557887073,0.6311777299080366,True,0.5832723995447568,0.23333333333333334,0.7424749163879598,0.14715719063545152,0.11849734541893386,10.631568007143603,True,0.696490482837645,0.4666666666666667,0.023411371237458192,0.10033444816053512,1.2727181638609808,0.7058390833142056,0.7543307086614173,5715,0.6007985134404814,0.7556818181818182,176,0.2855194877131368,0.6331967213114754,976
93,both_fail,ald_tf,1,0,300,0.6433333333333333,3.8633333333333333,5.087620528267127,0.0,0.0,factor,0.06608939915895462,0.26732979982441957,0.897852075895524,predictor_raw,10.10493966226742,True,0.4482756475071945,0.16666666666666666,0.15384615384615385,0.13377926421404682,1.1832931776977742,0.3443919002441156,True,0.5527670942377876,0.1,0.8595317725752508,0.5618729096989966,0.05308221309400685,0.07043413127268801,True,0.3530362598895265,0.1,0.40468227424749165,0.31438127090301005,0.0943603367799613,0.6311777299080366,True,0.6588778954565947,0.13333333333333333,0.7591973244147158,0.1806020066889632,0.1358294791105238,10.631568007143603,True,0.5252658362870699,0.16666666666666666,0.15384615384615385,0.10702341137123746,1.2795934276606287,0.5216172318973368,0.7538057742782153,5715,0.6022210043897079,0.8295454545454546,176,0.30923207182414775,0.6055327868852459,976
93,both_fail,ald_tf,1,0,300,0.6433333333333333,3.8633333333333333,5.087620528267127,0.0,0.0,factor,0.06608939915895462,0.26732979982441957,0.897852075895524,encoder_factor_head_diagnostic_only,10.10493966226742,True,0.9489490937620582,0.6,0.0033444816053511705,0.023411371237458192,0.15046327368470933,0.3443919002441156,True,0.11724556137072038,0.13333333333333333,0.7959866220735786,0.4983277591973244,0.028591686194747612,0.07043413127268801,True,0.18685889092309685,0.13333333333333333,0.30434782608695654,0.3210702341137124,0.09753078613406216,0.6311777299080366,True,0.18304738440611787,0.23333333333333334,0.7491638795986622,0.14046822742474915,0.11450940156536549,10.631568007143603,True,0.9682113099269285,0.6333333333333333,0.0033444816053511705,0.013377926421404682,0.22544344610240574,0.9543142981837544,0.947856517935258,5715,0.31077253474117283,0.5454545454545454,176,0.18356783474006502,0.5102459016393442,976
93,both_fail,ald_tf,1,0,300,0.6433333333333333,3.8633333333333333,5.087620528267127,0.0,0.0,lewm,0.060673054307699203,0.2650273690878494,0.9343798191513096,encoder_raw,10.10493966226742,True,0.5633816557274733,0.4,0.023411371237458192,0.0903010033444816,0.8934691155457921,0.3443919002441156,True,0.5576572016121153,0.2,0.7959866220735786,0.28762541806020064,0.026160121743867504,0.07043413127268801,True,0.35557639368488103,0.1,0.3411371237458194,0.5652173913043478,0.1284357019715806,0.6311777299080366,True,0.6580418845297574,0.16666666666666666,0.68561872909699,0.36454849498327757,0.1429827529520037,10.631568007143603,True,0.6480948286197474,0.4666666666666667,0.023411371237458192,0.06354515050167224,0.9969226393501269,0.6719498164648887,0.8094488188976378,5715,0.6617571414900134,0.8465909090909091,176,0.33462696401295444,0.5973360655737705,976
93,both_fail,ald_tf,1,0,300,0.6433333333333333,3.8633333333333333,5.087620528267127,0.0,0.0,lewm,0.060673054307699203,0.2650273690878494,0.9343798191513096,predictor_raw,10.10493966226742,True,0.5684472049689441,0.3333333333333333,0.12374581939799331,0.13377926421404682,1.1832931776977742,0.3443919002441156,True,0.49212825669267607,0.23333333333333334,0.7892976588628763,0.5618729096989966,0.05308221309400685,0.07043413127268801,True,0.37044118245170393,0.06666666666666667,0.4180602006688963,0.31438127090301005,0.0943603367799613,0.6311777299080366,True,0.6148888664845011,0.23333333333333334,0.745819397993311,0.1806020066889632,0.1358294791105238,10.631568007143603,True,0.6398333314814609,0.36666666666666664,0.12374581939799331,0.10702341137123746,1.2795934276606287,0.6474971948778082,0.8276465441819773,5715,0.5800640437852517,0.8125,176,0.3473412258834514,0.610655737704918,976
93,both_fail,ald_tf,1,0,300,0.6433333333333333,3.8633333333333333,5.087620528267127,0.0,0.0,ald_tf,0.048793043941259384,0.2131340215700801,0.9345984882719297,encoder_raw,10.10493966226742,True,0.5633816557274733,0.4,0.023411371237458192,0.0903010033444816,0.8934691155457921,0.3443919002441156,True,0.5576572016121153,0.2,0.7959866220735786,0.28762541806020064,0.026160121743867504,0.07043413127268801,True,0.35557639368488103,0.1,0.3411371237458194,0.5652173913043478,0.1284357019715806,0.6311777299080366,True,0.6580418845297574,0.16666666666666666,0.68561872909699,0.36454849498327757,0.1429827529520037,10.631568007143603,True,0.6480948286197474,0.4666666666666667,0.023411371237458192,0.06354515050167224,0.9969226393501269,0.6719498164648887,0.8094488188976378,5715,0.6617571414900134,0.8465909090909091,176,0.33462696401295444,0.5973360655737705,976
93,both_fail,ald_tf,1,0,300,0.6433333333333333,3.8633333333333333,5.087620528267127,0.0,0.0,ald_tf,0.048793043941259384,0.2131340215700801,0.9345984882719297,predictor_raw,10.10493966226742,True,0.6045098278869765,0.5,0.08695652173913043,0.020066889632107024,0.14405919299451966,0.3443919002441156,True,0.47697912345112586,0.26666666666666666,0.7993311036789298,0.7692307692307693,0.47061338743374204,0.07043413127268801,True,0.3759198528646166,0.1,0.38461538461538464,0.2140468227424749,0.04525329599200755,0.6311777299080366,True,0.5890084717259282,0.23333333333333334,0.7558528428093646,0.705685618729097,0.5042536126623053,10.631568007143603,True,0.6697043300481117,0.5666666666666667,0.08695652173913043,0.043478260869565216,0.6087835765091558,0.6859139172445586,0.8255468066491689,5715,0.5809136835144529,0.8011363636363636,176,0.3640249500337691,0.5747950819672131,976
93,both_fail,ald_tf,1,3,300,0.45666666666666667,2.243333333333333,2.8375072349462833,0.0,0.0,factor,0.041600361466407776,0.19628637199966223,0.9105144402176125,encoder_raw,9.235149242586559,True,0.6871681559981994,0.43333333333333335,0.2608695652173913,0.03678929765886288,0.2265583845877602,0.04682960972047612,True,0.3733150934558657,0.23333333333333334,0.882943143812709,0.6789297658862876,0.025164690441915827,0.0527515122263192,True,0.32486657973040534,0.13333333333333333,0.8193979933110368,0.07023411371237458,0.006052985848555151,0.015352774471187214,True,0.4042276743320553,0.23333333333333334,0.3411371237458194,0.056856187290969896,0.02155109072494943,9.371327372214173,True,0.7251605823576509,0.43333333333333335,0.12040133779264214,0.016722408026755852,0.08309400156690461,0.6984601485040918,0.77408886669995,12018,0.46796827339580255,0.7619047619047619,105,0.024327176437681584,0.4645669291338583,508
93,both_fail,ald_tf,1,3,300,0.45666666666666667,2.243333333333333,2.8375072349462833,0.0,0.0,factor,0.041600361466407776,0.19628637199966223,0.9105144402176125,predictor_raw,9.235149242586559,True,0.5752641696018844,0.4666666666666667,0.3511705685618729,0.11705685618729098,0.7790061795571767,0.04682960972047612,True,0.3907132293189408,0.03333333333333333,0.8361204013377926,0.38127090301003347,0.02396215384569489,0.0527515122263192,True,0.21942153064839087,0.0,0.7759197324414716,0.5719063545150501,0.12848379619243755,0.015352774471187214,True,0.3656794304717687,0.0,0.46153846153846156,0.47157190635451507,0.14277936447261097,9.371327372214173,True,0.6110765675174169,0.4666666666666667,0.033444816053511704,0.11036789297658862,0.7567700702839826,0.5993122160571532,0.7657680146446996,12018,0.45686884680613615,0.6952380952380952,105,-0.08203495328457351,0.44291338582677164,508
93,both_fail,ald_tf,1,3,300,0.45666666666666667,2.243333333333333,2.8375072349462833,0.0,0.0,factor,0.041600361466407776,0.19628637199966223,0.9105144402176125,encoder_factor_head_diagnostic_only,9.235149242586559,True,0.9601703308003849,0.7,0.09364548494983277,0.026755852842809364,0.13963433228033356,0.04682960972047612,True,0.1104958273668934,0.13333333333333333,0.8127090301003345,0.7324414715719063,0.05148744813761019,0.0527515122263192,True,0.35846050480460806,0.16666666666666666,0.6822742474916388,0.1505016722408027,0.03394565759043982,0.015352774471187214,True,0.23142551780243023,0.16666666666666666,0.3010033444816054,0.13377926421404682,0.0757665201625286,9.371327372214173,True,0.9686713150892087,0.7333333333333333,0.04013377926421405,0.010033444816053512,0.05038537869705717,0.9573536575027496,0.9631386253952404,12018,0.26085864861313035,0.5428571428571428,105,-0.005133870853876508,0.5039370078740157,508
93,both_fail,ald_tf,1,3,300,0.45666666666666667,2.243333333333333,2.8375072349462833,0.0,0.0,lewm,0.04779499024152756,0.25515853042789344,0.9367351789170136,encoder_raw,9.235149242586559,True,0.7130666688592883,0.5333333333333333,0.2842809364548495,0.11705685618729098,0.7790061795571767,0.04682960972047612,True,0.4104775151409191,0.06666666666666667,0.8896321070234113,0.38127090301003347,0.02396215384569489,0.0527515122263192,True,0.303660290233818,0.03333333333333333,0.7959866220735786,0.5719063545150501,0.12848379619243755,0.015352774471187214,True,0.4219159121882321,0.06666666666666667,0.28762541806020064,0.47157190635451507,0.14277936447261097,9.371327372214173,True,0.7549075828517678,0.5333333333333333,0.05351170568561873,0.11036789297658862,0.7567700702839826,0.7476109653199494,0.8498918289232817,12018,0.5450208154412836,0.7714285714285715,105,-0.04262495820853101,0.4448818897637795,508
93,both_fail,ald_tf,1,3,300,0.45666666666666667,2.243333333333333,2.8375072349462833,0.0,0.0,lewm,0.04779499024152756,0.25515853042789344,0.9367351789170136,predictor_raw,9.235149242586559,True,0.7743392704363382,0.6,0.2140468227424749,0.010033444816053512,0.08887090741189126,0.04682960972047612,True,0.3409196835970182,0.1,0.8327759197324415,0.7558528428093646,0.07206837486644124,0.0527515122263192,True,0.31552209894574657,0.06666666666666667,0.8494983277591973,0.2140468227424749,0.05935066557689245,0.015352774471187214,True,0.36975480157316065,0.1,0.26755852842809363,0.17725752508361203,0.12175245487781217,9.371327372214173,True,0.80039778219758,0.6,0.006688963210702341,0.006688963210702341,0.04560788854389841,0.793956030372904,0.8857547012814112,12018,0.4908011402040621,0.6761904761904762,105,-0.03994134938181595,0.49803149606299213,508
93,both_fail,ald_tf,1,3,300,0.45666666666666667,2.243333333333333,2.8375072349462833,0.0,0.0,ald_tf,0.032963115721940994,0.17597702444192903,0.9397781019542611,encoder_raw,9.235149242586559,True,0.7130666688592883,0.5333333333333333,0.2842809364548495,0.11705685618729098,0.7790061795571767,0.04682960972047612,True,0.4104775151409191,0.06666666666666667,0.8896321070234113,0.38127090301003347,0.02396215384569489,0.0527515122263192,True,0.303660290233818,0.03333333333333333,0.7959866220735786,0.5719063545150501,0.12848379619243755,0.015352774471187214,True,0.4219159121882321,0.06666666666666667,0.28762541806020064,0.47157190635451507,0.14277936447261097,9.371327372214173,True,0.7549075828517678,0.5333333333333333,0.05351170568561873,0.11036789297658862,0.7567700702839826,0.7476109653199494,0.8498918289232817,12018,0.5450208154412836,0.7714285714285715,105,-0.04262495820853101,0.4448818897637795,508
93,both_fail,ald_tf,1,3,300,0.45666666666666667,2.243333333333333,2.8375072349462833,0.0,0.0,ald_tf,0.032963115721940994,0.17597702444192903,0.9397781019542611,predictor_raw,9.235149242586559,True,0.7826669185213169,0.6666666666666666,0.18729096989966554,0.07692307692307693,0.46821060841065704,0.04682960972047612,True,0.32528610992777707,0.13333333333333333,0.8929765886287625,0.38127090301003347,0.02396215384569489,0.0527515122263192,True,0.2949749916824682,0.1,0.8494983277591973,0.5719063545150501,0.12848379619243755,0.015352774471187214,True,0.3314083824869022,0.06666666666666667,0.42474916387959866,0.47157190635451507,0.14277936447261097,9.371327372214173,True,0.8041116012400138,0.6666666666666666,0.10702341137123746,0.06688963210702341,0.445974499137463,0.8028162754418418,0.8944083874188717,12018,0.4799934532570819,0.638095238095238,105,-0.08139393272182852,0.4251968503937008,508
93,both_fail,ald_tf,1,9,300,0.37,1.3433333333333333,1.2853946062722355,0.0,0.0,factor,0.02917381003499031,0.20495672589528624,0.9205652866580253,encoder_raw,4.250794805264416,True,0.6935046123878111,0.16666666666666666,0.14381270903010032,0.06354515050167224,0.1482011784465244,0.0,False,nan,nan,nan,nan,nan,0.009249707693246206,True,0.2265719267908654,0.06666666666666667,0.030100334448160536,0.1605351170568562,0.04921888944641786,0.0,False,nan,nan,nan,nan,nan,4.27948140004817,True,0.7019767121703216,0.16666666666666666,0.05351170568561873,0.05351170568561873,0.14861255972129483,0.6821042008571927,0.7301509985387238,16424,nan,nan,0,-0.10095472284552612,nan,0
93,both_fail,ald_tf,1,9,300,0.37,1.3433333333333333,1.2853946062722355,0.0,0.0,factor,0.02917381003499031,0.20495672589528624,0.9205652866580253,predictor_raw,4.250794805264416,True,0.6507498972210802,0.16666666666666666,0.35451505016722407,0.2140468227424749,0.8623338670206395,0.0,False,nan,nan,nan,nan,nan,0.009249707693246206,True,0.17024035941923668,0.03333333333333333,0.4214046822742475,0.5819397993311036,0.12849815788102809,0.0,False,nan,nan,nan,nan,nan,4.27948140004817,True,0.6560868454093934,0.13333333333333333,0.34782608695652173,0.21739130434782608,0.942722331488816,0.6524262475093848,0.7551144666341939,16424,nan,nan,0,-0.15545611585838393,nan,0
93,both_fail,ald_tf,1,9,300,0.37,1.3433333333333333,1.2853946062722355,0.0,0.0,factor,0.02917381003499031,0.20495672589528624,0.9205652866580253,encoder_factor_head_diagnostic_only,4.250794805264416,True,0.941267086034778,0.6,0.033444816053511704,0.05351170568561873,0.10192757822627505,0.0,False,nan,nan,nan,nan,nan,0.009249707693246206,True,0.3251591949085888,0.13333333333333333,0.07023411371237458,0.17391304347826086,0.06330527865866557,0.0,False,nan,nan,nan,nan,nan,4.27948140004817,True,0.9397324012929352,0.6333333333333333,0.05351170568561873,0.03678929765886288,0.12610158727098542,0.9363459342359659,0.9308938139308329,16424,nan,nan,0,-0.14776738045473578,nan,0
93,both_fail,ald_tf,1,9,300,0.37,1.3433333333333333,1.2853946062722355,0.0,0.0,lewm,0.039409320801496506,0.32362378672348374,0.9182390370377514,encoder_raw,4.250794805264416,True,0.7457270052293384,0.3,0.10367892976588629,0.12040133779264214,0.37938875600114025,0.0,False,nan,nan,nan,nan,nan,0.009249707693246206,True,0.2072528159877582,0.0,0.18729096989966554,0.5819397993311036,0.12849815788102809,0.0,False,nan,nan,nan,nan,nan,4.27948140004817,True,0.7539328796540835,0.23333333333333334,0.12040133779264214,0.11371237458193979,0.45977722046931646,0.7505744134096466,0.8054676083779835,16424,nan,nan,0,-0.18269622043925227,nan,0
93,both_fail,ald_tf,1,9,300,0.37,1.3433333333333333,1.2853946062722355,0.0,0.0,lewm,0.039409320801496506,0.32362378672348374,0.9182390370377514,predictor_raw,4.250794805264416,True,0.8405657840642674,0.5333333333333333,0.16722408026755853,0.08695652173913043,0.23226991719686876,0.0,False,nan,nan,nan,nan,nan,0.009249707693246206,True,0.2610361465541406,0.06666666666666667,0.31438127090301005,0.5819397993311036,0.12849815788102809,0.0,False,nan,nan,nan,nan,nan,4.27948140004817,True,0.8448596095512172,0.4666666666666667,0.3377926421404682,0.10367892976588629,0.3126583816650448,0.8370604372553654,0.8745737944471506,16424,nan,nan,0,-0.17387320894268463,nan,0
93,both_fail,ald_tf,1,9,300,0.37,1.3433333333333333,1.2853946062722355,0.0,0.0,ald_tf,0.03109542839229107,0.2553512743036168,0.8926189575123646,encoder_raw,4.250794805264416,True,0.7457270052293384,0.3,0.10367892976588629,0.12040133779264214,0.37938875600114025,0.0,False,nan,nan,nan,nan,nan,0.009249707693246206,True,0.2072528159877582,0.0,0.18729096989966554,0.5819397993311036,0.12849815788102809,0.0,False,nan,nan,nan,nan,nan,4.27948140004817,True,0.7539328796540835,0.23333333333333334,0.12040133779264214,0.11371237458193979,0.45977722046931646,0.7505744134096466,0.8054676083779835,16424,nan,nan,0,-0.18269622043925227,nan,0
93,both_fail,ald_tf,1,9,300,0.37,1.3433333333333333,1.2853946062722355,0.0,0.0,ald_tf,0.03109542839229107,0.2553512743036168,0.8926189575123646,predictor_raw,4.250794805264416,True,0.8560401782242025,0.6666666666666666,0.05351170568561873,0.006688963210702341,0.0023073909619284703,0.0,False,nan,nan,nan,nan,nan,0.009249707693246206,True,0.2569655190730662,0.03333333333333333,0.1806020066889632,0.16387959866220736,0.049864333430415644,0.0,False,nan,nan,nan,nan,nan,4.27948140004817,True,0.8570135223724709,0.6333333333333333,0.08695652173913043,0.0033444816053511705,0.004263077124607495,0.8500803407503611,0.9064783244033122,16424,nan,nan,0,-0.1788848924046065,nan,0
93,both_fail,ald_tf,1,19,300,0.39,1.03,0.9439043742746351,0.0,0.0,factor,0.04073958098888397,0.5144330291659889,0.7350200263358556,encoder_raw,2.5830916355146054,True,0.534957336743449,0.06666666666666667,0.25752508361204013,0.25418060200668896,0.5653079974896215,0.0,False,nan,nan,nan,nan,nan,0.05675526213929524,True,0.10316947888380455,0.23333333333333334,0.0802675585284281,0.05351170568561873,0.004081147171814232,0.03311112842229624,True,0.23315186695303794,0.23333333333333334,0.2909698996655518,0.010033444816053512,0.0035165918241932825,2.623435064785169,True,0.5398987255301454,0.13333333333333333,0.25752508361204013,0.19732441471571907,0.5047937871302361,0.5249339249489334,0.6410323253388946,15344,nan,nan,0,-0.11798615005883406,nan,0
93,both_fail,ald_tf,1,19,300,0.39,1.03,0.9439043742746351,0.0,0.0,factor,0.04073958098888397,0.5144330291659889,0.7350200263358556,predictor_raw,2.5830916355146054,True,0.36897209968999656,0.03333333333333333,0.28762541806020064,0.5652173913043478,1.7887587756104737,0.0,False,nan,nan,nan,nan,nan,0.05675526213929524,True,-0.2884509519274799,0.0,0.5418060200668896,0.6555183946488294,0.12842264692782393,0.03311112842229624,True,-0.15344004717278575,0.0,0.46488294314381273,0.6220735785953178,0.14480166117282378,2.623435064785169,True,0.35454705052278357,0.03333333333333333,0.28762541806020064,0.5719063545150501,1.869529634599719,0.5236765106803999,0.6668404588112617,15344,nan,nan,0,-0.49079601675512513,nan,0
93,both_fail,ald_tf,1,19,300,0.39,1.03,0.9439043742746351,0.0,0.0,factor,0.04073958098888397,0.5144330291659889,0.7350200263358556,encoder_factor_head_diagnostic_only,2.5830916355146054,True,0.884915930723228,0.36666666666666664,0.05351170568561873,0.12709030100334448,0.3281629099496777,0.0,False,nan,nan,nan,nan,nan,0.05675526213929524,True,0.2844892182818488,0.13333333333333333,0.0903010033444816,0.14715719063545152,0.026042526457326777,0.03311112842229624,True,0.29456660100773663,0.2,0.44481605351170567,0.09698996655518395,0.029305890621485364,2.623435064785169,True,0.8825985713839732,0.4,0.05351170568561873,0.11036789297658862,0.29343799838758433,0.8761880229535263,0.887643378519291,15344,nan,nan,0,-0.09472936079262495,nan,0
93,both_fail,ald_tf,1,19,300,0.39,1.03,0.9439043742746351,0.0,0.0,lewm,0.0482591912150383,0.7461931957341028,0.7843099128112486,encoder_raw,2.5830916355146054,True,0.6314281971386607,0.13333333333333333,0.25752508361204013,0.19732441471571907,0.43685710483414647,0.0,False,nan,nan,nan,nan,nan,0.05675526213929524,True,-0.05448177108247785,0.0,0.33444816053511706,0.6555183946488294,0.12842264692782393,0.03311112842229624,True,0.09243984495214799,0.0,0.4013377926421405,0.6220735785953178,0.14480166117282378,2.623435064785169,True,0.6247939004648869,0.13333333333333333,0.25752508361204013,0.20735785953177258,0.5176279638233916,0.6944623160422586,0.752150677789364,15344,nan,nan,0,-0.39937017878847747,nan,0
93,both_fail,ald_tf,1,19,300,0.39,1.03,0.9439043742746351,0.0,0.0,lewm,0.0482591912150383,0.7461931957341028,0.7843099128112486,predictor_raw,2.5830916355146054,True,0.7393806597851087,0.36666666666666664,0.2140468227424749,0.11036789297658862,0.28347716229261466,0.0,False,nan,nan,nan,nan,nan,0.05675526213929524,True,-0.09453221974172166,0.0,0.4882943143812709,0.6555183946488294,0.12842264692782393,0.03311112842229624,True,-0.011926950435082902,0.0,0.7090301003344481,0.6220735785953178,0.14480166117282378,2.623435064785169,True,0.7234235935954844,0.36666666666666664,0.2140468227424749,0.13377926421404682,0.36424802128185974,0.8361220177180633,0.8717413972888426,15344,nan,nan,0,-0.5858519718486841,nan,0
93,both_fail,ald_tf,1,19,300,0.39,1.03,0.9439043742746351,0.0,0.0,ald_tf,0.03585851192474365,0.5544514305713415,0.7918251082595532,encoder_raw,2.5830916355146054,True,0.6314281971386607,0.13333333333333333,0.25752508361204013,0.19732441471571907,0.43685710483414647,0.0,False,nan,nan,nan,nan,nan,0.05675526213929524,True,-0.05448177108247785,0.0,0.33444816053511706,0.6555183946488294,0.12842264692782393,0.03311112842229624,True,0.09243984495214799,0.0,0.4013377926421405,0.6220735785953178,0.14480166117282378,2.623435064785169,True,0.6247939004648869,0.13333333333333333,0.25752508361204013,0.20735785953177258,0.5176279638233916,0.6944623160422586,0.752150677789364,15344,nan,nan,0,-0.39937017878847747,nan,0
93,both_fail,ald_tf,1,19,300,0.39,1.03,0.9439043742746351,0.0,0.0,ald_tf,0.03585851192474365,0.5544514305713415,0.7918251082595532,predictor_raw,2.5830916355146054,True,0.7738508205646729,0.4666666666666667,0.030100334448160536,0.11705685618729098,0.2920460902579805,0.0,False,nan,nan,nan,nan,nan,0.05675526213929524,True,-0.06222089743990649,0.03333333333333333,0.2909698996655518,0.6555183946488294,0.12842264692782393,0.03311112842229624,True,0.006307126223518434,0.03333333333333333,0.7859531772575251,0.6220735785953178,0.14480166117282378,2.623435064785169,True,0.7585239835998178,0.43333333333333335,0.030100334448160536,0.14046822742474915,0.3728169492472255,0.8572806276368578,0.8903806047966631,15344,nan,nan,0,-0.588413261883219,nan,0
93,both_fail,ald_tf,1,29,300,0.27,0.44666666666666666,0.2895047228369955,0.0033333333333333335,0.0033333333333333335,factor,0.04495715722441673,2.2520505852710184,0.41700673643385966,encoder_raw,0.7970358064723533,True,0.10460352256300451,0.13333333333333333,0.6722408026755853,0.20066889632107024,0.17887928089527821,0.0,False,nan,nan,nan,nan,nan,0.00021094951996120104,True,0.12124629323531436,0.26666666666666666,0.4414715719063545,0.030100334448160536,0.019249280014923435,3.686376992151352e-05,True,0.12764813586372664,0.3,0.3177257525083612,0.030100334448160536,0.020610822434746656,0.8210299076113976,True,0.1299234466642722,0.13333333333333333,0.06354515050167224,0.11371237458193979,0.14620874185917132,0.09238082826531814,0.4966192483315771,22776,nan,nan,0,-0.03934084886356267,nan,0
93,both_fail,ald_tf,1,29,300,0.27,0.44666666666666666,0.2895047228369955,0.0033333333333333335,0.0033333333333333335,factor,0.04495715722441673,2.2520505852710184,0.41700673643385966,predictor_raw,0.7970358064723533,True,-0.06068822986922077,0.0,0.7625418060200669,0.7725752508361204,1.0428555159387618,0.0,False,nan,nan,nan,nan,nan,0.00021094951996120104,True,-0.5439203507856103,0.0,0.9665551839464883,0.6254180602006689,0.12846655658509432,3.686376992151352e-05,True,-0.5459282263958327,0.0,0.9331103678929766,0.6254180602006689,0.14533662058390007,0.8210299076113976,True,-0.11262391804353382,0.0,0.7859531772575251,0.7725752508361204,1.1349107750518086,0.2577360419012276,0.5673076923076923,22776,nan,nan,0,-0.5086609468946256,nan,0
93,both_fail,ald_tf,1,29,300,0.27,0.44666666666666666,0.2895047228369955,0.0033333333333333335,0.0033333333333333335,factor,0.04495715722441673,2.2520505852710184,0.41700673643385966,encoder_factor_head_diagnostic_only,0.7970358064723533,True,0.7031149008988398,0.26666666666666666,0.016722408026755852,0.0903010033444816,0.06994577314371664,0.0,False,nan,nan,nan,nan,nan,0.00021094951996120104,True,0.3245667575455686,0.26666666666666666,0.18394648829431437,0.1605351170568562,0.08179850414352789,3.686376992151352e-05,True,0.3194058856896288,0.2,0.5986622073578596,0.14715719063545152,0.08722924532699194,0.8210299076113976,True,0.6973019273988577,0.23333333333333334,0.19732441471571907,0.07692307692307693,0.10389365699985498,0.6480534322617848,0.7793291183702142,22776,nan,nan,0,0.031032898157700346,nan,0
93,both_fail,ald_tf,1,29,300,0.27,0.44666666666666666,0.2895047228369955,0.0033333333333333335,0.0033333333333333335,lewm,0.05457304045557976,3.6970096971387827,-0.25930110760654895,encoder_raw,0.7970358064723533,True,0.18551270024151514,0.0,0.431438127090301,0.7157190635451505,0.8873811961943366,0.0,False,nan,nan,nan,nan,nan,0.00021094951996120104,True,-0.22604256316449478,0.0,0.8060200668896321,0.6254180602006689,0.12846655658509432,3.686376992151352e-05,True,-0.22433454781020143,0.0,0.7558528428093646,0.6254180602006689,0.14533662058390007,0.8210299076113976,True,0.15556870883435148,0.0,0.6923076923076923,0.7157190635451505,0.9794364553073831,0.35148213966568675,0.6186775553213909,22776,nan,nan,0,-0.3536848218721343,nan,0
93,both_fail,ald_tf,1,29,300,0.27,0.44666666666666666,0.2895047228369955,0.0033333333333333335,0.0033333333333333335,lewm,0.05457304045557976,3.6970096971387827,-0.25930110760654895,predictor_raw,0.7970358064723533,True,0.30684652051689465,0.1,0.35451505016722407,0.5986622073578596,0.6445435754234392,0.0,False,nan,nan,nan,nan,nan,0.00021094951996120104,True,-0.19963310561316377,0.0,0.5852842809364549,0.6254180602006689,0.12846655658509432,3.686376992151352e-05,True,-0.20810651604861777,0.0,0.8461538461538461,0.6254180602006689,0.14533662058390007,0.8210299076113976,True,0.2627175857509528,0.06666666666666667,0.7591973244147158,0.6020066889632107,0.7365988345364856,0.4449778021140008,0.676589392342817,22776,nan,nan,0,-0.27881490705191025,nan,0
93,both_fail,ald_tf,1,29,300,0.27,0.44666666666666666,0.2895047228369955,0.0033333333333333335,0.0033333333333333335,ald_tf,0.04074522852897644,2.7602549487117707,0.49880059365604446,encoder_raw,0.7970358064723533,True,0.18551270024151514,0.0,0.431438127090301,0.7157190635451505,0.8873811961943366,0.0,False,nan,nan,nan,nan,nan,0.00021094951996120104,True,-0.22604256316449478,0.0,0.8060200668896321,0.6254180602006689,0.12846655658509432,3.686376992151352e-05,True,-0.22433454781020143,0.0,0.7558528428093646,0.6254180602006689,0.14533662058390007,0.8210299076113976,True,0.15556870883435148,0.0,0.6923076923076923,0.7157190635451505,0.9794364553073831,0.35148213966568675,0.6186775553213909,22776,nan,nan,0,-0.3536848218721343,nan,0
93,both_fail,ald_tf,1,29,300,0.27,0.44666666666666666,0.2895047228369955,0.0033333333333333335,0.0033333333333333335,ald_tf,0.04074522852897644,2.7602549487117707,0.49880059365604446,predictor_raw,0.7970358064723533,True,0.4215157946199402,0.0,0.5819397993311036,0.23076923076923078,0.19471048348838102,0.0,False,nan,nan,nan,nan,nan,0.00021094951996120104,True,-0.3716978160575006,0.0,0.9531772575250836,0.6254180602006689,0.12846655658509432,3.686376992151352e-05,True,-0.37692881426299707,0.0,0.9632107023411371,0.6254180602006689,0.14533662058390007,0.8210299076113976,True,0.3575853065034056,0.0,0.7725752508361204,0.25418060200668896,0.2867657426014274,0.7289649972249076,0.7961450649806814,22776,nan,nan,0,-0.6408308412397352,nan,0
99,both_success,lewm,0,0,300,1.0,7.09,26.444728460080743,0.0,0.0,factor,0.05315237492322922,0.23946349234481176,0.9124456938410427,encoder_raw,33.280811679358166,True,0.6217273525261392,0.6,0.0033444816053511705,0.020066889632107024,4.745455588967932,12.114331616205071,True,0.7386037622640251,0.5333333333333333,0.006688963210702341,0.056856187290969896,3.615573055292666,3.9681932962845545,True,0.9094021044678274,0.7,0.010033444816053512,0.013377926421404682,0.6309968456028295,14.554239587655005,True,0.8171948577206414,0.6333333333333333,0.006688963210702341,0.016722408026755852,4.119632545859726,42.05466349988323,True,0.7191751019455772,0.6333333333333333,0.0033444816053511705,0.020066889632107024,8.026683125003848,0.5699283041839746,0.7256894049346879,1378,-0.1809048307996777,0.5431472081218274,197,0.8712693498264705,0.8602620087336245,458
99,both_success,lewm,0,0,300,1.0,7.09,26.444728460080743,0.0,0.0,factor,0.05315237492322922,0.23946349234481176,0.9124456938410427,predictor_raw,33.280811679358166,True,0.705712730141446,0.6,0.0033444816053511705,0.020066889632107024,4.745455588967932,12.114331616205071,True,0.707262969588551,0.5333333333333333,0.006688963210702341,0.056856187290969896,3.615573055292666,3.9681932962845545,True,0.7698654429493661,0.6666666666666666,0.05351170568561873,0.013377926421404682,0.6309968456028295,14.554239587655005,True,0.7451776130845899,0.6333333333333333,0.006688963210702341,0.016722408026755852,4.119632545859726,42.05466349988323,True,0.7605746730519228,0.6,0.0033444816053511705,0.020066889632107024,8.026683125003848,0.5918906351372174,0.6676342525399129,1378,-0.15082312372003348,0.5786802030456852,197,0.673237091580331,0.7685589519650655,458
99,both_success,lewm,0,0,300,1.0,7.09,26.444728460080743,0.0,0.0,factor,0.05315237492322922,0.23946349234481176,0.9124456938410427,encoder_factor_head_diagnostic_only,33.280811679358166,True,0.9437331525905843,0.9,0.0033444816053511705,0.006688963210702341,1.5029441923923776,12.114331616205071,True,0.8680363115145724,0.7666666666666667,0.0,0.0,0.0,3.9681932962845545,True,0.6112005688952099,0.5,0.05016722408026756,0.006688963210702341,0.12693735503577008,14.554239587655005,True,0.847106745630507,0.8666666666666667,0.0,0.0,0.0,42.05466349988323,True,0.9819477994199935,0.9666666666666667,0.0033444816053511705,0.0033444816053511705,0.6645391825685674,0.9200241007864635,0.9484760522496372,1378,0.6045672244350339,0.9187817258883249,197,0.35464238133002185,0.7925764192139738,458
99,both_success,lewm,0,0,300,1.0,7.09,26.444728460080743,0.0,0.0,lewm,0.0476607009768486,0.20715083491335132,0.9388824320270225,encoder_raw,33.280811679358166,True,0.7380842009355659,0.6333333333333333,0.0,0.0,0.0,12.114331616205071,True,0.6903761152901698,0.5666666666666667,0.006688963210702341,0.013377926421404682,0.522299725444307,3.9681932962845545,True,0.79182613140146,0.6333333333333333,0.013377926421404682,0.010033444816053512,0.4430426394152728,14.554239587655005,True,0.742668696318848,0.6666666666666666,0.006688963210702341,0.0033444816053511705,0.8384050098238098,42.05466349988323,True,0.7906683407593418,0.6666666666666666,0.0,0.0,0.0,0.736887045760076,0.8076923076923077,1378,-0.37507277415684853,0.45685279187817257,197,0.785412535119808,0.8187772925764192,458
99,both_success,lewm,0,0,300,1.0,7.09,26.444728460080743,0.0,0.0,lewm,0.0476607009768486,0.20715083491335132,0.9388824320270225,predictor_raw,33.280811679358166,True,0.7402646696074401,0.5666666666666667,0.006688963210702341,0.020066889632107024,4.745455588967932,12.114331616205071,True,0.6303376704185603,0.5333333333333333,0.0033444816053511705,0.056856187290969896,3.615573055292666,3.9681932962845545,True,0.6819240213780153,0.6333333333333333,0.2842809364548495,0.013377926421404682,0.6309968456028295,14.554239587655005,True,0.6602051133901488,0.6,0.0033444816053511705,0.016722408026755852,4.119632545859726,42.05466349988323,True,0.7663916265736286,0.6,0.006688963210702341,0.020066889632107024,8.026683125003848,0.6853674963162825,0.7685050798258345,1378,-0.322558883998503,0.43147208121827413,197,0.6320399132962871,0.759825327510917,458
99,both_success,lewm,0,0,300,1.0,7.09,26.444728460080743,0.0,0.0,ald_tf,0.0343637578189373,0.14935745755000332,0.9336632629251436,encoder_raw,33.280811679358166,True,0.7380842009355659,0.6333333333333333,0.0,0.0,0.0,12.114331616205071,True,0.6903761152901698,0.5666666666666667,0.006688963210702341,0.013377926421404682,0.522299725444307,3.9681932962845545,True,0.79182613140146,0.6333333333333333,0.013377926421404682,0.010033444816053512,0.4430426394152728,14.554239587655005,True,0.742668696318848,0.6666666666666666,0.006688963210702341,0.0033444816053511705,0.8384050098238098,42.05466349988323,True,0.7906683407593418,0.6666666666666666,0.0,0.0,0.0,0.736887045760076,0.8076923076923077,1378,-0.37507277415684853,0.45685279187817257,197,0.785412535119808,0.8187772925764192,458
99,both_success,lewm,0,0,300,1.0,7.09,26.444728460080743,0.0,0.0,ald_tf,0.0343637578189373,0.14935745755000332,0.9336632629251436,predictor_raw,33.280811679358166,True,0.7357250636118179,0.6333333333333333,0.0033444816053511705,0.020066889632107024,4.745455588967932,12.114331616205071,True,0.5886185402060022,0.5666666666666667,0.006688963210702341,0.056856187290969896,3.615573055292666,3.9681932962845545,True,0.6467214080156446,0.6333333333333333,0.023411371237458192,0.013377926421404682,0.6309968456028295,14.554239587655005,True,0.6135694841053789,0.6666666666666666,0.006688963210702341,0.016722408026755852,4.119632545859726,42.05466349988323,True,0.7483918710207891,0.6666666666666666,0.0033444816053511705,0.020066889632107024,8.026683125003848,0.7005698481359353,0.7699564586357039,1378,-0.3799725800490664,0.38071065989847713,197,0.6192000044130368,0.7794759825327511,458
99,both_success,lewm,0,3,300,1.0,18.26,92.55607586088553,0.24333333333333335,0.08,factor,0.1062016561627388,0.1785680909007818,0.9260689563217369,encoder_raw,7.9509826131983905,True,0.5345623840264891,0.3333333333333333,0.16722408026755853,0.006688963210702341,0.023227124975146063,3.835329215885245,True,0.5546777186413182,0.26666666666666666,0.19063545150501673,0.056856187290969896,0.0802586321550232,2.622993512945324,True,0.7317730197002189,0.26666666666666666,0.36789297658862874,0.12374581939799331,0.026898653172084033,6.141918529678267,True,0.7641916021289126,0.5333333333333333,0.13377926421404682,0.013377926421404682,0.06317819906354913,14.756251487279101,True,0.7686920965788508,0.6,0.006688963210702341,0.0033444816053511705,0.034670618047807494,0.3664273089698361,0.8118622448979592,1568,0.1643786500216872,0.6921182266009852,812,0.6412427007128001,0.8856259659969088,647
99,both_success,lewm,0,3,300,1.0,18.26,92.55607586088553,0.24333333333333335,0.08,factor,0.1062016561627388,0.1785680909007818,0.9260689563217369,predictor_raw,7.9509826131983905,True,0.563707596751075,0.4,0.0,0.0,0.0,3.835329215885245,True,0.5361917354637273,0.26666666666666666,0.16387959866220736,0.03678929765886288,0.03799943428432461,2.622993512945324,True,0.7114847942754919,0.26666666666666666,0.3879598662207358,0.4280936454849498,0.465034833832106,6.141918529678267,True,0.7460438449316104,0.5,0.1605351170568562,0.12709030100334448,0.4590551818528725,14.756251487279101,True,0.7482109801220014,0.6,0.033444816053511704,0.023411371237458192,0.40732047586198483,0.4224881790312191,0.798469387755102,1568,0.11569786008128279,0.6169950738916257,812,0.6228163506038134,0.8160741885625966,647
99,both_success,lewm,0,3,300,1.0,18.26,92.55607586088553,0.24333333333333335,0.08,factor,0.1062016561627388,0.1785680909007818,0.9260689563217369,encoder_factor_head_diagnostic_only,7.9509826131983905,True,0.8286656518405761,0.5666666666666667,0.020066889632107024,0.006688963210702341,0.023227124975146063,3.835329215885245,True,0.7731823686929855,0.43333333333333335,0.21739130434782608,0.056856187290969896,0.0802586321550232,2.622993512945324,True,0.5571413015700174,0.2,0.5117056856187291,0.12374581939799331,0.026898653172084033,6.141918529678267,True,0.8067214080156446,0.5333333333333333,0.1605351170568562,0.013377926421404682,0.06317819906354913,14.756251487279101,True,0.9685623173590817,0.7333333333333333,0.026755852842809364,0.0033444816053511705,0.034670618047807494,0.802005346862504,0.9126275510204082,1568,0.6513378736477762,0.833743842364532,812,0.39301283167174517,0.7387944358578052,647
99,both_success,lewm,0,3,300,1.0,18.26,92.55607586088553,0.24333333333333335,0.08,lewm,0.11084435880184174,0.18496459517816494,0.9247867198524428,encoder_raw,7.9509826131983905,True,0.5366752963921821,0.3333333333333333,0.13712374581939799,0.006688963210702341,0.023227124975146063,3.835329215885245,True,0.5560484005377837,0.26666666666666666,0.21739130434782608,0.056856187290969896,0.0802586321550232,2.622993512945324,True,0.7292169912999034,0.23333333333333334,0.34782608695652173,0.12374581939799331,0.026898653172084033,6.141918529678267,True,0.7694081045344948,0.5,0.10702341137123746,0.013377926421404682,0.06317819906354913,14.756251487279101,True,0.7663498483316481,0.6,0.006688963210702341,0.0033444816053511705,0.034670618047807494,0.3685269050181012,0.8042091836734694,1568,0.16699982526960508,0.708128078817734,812,0.6375464026651075,0.8825347758887172,647
99,both_success,lewm,0,3,300,1.0,18.26,92.55607586088553,0.24333333333333335,0.08,lewm,0.11084435880184174,0.18496459517816494,0.9247867198524428,predictor_raw,7.9509826131983905,True,0.5301543350481672,0.4,0.020066889632107024,0.08361204013377926,0.38991688232153215,3.835329215885245,True,0.5496612184579829,0.26666666666666666,0.23745819397993312,0.09364548494983277,0.13940815678006085,2.622993512945324,True,0.7084189824331382,0.2,0.3177257525083612,0.20066889632107024,0.08624224370407052,6.141918529678267,True,0.7575759730663674,0.5,0.17725752508361203,0.04013377926421405,0.18167131422057325,14.756251487279101,True,0.7290267669640774,0.6333333333333333,0.026755852842809364,0.030100334448160536,0.5198534905512178,0.35425479455620595,0.7991071428571429,1568,0.16810153303739805,0.6379310344827587,812,0.6072721194133036,0.8176197836166924,647
99,both_success,lewm,0,3,300,1.0,18.26,92.55607586088553,0.24333333333333335,0.08,ald_tf,0.08015760034322739,0.13375798514422765,0.9437198191091012,encoder_raw,7.9509826131983905,True,0.5366752963921821,0.3333333333333333,0.13712374581939799,0.006688963210702341,0.023227124975146063,3.835329215885245,True,0.5560484005377837,0.26666666666666666,0.21739130434782608,0.056856187290969896,0.0802586321550232,2.622993512945324,True,0.7292169912999034,0.23333333333333334,0.34782608695652173,0.12374581939799331,0.026898653172084033,6.141918529678267,True,0.7694081045344948,0.5,0.10702341137123746,0.013377926421404682,0.06317819906354913,14.756251487279101,True,0.7663498483316481,0.6,0.006688963210702341,0.0033444816053511705,0.034670618047807494,0.3685269050181012,0.8042091836734694,1568,0.16699982526960508,0.708128078817734,812,0.6375464026651075,0.8825347758887172,647
99,both_success,lewm,0,3,300,1.0,18.26,92.55607586088553,0.24333333333333335,0.08,ald_tf,0.08015760034322739,0.13375798514422765,0.9437198191091012,predictor_raw,7.9509826131983905,True,0.535658840653785,0.36666666666666664,0.10033444816053512,0.006688963210702341,0.023227124975146063,3.835329215885245,True,0.5318307981199791,0.23333333333333334,0.20066889632107024,0.056856187290969896,0.0802586321550232,2.622993512945324,True,0.7502056689518772,0.23333333333333334,0.3377926421404682,0.12374581939799331,0.026898653172084033,6.141918529678267,True,0.7664534050378338,0.5333333333333333,0.10702341137123746,0.013377926421404682,0.06317819906354913,14.756251487279101,True,0.7312499027766975,0.6,0.010033444816053512,0.0033444816053511705,0.034670618047807494,0.39046564050737825,0.8137755102040817,1568,0.10513818687617285,0.6982758620689655,812,0.6743738241422966,0.8995363214837713,647
99,both_success,lewm,0,9,300,1.0,19.833333333333332,90.01883982252757,0.2966666666666667,0.14,factor,0.11206936836242676,0.2275197283043106,0.9332917032411471,encoder_raw,4.721499417438223,True,0.6564410715674619,0.3333333333333333,0.2140468227424749,0.013377926421404682,0.05505902652734442,3.2641699856234565,True,0.5668805208946766,0.23333333333333334,0.21739130434782608,0.12374581939799331,0.09039666705333134,1.1432101359065532,True,0.7510456782853143,0.3333333333333333,0.6287625418060201,0.20066889632107024,0.03923158855306796,3.988305730797703,True,0.7327734752608362,0.43333333333333335,0.026755852842809364,0.06020066889632107,0.11155128477689116,9.901937910150183,True,0.7860380670896343,0.4666666666666667,0.043478260869565216,0.013377926421404682,0.04894877173351739,0.339593925658421,0.7671732522796353,1645,0.12207684167647762,0.5630689206762028,769,0.5907718833748953,0.8366863905325443,845
99,both_success,lewm,0,9,300,1.0,19.833333333333332,90.01883982252757,0.2966666666666667,0.14,factor,0.11206936836242676,0.2275197283043106,0.9332917032411471,predictor_raw,4.721499417438223,True,0.6484076489738775,0.4,0.08695652173913043,0.07357859531772576,0.22998175449359856,3.2641699856234565,True,0.5083469816331293,0.26666666666666666,0.22742474916387959,0.26421404682274247,0.25619305481444726,1.1432101359065532,True,0.6939974888609873,0.26666666666666666,0.9297658862876255,0.12040133779264214,0.012533083464817634,3.988305730797703,True,0.679809775664174,0.36666666666666664,0.06020066889632107,0.14046822742474915,0.25064916744975674,9.901937910150183,True,0.7282658696207736,0.5,0.09698996655518395,0.07023411371237458,0.3629693823726371,0.3797578725533832,0.703951367781155,1645,0.026065168324677788,0.5734720416124838,769,0.5113133138728221,0.7715976331360946,845
99,both_success,lewm,0,9,300,1.0,19.833333333333332,90.01883982252757,0.2966666666666667,0.14,factor,0.11206936836242676,0.2275197283043106,0.9332917032411471,encoder_factor_head_diagnostic_only,4.721499417438223,True,0.8661518461316237,0.6333333333333333,0.033444816053511704,0.013377926421404682,0.05505902652734442,3.2641699856234565,True,0.8035195946621629,0.36666666666666664,0.1605351170568562,0.12374581939799331,0.09039666705333134,1.1432101359065532,True,0.6574739719330215,0.26666666666666666,0.27759197324414714,0.20066889632107024,0.03923158855306796,3.988305730797703,True,0.8622873587484305,0.4666666666666667,0.04013377926421405,0.06020066889632107,0.11155128477689116,9.901937910150183,True,0.9612653473927488,0.7,0.07357859531772576,0.013377926421404682,0.04894877173351739,0.7296802280327344,0.8966565349544073,1645,0.609230662445332,0.6918075422626788,769,0.35539050275189543,0.6071005917159763,845
99,both_success,lewm,0,9,300,1.0,19.833333333333332,90.01883982252757,0.2966666666666667,0.14,lewm,0.1230025514960289,0.246674690370211,0.9258267314081268,encoder_raw,4.721499417438223,True,0.6524094712163468,0.36666666666666664,0.17391304347826086,0.013377926421404682,0.05505902652734442,3.2641699856234565,True,0.567335637062634,0.2,0.23745819397993312,0.12374581939799331,0.09039666705333134,1.1432101359065532,True,0.7449847220524672,0.3333333333333333,0.6287625418060201,0.20066889632107024,0.03923158855306796,3.988305730797703,True,0.7327841420460227,0.43333333333333335,0.020066889632107024,0.06020066889632107,0.11155128477689116,9.901937910150183,True,0.7826500294447716,0.4666666666666667,0.04013377926421405,0.013377926421404682,0.04894877173351739,0.3311419820596606,0.7623100303951368,1645,0.1293221747334589,0.5916775032509753,769,0.5807983325291611,0.8201183431952662,845
99,both_success,lewm,0,9,300,1.0,19.833333333333332,90.01883982252757,0.2966666666666667,0.14,lewm,0.1230025514960289,0.246674690370211,0.9258267314081268,predictor_raw,4.721499417438223,True,0.657304192268803,0.3,0.13043478260869565,0.07357859531772576,0.22998175449359856,3.2641699856234565,True,0.5111501238902655,0.16666666666666666,0.40468227424749165,0.26421404682274247,0.25619305481444726,1.1432101359065532,True,0.6870960788453205,0.23333333333333334,0.882943143812709,0.12040133779264214,0.012533083464817634,3.988305730797703,True,0.6905436727074745,0.36666666666666664,0.15384615384615385,0.14046822742474915,0.25064916744975674,9.901937910150183,True,0.7342850476116402,0.4666666666666667,0.07023411371237458,0.07023411371237458,0.3629693823726371,0.39607994298415966,0.7227963525835867,1645,0.02568067130445193,0.5669700910273082,769,0.4978453680608385,0.7893491124260354,845
99,both_success,lewm,0,9,300,1.0,19.833333333333332,90.01883982252757,0.2966666666666667,0.14,ald_tf,0.11133122444152832,0.2232685012110264,0.91186302070023,encoder_raw,4.721499417438223,True,0.6524094712163468,0.36666666666666664,0.17391304347826086,0.013377926421404682,0.05505902652734442,3.2641699856234565,True,0.567335637062634,0.2,0.23745819397993312,0.12374581939799331,0.09039666705333134,1.1432101359065532,True,0.7449847220524672,0.3333333333333333,0.6287625418060201,0.20066889632107024,0.03923158855306796,3.988305730797703,True,0.7327841420460227,0.43333333333333335,0.020066889632107024,0.06020066889632107,0.11155128477689116,9.901937910150183,True,0.7826500294447716,0.4666666666666667,0.04013377926421405,0.013377926421404682,0.04894877173351739,0.3311419820596606,0.7623100303951368,1645,0.1293221747334589,0.5916775032509753,769,0.5807983325291611,0.8201183431952662,845
99,both_success,lewm,0,9,300,1.0,19.833333333333332,90.01883982252757,0.2966666666666667,0.14,ald_tf,0.11133122444152832,0.2232685012110264,0.91186302070023,predictor_raw,4.721499417438223,True,0.7066509627884754,0.4,0.2608695652173913,0.07357859531772576,0.22998175449359856,3.2641699856234565,True,0.4996144401604462,0.2,0.42474916387959866,0.26421404682274247,0.25619305481444726,1.1432101359065532,True,0.7131683685374282,0.3,0.6789297658862876,0.12040133779264214,0.012533083464817634,3.988305730797703,True,0.6919285769841887,0.43333333333333335,0.0802675585284281,0.14046822742474915,0.25064916744975674,9.901937910150183,True,0.7497634418160202,0.5666666666666667,0.0903010033444816,0.07023411371237458,0.3629693823726371,0.502980157284143,0.7927051671732522,1645,-0.07025868495273453,0.5578673602080624,769,0.5446192997951941,0.8591715976331361,845
99,both_success,lewm,0,19,300,1.0,21.916666666666668,90.56647257277245,0.39,0.33,factor,0.05629357695579529,0.20293747558496175,0.9033704818942433,encoder_raw,1.580938848179952,True,0.6403320036889298,0.4666666666666667,0.030100334448160536,0.09364548494983277,0.17686353422888876,1.0379866411724241,True,0.38156290625451394,0.23333333333333334,0.030100334448160536,0.24414715719063546,0.12575818110625922,0.306419070558222,True,0.5732437027078079,0.26666666666666666,0.6521739130434783,0.23411371237458195,0.02433780196129656,1.145574964244735,True,0.58786430960344,0.36666666666666664,0.006688963210702341,0.14046822742474915,0.14754591470093767,2.831761121833941,True,0.6633175924176935,0.43333333333333335,0.006688963210702341,0.11705685618729098,0.31924597474625616,0.378796569407984,0.7029850746268657,670,-0.046225301581536496,0.5287539936102237,626,0.3381410887842149,0.6912669126691267,813
99,both_success,lewm,0,19,300,1.0,21.916666666666668,90.56647257277245,0.39,0.33,factor,0.05629357695579529,0.20293747558496175,0.9033704818942433,predictor_raw,1.580938848179952,True,0.5123599151101679,0.3333333333333333,0.08361204013377926,0.12374581939799331,0.21951340850592416,1.0379866411724241,True,0.369650329448105,0.23333333333333334,0.08361204013377926,0.24749163879598662,0.129550637397927,0.306419070558222,True,0.3298134423715819,0.13333333333333333,0.6120401337792643,0.31438127090301005,0.03768144575025722,1.145574964244735,True,0.5140270447449417,0.3333333333333333,0.12374581939799331,0.15719063545150502,0.1646820147815661,2.831761121833941,True,0.5554883943154924,0.3333333333333333,0.12374581939799331,0.12374581939799331,0.37903194910391996,0.2808104684187333,0.6253731343283582,670,0.02612948507569806,0.5686900958466453,626,0.08958218501942852,0.5276752767527675,813
99,both_success,lewm,0,19,300,1.0,21.916666666666668,90.56647257277245,0.39,0.33,factor,0.05629357695579529,0.20293747558496175,0.9033704818942433,encoder_factor_head_diagnostic_only,1.580938848179952,True,0.8395191057678418,0.6,0.08361204013377926,0.09364548494983277,0.17686353422888876,1.0379866411724241,True,0.700804231158124,0.3,0.08361204013377926,0.24414715719063546,0.12575818110625922,0.306419070558222,True,0.4956077289747664,0.26666666666666666,0.9230769230769231,0.23411371237458195,0.02433780196129656,1.145574964244735,True,0.8240909343437149,0.4666666666666667,0.06020066889632107,0.14046822742474915,0.14754591470093767,2.831761121833941,True,0.8781573128590318,0.5666666666666667,0.06020066889632107,0.11705685618729098,0.31924597474625616,0.5445883694951832,0.7865671641791044,670,0.3051084017008494,0.5670926517571885,626,0.22004866185773683,0.5559655596555966,813
99,both_success,lewm,0,19,300,1.0,21.916666666666668,90.56647257277245,0.39,0.33,lewm,0.06480582058429718,0.23555250491708735,0.9317996866631851,encoder_raw,1.580938848179952,True,0.6176037511527905,0.4666666666666667,0.023411371237458192,0.09364548494983277,0.17686353422888876,1.0379866411724241,True,0.37466327403637817,0.3,0.023411371237458192,0.24414715719063546,0.12575818110625922,0.306419070558222,True,0.5357841753797264,0.23333333333333334,0.7157190635451505,0.23411371237458195,0.02433780196129656,1.145574964244735,True,0.5711845687174302,0.36666666666666664,0.020066889632107024,0.14046822742474915,0.14754591470093767,2.831761121833941,True,0.643084923165813,0.43333333333333335,0.020066889632107024,0.11705685618729098,0.31924597474625616,0.35871632751396576,0.7044776119402985,670,-0.03795294285366553,0.5303514376996805,626,0.2944972051510477,0.6605166051660517,813
99,both_success,lewm,0,19,300,1.0,21.916666666666668,90.56647257277245,0.39,0.33,lewm,0.06480582058429718,0.23555250491708735,0.9317996866631851,predictor_raw,1.580938848179952,True,0.5287858753986155,0.23333333333333334,0.06688963210702341,0.13712374581939799,0.254397222268471,1.0379866411724241,True,0.3086549850553895,0.13333333333333333,0.06688963210702341,0.33444816053511706,0.2178633619912738,0.306419070558222,True,0.4295065500727786,0.13333333333333333,0.7926421404682275,0.21070234113712374,0.019947403139955373,1.145574964244735,True,0.4948068311870132,0.23333333333333334,0.08361204013377926,0.22073578595317725,0.23526069676461106,2.831761121833941,True,0.5560977344192714,0.26666666666666666,0.08361204013377926,0.1505016722408027,0.48449444484951176,0.31953196260691363,0.6238805970149254,670,-0.06496212797174619,0.5559105431309904,626,0.18385135069292968,0.6432964329643296,813
99,both_success,lewm,0,19,300,1.0,21.916666666666668,90.56647257277245,0.39,0.33,ald_tf,0.05169002711772919,0.18787996598199896,0.9438718207980089,encoder_raw,1.580938848179952,True,0.6176037511527905,0.4666666666666667,0.023411371237458192,0.09364548494983277,0.17686353422888876,1.0379866411724241,True,0.37466327403637817,0.3,0.023411371237458192,0.24414715719063546,0.12575818110625922,0.306419070558222,True,0.5357841753797264,0.23333333333333334,0.7157190635451505,0.23411371237458195,0.02433780196129656,1.145574964244735,True,0.5711845687174302,0.36666666666666664,0.020066889632107024,0.14046822742474915,0.14754591470093767,2.831761121833941,True,0.643084923165813,0.43333333333333335,0.020066889632107024,0.11705685618729098,0.31924597474625616,0.35871632751396576,0.7044776119402985,670,-0.03795294285366553,0.5303514376996805,626,0.2944972051510477,0.6605166051660517,813
99,both_success,lewm,0,19,300,1.0,21.916666666666668,90.56647257277245,0.39,0.33,ald_tf,0.05169002711772919,0.18787996598199896,0.9438718207980089,predictor_raw,1.580938848179952,True,0.6156779519772442,0.3333333333333333,0.06354515050167224,0.15384615384615385,0.2749305953415473,1.0379866411724241,True,0.3235391504350048,0.16666666666666666,0.06354515050167224,0.38127090301003347,0.27095983231112625,0.306419070558222,True,0.5952568361870687,0.23333333333333334,0.7224080267558528,0.24749163879598662,0.02625256233441964,1.145574964244735,True,0.5499372215246836,0.26666666666666666,0.030100334448160536,0.24749163879598662,0.2946623262789278,2.831761121833941,True,0.6261114012377915,0.3333333333333333,0.030100334448160536,0.1705685618729097,0.5644294474369047,0.3865677276366866,0.6417910447761194,670,-0.11254319862032407,0.5271565495207667,626,0.3653770292112605,0.7306273062730627,813
99,both_success,lewm,0,29,300,1.0,22.496666666666666,92.75659790368906,0.5766666666666667,0.5733333333333334,factor,0.0143703268840909,0.1649238807316582,0.9172764141823798,encoder_raw,0.7477883317421983,True,0.6081325348059423,0.2,0.2140468227424749,0.13712374581939799,0.0866298019831283,0.587380337407197,True,0.44486849853887267,0.2,0.5852842809364549,0.2040133779264214,0.07333364332795415,0.10825580704704475,True,0.283500038889321,0.0,0.5518394648829431,0.43812709030100333,0.02478432026711027,0.6326169597748608,True,0.5266885187613196,0.2,0.22073578595317725,0.19732441471571907,0.09736040270473843,1.377549650594005,True,0.5822375804175602,0.2,0.2140468227424749,0.14381270903010032,0.1825115164779739,0.5710894649114808,0.7019230769230769,312,-0.395317814059651,0.5595667870036101,554,-0.3571322785603,0.4358974358974359,936
99,both_success,lewm,0,29,300,1.0,22.496666666666666,92.75659790368906,0.5766666666666667,0.5733333333333334,factor,0.0143703268840909,0.1649238807316582,0.9172764141823798,predictor_raw,0.7477883317421983,True,0.42420204668940764,0.03333333333333333,0.3010033444816054,0.2976588628762542,0.2856481430307638,0.587380337407197,True,0.3483180924232491,0.1,0.391304347826087,0.35451505016722407,0.1596798415673707,0.10825580704704475,True,0.04409826775853065,0.0,0.5886287625418061,0.40468227424749165,0.021974210200126007,0.6326169597748608,True,0.3890252113912377,0.1,0.2508361204013378,0.2909698996655518,0.18089649087717072,1.377549650594005,True,0.4163228480316448,0.06666666666666667,0.3010033444816054,0.29431438127090304,0.4650659456980417,0.47764196819748284,0.6282051282051282,312,-0.3136049546771767,0.6137184115523465,554,-0.41709364304073704,0.37713675213675213,936
99,both_success,lewm,0,29,300,1.0,22.496666666666666,92.75659790368906,0.5766666666666667,0.5733333333333334,factor,0.0143703268840909,0.1649238807316582,0.9172764141823798,encoder_factor_head_diagnostic_only,0.7477883317421983,True,0.8445031611462349,0.1,0.26755852842809363,0.13712374581939799,0.0866298019831283,0.587380337407197,True,0.7149866109623441,0.0,0.2976588628762542,0.2040133779264214,0.07333364332795415,0.10825580704704475,True,0.44987433193702153,0.1,0.5083612040133779,0.43812709030100333,0.02478432026711027,0.6326169597748608,True,0.7786682074245269,0.03333333333333333,0.3210702341137124,0.19732441471571907,0.09736040270473843,1.377549650594005,True,0.8284176490849898,0.1,0.26755852842809363,0.14381270903010032,0.1825115164779739,0.6071361861859326,0.7692307692307693,312,-0.22569465700729097,0.3555956678700361,554,-0.25012911819639927,0.46474358974358976,936
99,both_success,lewm,0,29,300,1.0,22.496666666666666,92.75659790368906,0.5766666666666667,0.5733333333333334,lewm,0.01995135098695755,0.2511290291118642,0.825107390082112,encoder_raw,0.7477883317421983,True,0.5742112690141001,0.16666666666666666,0.22408026755852842,0.13712374581939799,0.0866298019831283,0.587380337407197,True,0.42653629484772054,0.13333333333333333,0.5585284280936454,0.2040133779264214,0.07333364332795415,0.10825580704704475,True,0.23325103612262357,0.03333333333333333,0.6053511705685619,0.43812709030100333,0.02478432026711027,0.6326169597748608,True,0.49934554828386984,0.13333333333333333,0.2040133779264214,0.19732441471571907,0.09736040270473843,1.377549650594005,True,0.5511207902310026,0.2,0.22408026755852842,0.14381270903010032,0.1825115164779739,0.558873267821837,0.6858974358974359,312,-0.3860777795626324,0.5703971119133574,554,-0.38008430593829506,0.43696581196581197,936
99,both_success,lewm,0,29,300,1.0,22.496666666666666,92.75659790368906,0.5766666666666667,0.5733333333333334,lewm,0.01995135098695755,0.2511290291118642,0.825107390082112,predictor_raw,0.7477883317421983,True,0.40855965066278516,0.1,0.34782608695652173,0.3110367892976589,0.2991800979365144,0.587380337407197,True,0.1300703341148235,0.0,0.842809364548495,0.47157190635451507,0.2846242253368223,0.10825580704704475,True,0.3678134201491128,0.0,0.34448160535117056,0.42474916387959866,0.023794760643185305,0.6326169597748608,True,0.25474327492527693,0.0,0.3879598662207358,0.42474916387959866,0.30766142508968164,1.377549650594005,True,0.347321192457694,0.0,0.34782608695652173,0.35451505016722407,0.6053628348163032,0.5688323877111985,0.7051282051282052,312,-0.5276760619302938,0.40252707581227437,554,-0.22728076843257305,0.5801282051282052,936
99,both_success,lewm,0,29,300,1.0,22.496666666666666,92.75659790368906,0.5766666666666667,0.5733333333333334,ald_tf,0.019224638119339943,0.24198184419154425,0.809766775186391,encoder_raw,0.7477883317421983,True,0.5742112690141001,0.16666666666666666,0.22408026755852842,0.13712374581939799,0.0866298019831283,0.587380337407197,True,0.42653629484772054,0.13333333333333333,0.5585284280936454,0.2040133779264214,0.07333364332795415,0.10825580704704475,True,0.23325103612262357,0.03333333333333333,0.6053511705685619,0.43812709030100333,0.02478432026711027,0.6326169597748608,True,0.49934554828386984,0.13333333333333333,0.2040133779264214,0.19732441471571907,0.09736040270473843,1.377549650594005,True,0.5511207902310026,0.2,0.22408026755852842,0.14381270903010032,0.1825115164779739,0.558873267821837,0.6858974358974359,312,-0.3860777795626324,0.5703971119133574,554,-0.38008430593829506,0.43696581196581197,936
99,both_success,lewm,0,29,300,1.0,22.496666666666666,92.75659790368906,0.5766666666666667,0.5733333333333334,ald_tf,0.019224638119339943,0.24198184419154425,0.809766775186391,predictor_raw,0.7477883317421983,True,0.5551870576339737,0.13333333333333333,0.18729096989966554,0.26421404682274247,0.24138963274281827,0.587380337407197,True,0.24600851120568007,0.0,0.8695652173913043,0.3879598662207358,0.20428988693944153,0.10825580704704475,True,0.54275403060034,0.1,0.35785953177257523,0.27424749163879597,0.00976733460757516,0.6326169597748608,True,0.3895176613073479,0.06666666666666667,0.25418060200668896,0.3177257525083612,0.2132996606566907,1.377549650594005,True,0.49029878109756775,0.1,0.18729096989966554,0.28762541806020064,0.45321060518961614,0.5975898115701237,0.7339743589743589,312,-0.5315900142229997,0.4151624548736462,554,-0.08848798445478262,0.6741452991452992,936
99,both_success,lewm,1,0,300,1.0,7.343333333333334,31.343236091333882,0.9933333333333333,0.04666666666666667,factor,0.09801051765680313,0.19554507561279988,0.9480269780775342,encoder_raw,8.648139500448519,True,0.47141146012733476,0.36666666666666664,0.903010033444816,0.0802675585284281,0.6600745630079373,2.7835575293624326,True,0.7052949477216414,0.13333333333333333,0.12040133779264214,0.22073578595317725,0.09612598045296689,0.3418018314981643,True,0.656242847142746,0.23333333333333334,0.09364548494983277,0.27759197324414714,0.017105978557877707,3.2151802570168777,True,0.7333552595028834,0.16666666666666666,0.42474916387959866,0.21070234113712374,0.1108126195327036,11.201403934757394,True,0.685736952632807,0.5333333333333333,0.006688963210702341,0.023411371237458192,0.5859327842052651,0.6579641687522162,0.8702619414483821,3245,0.521710155656564,0.7478260869565218,460,0.48865129886538006,0.8305647840531561,602
99,both_success,lewm,1,0,300,1.0,7.343333333333334,31.343236091333882,0.9933333333333333,0.04666666666666667,factor,0.09801051765680313,0.19554507561279988,0.9480269780775342,predictor_raw,8.648139500448519,True,0.4517219080212002,0.23333333333333334,0.7190635451505016,0.23745819397993312,2.0263398899224447,2.7835575293624326,True,0.7036571517461305,0.1,0.2976588628762542,0.3210702341137124,0.208218014124522,0.3418018314981643,True,0.6420844676051957,0.23333333333333334,0.2608695652173913,0.6187290969899666,0.186630447259643,3.2151802570168777,True,0.7280640896009956,0.1,0.4013377926421405,0.36789297658862874,0.392429121906024,11.201403934757394,True,0.6614486827631418,0.43333333333333335,0.046822742474916385,0.1605351170568562,2.233814613493093,0.6188130901171941,0.8073959938366718,3245,0.5168187741572087,0.7195652173913043,460,0.4430085119382091,0.6561461794019934,602
99,both_success,lewm,1,0,300,1.0,7.343333333333334,31.343236091333882,0.9933333333333333,0.04666666666666667,factor,0.09801051765680313,0.19554507561279988,0.9480269780775342,encoder_factor_head_diagnostic_only,8.648139500448519,True,0.8409186768741875,0.4666666666666667,0.44481605351170567,0.11036789297658862,0.8937126028819767,2.7835575293624326,True,0.5002002244469383,0.13333333333333333,0.11371237458193979,0.19732441471571907,0.07873832175410951,0.3418018314981643,True,0.3454793942154913,0.13333333333333333,0.23411371237458195,0.12374581939799331,0.0028391963004376396,3.2151802570168777,True,0.5108638984877609,0.16666666666666666,0.7759197324414716,0.16722408026755853,0.07915817857640617,11.201403934757394,True,0.9697787753197258,0.6666666666666666,0.010033444816053512,0.033444816053511704,0.7879163831230072,0.9322372262791097,0.9741140215716487,3245,0.6520282279931521,0.9326086956521739,460,0.23771624699555177,0.7674418604651163,602
99,both_success,lewm,1,0,300,1.0,7.343333333333334,31.343236091333882,0.9933333333333333,0.04666666666666667,lewm,0.10495409369468689,0.20656848694034688,0.9545808286758741,encoder_raw,8.648139500448519,True,0.4708781208680096,0.36666666666666664,0.9130434782608695,0.0802675585284281,0.6600745630079373,2.7835575293624326,True,0.7414904610051223,0.1,0.10367892976588629,0.22073578595317725,0.09612598045296689,0.3418018314981643,True,0.6589802108912322,0.23333333333333334,0.09698996655518395,0.27759197324414714,0.017105978557877707,3.2151802570168777,True,0.7664471827464749,0.13333333333333333,0.44816053511705684,0.21070234113712374,0.1108126195327036,11.201403934757394,True,0.7005060056222847,0.5333333333333333,0.006688963210702341,0.023411371237458192,0.5859327842052651,0.6799272093664596,0.8788906009244992,3245,0.6040533067301427,0.8,460,0.4744695876531881,0.8355481727574751,602
99,both_success,lewm,1,0,300,1.0,7.343333333333334,31.343236091333882,0.9933333333333333,0.04666666666666667,lewm,0.10495409369468689,0.20656848694034688,0.9545808286758741,predictor_raw,8.648139500448519,True,0.4495045500505561,0.26666666666666666,0.7591973244147158,0.11036789297658862,0.8937126028819767,2.7835575293624326,True,0.7542074911943466,0.13333333333333333,0.17725752508361203,0.19732441471571907,0.07873832175410951,0.3418018314981643,True,0.650017000188891,0.16666666666666666,0.10702341137123746,0.12374581939799331,0.0028391963004376396,3.2151802570168777,True,0.7776046400515562,0.16666666666666666,0.4214046822742475,0.16722408026755853,0.07915817857640617,11.201403934757394,True,0.6758683985377615,0.43333333333333335,0.030100334448160536,0.033444816053511704,0.7879163831230072,0.6490321564615966,0.7922958397534668,3245,0.6235080860892707,0.808695652173913,460,0.42705990318644643,0.7308970099667774,602
99,both_success,lewm,1,0,300,1.0,7.343333333333334,31.343236091333882,0.9933333333333333,0.04666666666666667,ald_tf,0.06807112693786621,0.13397619093147523,0.965215169057434,encoder_raw,8.648139500448519,True,0.4708781208680096,0.36666666666666664,0.9130434782608695,0.0802675585284281,0.6600745630079373,2.7835575293624326,True,0.7414904610051223,0.1,0.10367892976588629,0.22073578595317725,0.09612598045296689,0.3418018314981643,True,0.6589802108912322,0.23333333333333334,0.09698996655518395,0.27759197324414714,0.017105978557877707,3.2151802570168777,True,0.7664471827464749,0.13333333333333333,0.44816053511705684,0.21070234113712374,0.1108126195327036,11.201403934757394,True,0.7005060056222847,0.5333333333333333,0.006688963210702341,0.023411371237458192,0.5859327842052651,0.6799272093664596,0.8788906009244992,3245,0.6040533067301427,0.8,460,0.4744695876531881,0.8355481727574751,602
99,both_success,lewm,1,0,300,1.0,7.343333333333334,31.343236091333882,0.9933333333333333,0.04666666666666667,ald_tf,0.06807112693786621,0.13397619093147523,0.965215169057434,predictor_raw,8.648139500448519,True,0.48652096134401496,0.26666666666666666,0.8160535117056856,0.11036789297658862,0.8937126028819767,2.7835575293624326,True,0.6875067500750008,0.1,0.26421404682274247,0.19732441471571907,0.07873832175410951,0.3418018314981643,True,0.6554726163624041,0.2,0.11705685618729098,0.12374581939799331,0.0028391963004376396,3.2151802570168777,True,0.7192173246369404,0.1,0.4682274247491639,0.16722408026755853,0.07915817857640617,11.201403934757394,True,0.6942134912610141,0.4666666666666667,0.016722408026755852,0.033444816053511704,0.7879163831230072,0.6718893615597656,0.8147919876733436,3245,0.48855985044279493,0.6891304347826087,460,0.5090884621653065,0.7990033222591362,602
99,both_success,lewm,1,3,300,1.0,2.94,10.693933972566223,0.9,0.13333333333333333,factor,0.0691424086689949,0.2538782336989053,0.908223424704719,encoder_raw,7.411512917985169,True,0.7500327781419793,0.6,0.013377926421404682,0.023411371237458192,0.10774029040384721,0.06572479255844575,True,0.4120974677496417,0.4,0.8662207357859532,0.42474916387959866,0.12728366206456918,0.00648795372372211,True,0.3760672896365515,0.3333333333333333,0.5618729096989966,0.36454849498327757,0.006882090346911154,0.06784468215358536,True,0.42316647962755144,0.43333333333333335,0.08695652173913043,0.411371237458194,0.12946617013376488,7.570852618314316,True,0.811483683152035,0.7,0.013377926421404682,0.033444816053511704,0.21319028949603425,0.772296630885189,0.9020562770562771,1848,0.11279401308612463,0.6160714285714286,112,0.28273853549402167,0.5401459854014599,137
99,both_success,lewm,1,3,300,1.0,2.94,10.693933972566223,0.9,0.13333333333333333,factor,0.0691424086689949,0.2538782336989053,0.908223424704719,predictor_raw,7.411512917985169,True,0.6620286892076579,0.5,0.08695652173913043,0.12374581939799331,0.7591768600596869,0.06572479255844575,True,0.4178010866787409,0.3333333333333333,0.8561872909698997,0.705685618729097,0.15502243573373836,0.00648795372372211,True,0.4170504116712408,0.26666666666666666,0.7892976588628763,0.6655518394648829,0.010231135915588871,0.06784468215358536,True,0.43525283614262383,0.3,0.21070234113712374,0.7023411371237458,0.16055398937161178,7.570852618314316,True,0.7358086200957789,0.6,0.08695652173913043,0.11371237458193979,0.8957146783897209,0.6852907724211738,0.8955627705627706,1848,0.07064475065883331,0.5267857142857143,112,0.31466727143049034,0.49635036496350365,137
99,both_success,lewm,1,3,300,1.0,2.94,10.693933972566223,0.9,0.13333333333333333,factor,0.0691424086689949,0.2538782336989053,0.908223424704719,encoder_factor_head_diagnostic_only,7.411512917985169,True,0.9127812531250348,0.6,0.026755852842809364,0.030100334448160536,0.11990039245099439,0.06572479255844575,True,0.39039811553461706,0.43333333333333335,0.842809364548495,0.3210702341137124,0.1144780736126543,0.00648795372372211,True,0.290537005966733,0.26666666666666666,0.7023411371237458,0.27424749163879597,0.005649233723718602,0.06784468215358536,True,0.39064611829020324,0.43333333333333335,0.13377926421404682,0.31438127090301005,0.11542772505865745,7.570852618314316,True,0.957398193313259,0.7333333333333333,0.026755852842809364,0.030100334448160536,0.211311946468074,0.9339386480197682,0.9816017316017316,1848,0.27600113548790417,0.5535714285714286,112,0.24035897722209826,0.5620437956204379,137
99,both_success,lewm,1,3,300,1.0,2.94,10.693933972566223,0.9,0.13333333333333333,lewm,0.09754326194524765,0.3531929180315132,0.8770213002366692,encoder_raw,7.411512917985169,True,0.7508652318359093,0.6333333333333333,0.016722408026755852,0.023411371237458192,0.10774029040384721,0.06572479255844575,True,0.44377737530417005,0.43333333333333335,0.842809364548495,0.42474916387959866,0.12728366206456918,0.00648795372372211,True,0.4063320703563373,0.3,0.6153846153846154,0.36454849498327757,0.006882090346911154,0.06784468215358536,True,0.45613262369581886,0.4,0.09364548494983277,0.411371237458194,0.12946617013376488,7.570852618314316,True,0.8180588673207481,0.7,0.016722408026755852,0.033444816053511704,0.21319028949603425,0.7819246100875115,0.9215367965367965,1848,0.1424536898775464,0.6071428571428571,112,0.3080705657004239,0.5474452554744526,137
99,both_success,lewm,1,3,300,1.0,2.94,10.693933972566223,0.9,0.13333333333333333,lewm,0.09754326194524765,0.3531929180315132,0.8770213002366692,predictor_raw,7.411512917985169,True,0.5495434393715486,0.3333333333333333,0.030100334448160536,0.14381270903010032,0.9415921777120941,0.06572479255844575,True,0.4518254647273859,0.16666666666666666,0.802675585284281,0.47157190635451507,0.133544382380509,0.00648795372372211,True,0.462833587039856,0.13333333333333333,0.882943143812709,0.4180602006688963,0.007762700559541418,0.06784468215358536,True,0.4755652840587118,0.2,0.32441471571906355,0.45819397993311034,0.13660750066233499,7.570852618314316,True,0.6347199413326815,0.43333333333333335,0.030100334448160536,0.13377926421404682,1.0541835073328512,0.567321786404786,0.8614718614718615,1848,0.09568625252940023,0.4732142857142857,112,0.3123872809742404,0.5401459854014599,137
99,both_success,lewm,1,3,300,1.0,2.94,10.693933972566223,0.9,0.13333333333333333,ald_tf,0.054309140890836716,0.1966471447078127,0.9474518605762287,encoder_raw,7.411512917985169,True,0.7508652318359093,0.6333333333333333,0.016722408026755852,0.023411371237458192,0.10774029040384721,0.06572479255844575,True,0.44377737530417005,0.43333333333333335,0.842809364548495,0.42474916387959866,0.12728366206456918,0.00648795372372211,True,0.4063320703563373,0.3,0.6153846153846154,0.36454849498327757,0.006882090346911154,0.06784468215358536,True,0.45613262369581886,0.4,0.09364548494983277,0.411371237458194,0.12946617013376488,7.570852618314316,True,0.8180588673207481,0.7,0.016722408026755852,0.033444816053511704,0.21319028949603425,0.7819246100875115,0.9215367965367965,1848,0.1424536898775464,0.6071428571428571,112,0.3080705657004239,0.5474452554744526,137
99,both_success,lewm,1,3,300,1.0,2.94,10.693933972566223,0.9,0.13333333333333333,ald_tf,0.054309140890836716,0.1966471447078127,0.9474518605762287,predictor_raw,7.411512917985169,True,0.6698909987888755,0.5666666666666667,0.07692307692307693,0.14715719063545152,0.9522254210395913,0.06572479255844575,True,0.39693774375270835,0.36666666666666664,0.862876254180602,0.5953177257525084,0.14552128205059944,0.00648795372372211,True,0.3940194891054345,0.3333333333333333,0.6655518394648829,0.5418060200668896,0.009067747085938991,0.06784468215358536,True,0.4119796886632074,0.36666666666666664,0.07023411371237458,0.5819397993311036,0.149889446858823,7.570852618314316,True,0.737765975177502,0.6333333333333333,0.07692307692307693,0.14046822742474915,1.0780986968568362,0.688686347594495,0.8701298701298701,1848,0.058316882449132926,0.625,112,0.29871886103277606,0.5620437956204379,137
99,both_success,lewm,1,9,300,1.0,1.82,7.522984205818787,0.8633333333333333,0.12333333333333334,factor,0.08960123360157013,0.42046001944886585,0.8419520216891299,encoder_raw,6.516523155850976,True,0.7642533805931176,0.5666666666666667,0.09698996655518395,0.03678929765886288,0.22383540566354868,0.02544901242132419,True,0.33207924532494804,0.26666666666666666,0.09698996655518395,0.14715719063545152,0.11424245317803688,0.0028814040377095635,True,0.3055229502550028,0.23333333333333334,0.2140468227424749,0.11371237458193979,0.006299991883661184,0.027319042515693392,True,0.34310825675840845,0.26666666666666666,0.05016722408026756,0.13712374581939799,0.11269257624915463,6.915499455082915,True,0.8252185024278047,0.6333333333333333,0.09698996655518395,0.04013377926421405,0.32455230592101436,0.8023966757744037,0.9256521739130434,2300,-0.049035882372099805,0.7586206896551724,29,0.3841510053729821,0.5517241379310345,29
99,both_success,lewm,1,9,300,1.0,1.82,7.522984205818787,0.8633333333333333,0.12333333333333334,factor,0.08960123360157013,0.42046001944886585,0.8419520216891299,predictor_raw,6.516523155850976,True,0.6113156812853476,0.4,0.4180602006688963,0.1605351170568562,1.142215284229617,0.02544901242132419,True,0.3612515694618829,0.1,0.4180602006688963,0.7725752508361204,0.15552421952037468,0.0028814040377095635,True,0.34734163712930144,0.16666666666666666,0.3177257525083612,0.7190635451505016,0.010483225165037673,0.027319042515693392,True,0.3683889820998011,0.1,0.16387959866220736,0.7658862876254181,0.1581575758728689,6.915499455082915,True,0.6847098301092235,0.4666666666666667,0.4180602006688963,0.14715719063545152,1.288397184110797,0.6456586904818005,0.8708695652173913,2300,0.011546358269607412,0.4482758620689655,29,0.313224699886942,0.5172413793103449,29
99,both_success,lewm,1,9,300,1.0,1.82,7.522984205818787,0.8633333333333333,0.12333333333333334,factor,0.08960123360157013,0.42046001944886585,0.8419520216891299,encoder_factor_head_diagnostic_only,6.516523155850976,True,0.9081100901121124,0.6333333333333333,0.0802675585284281,0.0033444816053511705,0.03842640672247959,0.02544901242132419,True,0.32475871954132823,0.3333333333333333,0.0802675585284281,0.08695652173913043,0.0735880448009625,0.0028814040377095635,True,0.21800953343926044,0.3,0.17725752508361203,0.04013377926421405,0.0021492584420847497,0.027319042515693392,True,0.3116763519594662,0.3333333333333333,0.056856187290969896,0.06688963210702341,0.06788743443050381,6.915499455082915,True,0.9512341248236091,0.7333333333333333,0.0802675585284281,0.0033444816053511705,0.09433816516129448,0.9301486964200125,0.9882608695652174,2300,0.0662536572987926,0.6551724137931034,29,0.37083804606111914,0.5862068965517241,29
99,both_success,lewm,1,9,300,1.0,1.82,7.522984205818787,0.8633333333333333,0.12333333333333334,lewm,0.14160022139549255,0.6509478191200196,0.6754035044833832,encoder_raw,6.516523155850976,True,0.7605448949432771,0.5666666666666667,0.0903010033444816,0.03678929765886288,0.22383540566354868,0.02544901242132419,True,0.3540683785375393,0.26666666666666666,0.0903010033444816,0.14715719063545152,0.11424245317803688,0.0028814040377095635,True,0.33263880709785665,0.26666666666666666,0.19063545150501673,0.11371237458193979,0.006299991883661184,0.027319042515693392,True,0.36550895009944556,0.26666666666666666,0.046822742474916385,0.13712374581939799,0.11269257624915463,6.915499455082915,True,0.8254660607340082,0.6666666666666666,0.0903010033444816,0.04013377926421405,0.32455230592101436,0.8064098818240308,0.9447826086956522,2300,-0.042701347878215085,0.6206896551724138,29,0.41172331493695646,0.5517241379310345,29
99,both_success,lewm,1,9,300,1.0,1.82,7.522984205818787,0.8633333333333333,0.12333333333333334,lewm,0.14160022139549255,0.6509478191200196,0.6754035044833832,predictor_raw,6.516523155850976,True,0.3102785586506517,0.2,0.5351170568561873,0.5284280936454849,4.67318904330509,0.02544901242132419,True,0.29016855742841585,0.06666666666666667,0.5351170568561873,0.2608695652173913,0.13006461169108469,0.0028814040377095635,True,0.3579675329725886,0.06666666666666667,0.5919732441471572,0.19732441471571907,0.007524704085419063,0.027319042515693392,True,0.30959099545550506,0.06666666666666667,0.2909698996655518,0.2508361204013378,0.1297394469639603,6.915499455082915,True,0.3911443460482894,0.2,0.5351170568561873,0.4983277591973244,4.790952814277361,0.3384065117843035,0.7630434782608696,2300,-0.04143464583661654,0.3103448275862069,29,0.2937657963791219,0.6551724137931034,29
99,both_success,lewm,1,9,300,1.0,1.82,7.522984205818787,0.8633333333333333,0.12333333333333334,ald_tf,0.052557673305273056,0.24161193025633942,0.9273040811564573,encoder_raw,6.516523155850976,True,0.7605448949432771,0.5666666666666667,0.0903010033444816,0.03678929765886288,0.22383540566354868,0.02544901242132419,True,0.3540683785375393,0.26666666666666666,0.0903010033444816,0.14715719063545152,0.11424245317803688,0.0028814040377095635,True,0.33263880709785665,0.26666666666666666,0.19063545150501673,0.11371237458193979,0.006299991883661184,0.027319042515693392,True,0.36550895009944556,0.26666666666666666,0.046822742474916385,0.13712374581939799,0.11269257624915463,6.915499455082915,True,0.8254660607340082,0.6666666666666666,0.0903010033444816,0.04013377926421405,0.32455230592101436,0.8064098818240308,0.9447826086956522,2300,-0.042701347878215085,0.6206896551724138,29,0.41172331493695646,0.5517241379310345,29
99,both_success,lewm,1,9,300,1.0,1.82,7.522984205818787,0.8633333333333333,0.12333333333333334,ald_tf,0.052557673305273056,0.24161193025633942,0.9273040811564573,predictor_raw,6.516523155850976,True,0.6090823231369238,0.3333333333333333,0.1939799331103679,0.1505016722408027,1.0607241270251386,0.02544901242132419,True,0.32347603862265134,0.1,0.1939799331103679,0.725752508361204,0.1534675187499893,0.0028814040377095635,True,0.3290907676751964,0.13333333333333333,0.3745819397993311,0.6755852842809364,0.010218763292712305,0.027319042515693392,True,0.33312859031767017,0.1,0.0802675585284281,0.7157190635451505,0.15583641323015815,6.915499455082915,True,0.6785457616195736,0.4,0.1939799331103679,0.13377926421404682,1.204584864263608,0.64412748215249,0.8660869565217392,2300,-0.039287109716998656,0.5862068965517241,29,0.3267276940280037,0.5862068965517241,29
99,both_success,lewm,1,19,300,1.0,1.23,4.019386073098209,0.74,0.20666666666666667,factor,0.09334205836057663,0.9378383788417723,0.6323875412379667,encoder_raw,4.036541495838042,True,0.8717797833064626,0.5,0.08695652173913043,0.05016722408026756,0.24006095109528713,0.021615253302317977,True,0.29967336300107555,0.23333333333333334,0.12374581939799331,0.21739130434782608,0.13058937072243856,0.0026037993358493192,True,0.2791531327184911,0.3,0.07357859531772576,0.17725752508361203,0.00735918545126632,0.025265570314464025,True,0.3213353838748655,0.23333333333333334,0.10367892976588629,0.21070234113712374,0.13248993918904564,4.042288187350211,True,0.8802014333716467,0.5333333333333333,0.08695652173913043,0.06020066889632107,0.37183758231610914,0.8752476543992583,0.9206234142805364,2759,-0.28158326305957326,0.3103448275862069,29,0.3452393873228804,0.6857142857142857,35
99,both_success,lewm,1,19,300,1.0,1.23,4.019386073098209,0.74,0.20666666666666667,factor,0.09334205836057663,0.9378383788417723,0.6323875412379667,predictor_raw,4.036541495838042,True,0.6007964532939255,0.16666666666666666,0.6989966555183946,0.08695652173913043,0.40052985355708143,0.021615253302317977,True,0.14254780608673429,0.0,0.6688963210702341,0.7591973244147158,0.15734348223517935,0.0026037993358493192,True,0.24842187135412616,0.1,0.3110367892976589,0.705685618729097,0.010386348469426305,0.025265570314464025,True,0.1765761841798242,0.0,0.822742474916388,0.7391304347826086,0.1622712137199464,4.042288187350211,True,0.6125152501694463,0.1,0.6989966555183946,0.09364548494983277,0.5620877593088042,0.633019610148264,0.8474084813338166,2759,-0.3152137575723142,0.4827586206896552,29,0.336463874188354,0.7142857142857143,35
99,both_success,lewm,1,19,300,1.0,1.23,4.019386073098209,0.74,0.20666666666666667,factor,0.09334205836057663,0.9378383788417723,0.6323875412379667,encoder_factor_head_diagnostic_only,4.036541495838042,True,0.9498459927161463,0.6333333333333333,0.06688963210702341,0.05016722408026756,0.24006095109528713,0.021615253302317977,True,0.3381706839154549,0.3333333333333333,0.10702341137123746,0.21739130434782608,0.13058937072243856,0.0026037993358493192,True,0.26936591177301156,0.4,0.030100334448160536,0.17725752508361203,0.00735918545126632,0.025265570314464025,True,0.34162938939648313,0.3333333333333333,0.14381270903010032,0.21070234113712374,0.13248993918904564,4.042288187350211,True,0.9566934028926384,0.6333333333333333,0.06688963210702341,0.06020066889632107,0.37183758231610914,0.9518667467379534,0.9797027908662559,2759,-0.3072637555166197,0.3448275862068966,29,0.3866949120964239,0.8285714285714286,35
99,both_success,lewm,1,19,300,1.0,1.23,4.019386073098209,0.74,0.20666666666666667,lewm,0.1331777274608612,1.3652422247778297,0.42728217586467043,encoder_raw,4.036541495838042,True,0.8866313818223494,0.5666666666666667,0.0903010033444816,0.05016722408026756,0.24006095109528713,0.021615253302317977,True,0.310608631342274,0.26666666666666666,0.13043478260869565,0.21739130434782608,0.13058937072243856,0.0026037993358493192,True,0.29388110843034726,0.3333333333333333,0.0802675585284281,0.17725752508361203,0.00735918545126632,0.025265570314464025,True,0.3381091652372144,0.26666666666666666,0.14046822742474915,0.21070234113712374,0.13248993918904564,4.042288187350211,True,0.8961381562324595,0.5666666666666667,0.0903010033444816,0.06020066889632107,0.37183758231610914,0.892816120075356,0.9539688292859732,2759,-0.3093498565070664,0.3448275862068966,29,0.38943274186772925,0.8,35
99,both_success,lewm,1,19,300,1.0,1.23,4.019386073098209,0.74,0.20666666666666667,lewm,0.1331777274608612,1.3652422247778297,0.42728217586467043,predictor_raw,4.036541495838042,True,0.24222135801508907,0.03333333333333333,0.782608695652174,0.2909698996655518,1.402847507528272,0.021615253302317977,True,-0.1131452571695241,0.0,0.7993311036789298,0.431438127090301,0.14432972671181452,0.0026037993358493192,True,0.06034378159757331,0.03333333333333333,0.5384615384615384,0.391304347826087,0.008858580240085318,0.025265570314464025,True,-0.06229491438793765,0.0,0.9498327759197325,0.42474916387959866,0.1477296899672406,4.042288187350211,True,0.2529361437349304,0.03333333333333333,0.782608695652174,0.28762541806020064,1.549863889527289,0.3350915841640166,0.7114896701703516,2759,-0.3298304664386752,0.4827586206896552,29,0.2491476852745906,0.7142857142857143,35
99,both_success,lewm,1,19,300,1.0,1.23,4.019386073098209,0.74,0.20666666666666667,ald_tf,0.04270851984620094,0.4378170116240428,0.9105529862672003,encoder_raw,4.036541495838042,True,0.8866313818223494,0.5666666666666667,0.0903010033444816,0.05016722408026756,0.24006095109528713,0.021615253302317977,True,0.310608631342274,0.26666666666666666,0.13043478260869565,0.21739130434782608,0.13058937072243856,0.0026037993358493192,True,0.29388110843034726,0.3333333333333333,0.0802675585284281,0.17725752508361203,0.00735918545126632,0.025265570314464025,True,0.3381091652372144,0.26666666666666666,0.14046822742474915,0.21070234113712374,0.13248993918904564,4.042288187350211,True,0.8961381562324595,0.5666666666666667,0.0903010033444816,0.06020066889632107,0.37183758231610914,0.892816120075356,0.9539688292859732,2759,-0.3093498565070664,0.3448275862068966,29,0.38943274186772925,0.8,35
99,both_success,lewm,1,19,300,1.0,1.23,4.019386073098209,0.74,0.20666666666666667,ald_tf,0.04270851984620094,0.4378170116240428,0.9105529862672003,predictor_raw,4.036541495838042,True,0.7331779241991577,0.16666666666666666,0.25752508361204013,0.1505016722408027,0.6255808723701644,0.021615253302317977,True,0.22310203446704963,0.06666666666666667,0.19063545150501673,0.12374581939799331,0.10435364135423085,0.0026037993358493192,True,0.23420793564372938,0.1,0.16722408026755853,0.08361204013377926,0.004682019175775764,0.025265570314464025,True,0.24972721919132435,0.06666666666666667,0.4882943143812709,0.12040133779264214,0.10357704354534737,4.042288187350211,True,0.7433375926399183,0.2,0.25752508361204013,0.14715719063545152,0.7284446079472879,0.7360996451186023,0.8615440376948169,2759,-0.2328112498254296,0.41379310344827586,29,0.25470657845997824,0.7142857142857143,35
99,both_success,lewm,1,29,300,1.0,1.07,2.6732666016192947,0.96,0.22333333333333333,factor,0.08258860558271408,2.68653354114958,0.4449397597468701,encoder_raw,1.6100384767292115,True,0.9178036726963203,0.6,0.27759197324414714,0.07692307692307693,0.298433115503497,0.007630509449344264,True,0.28423848809600266,0.3,0.27759197324414714,0.9531772575250836,0.15283282399449583,0.0008798230073681825,True,0.2652031210649052,0.3,0.07357859531772576,0.9498327759197325,0.010015765072136291,0.008510037284745586,True,0.2842224878808886,0.3,0.11036789297658862,0.9531772575250836,0.15855119505592444,1.6150010577749079,True,0.9177787834728096,0.6,0.27759197324414714,0.07692307692307693,0.44628572482901063,0.9120324539750382,0.9005335365853658,2624,-0.11885229112798312,0.7894736842105263,19,0.13594265102167055,0.4666666666666667,15
99,both_success,lewm,1,29,300,1.0,1.07,2.6732666016192947,0.96,0.22333333333333333,factor,0.08258860558271408,2.68653354114958,0.4449397597468701,predictor_raw,1.6100384767292115,True,0.6395524394715497,0.06666666666666667,0.959866220735786,0.2909698996655518,1.0622881427171034,0.007630509449344264,True,0.08623918043533817,0.06666666666666667,0.959866220735786,0.7725752508361204,0.1474850247765161,0.0008798230073681825,True,0.11942888254313937,0.06666666666666667,0.8963210702341137,0.7625418060200669,0.009388525491204124,0.008510037284745586,True,0.08596095512172358,0.06666666666666667,0.8294314381270903,0.7725752508361204,0.15257615625701254,1.6150010577749079,True,0.6385577617529083,0.06666666666666667,0.959866220735786,0.29431438127090304,1.2041657132437054,0.6699404469180806,0.8208841463414634,2624,-0.29981891940676186,0.21052631578947367,19,0.27614088505508716,0.5333333333333333,15
99,both_success,lewm,1,29,300,1.0,1.07,2.6732666016192947,0.96,0.22333333333333333,factor,0.08258860558271408,2.68653354114958,0.4449397597468701,encoder_factor_head_diagnostic_only,1.6100384767292115,True,0.9700826044277093,0.7666666666666667,0.23745819397993312,0.030100334448160536,0.06984613225885365,0.007630509449344264,True,0.29568035399645065,0.43333333333333335,0.23745819397993312,0.043478260869565216,0.0893591138965321,0.0008798230073681825,True,0.276228985694982,0.43333333333333335,0.11705685618729098,0.03678929765886288,0.0029934529173074654,0.008510037284745586,True,0.2955939084090033,0.43333333333333335,0.08361204013377926,0.043478260869565216,0.08805517280313188,1.6150010577749079,True,0.9701650499622672,0.7666666666666667,0.23745819397993312,0.033444816053511704,0.1472027193315747,0.96923027522391,0.959984756097561,2624,-0.22046611767679686,0.5263157894736842,19,0.2441660588029863,0.6,15
99,both_success,lewm,1,29,300,1.0,1.07,2.6732666016192947,0.96,0.22333333333333333,lewm,0.09944669157266617,3.348075306371573,0.254046720623569,encoder_raw,1.6100384767292115,True,0.962304164057897,0.7,0.3177257525083612,0.05016722408026756,0.16604134877146967,0.007630509449344264,True,0.28917230007582617,0.36666666666666664,0.3177257525083612,0.5418060200668896,0.14345293847570695,0.0008798230073681825,True,0.27373653871008097,0.36666666666666664,0.07357859531772576,0.5384615384615384,0.00892500181676739,0.008510037284745586,True,0.2891676333469364,0.36666666666666664,0.10033444816053512,0.5418060200668896,0.14808054628176667,1.6150010577749079,True,0.9622703858297427,0.7,0.3177257525083612,0.05351170568561873,0.30342330932282546,0.9619073116426027,0.9496951219512195,2624,-0.2521005953282492,0.7894736842105263,19,0.2706294318764642,0.4,15
99,both_success,lewm,1,29,300,1.0,1.07,2.6732666016192947,0.96,0.22333333333333333,lewm,0.09944669157266617,3.348075306371573,0.254046720623569,predictor_raw,1.6100384767292115,True,0.2514245713841265,0.0,0.9765886287625418,0.27759197324414714,1.029971077672742,0.007630509449344264,True,-0.00692052133912599,0.06666666666666667,0.9765886287625418,0.7123745819397993,0.1461897285791969,0.0008798230073681825,True,0.026602962255136166,0.1,0.9866220735785953,0.7023411371237458,0.009236886096142552,0.008510037284745586,True,-0.00732141468238536,0.06666666666666667,0.8996655518394648,0.7123745819397993,0.15112922066463177,1.6150010577749079,True,0.2512010133445927,0.0,0.9765886287625418,0.2809364548494983,1.1704017126069632,0.2825441199028157,0.6486280487804879,2624,-0.18190026430143327,0.2631578947368421,19,0.1655965861659293,0.6,15
99,both_success,lewm,1,29,300,1.0,1.07,2.6732666016192947,0.96,0.22333333333333333,ald_tf,0.03077985718846321,1.036266548003115,0.7956734978708252,encoder_raw,1.6100384767292115,True,0.962304164057897,0.7,0.3177257525083612,0.05016722408026756,0.16604134877146967,0.007630509449344264,True,0.28917230007582617,0.36666666666666664,0.3177257525083612,0.5418060200668896,0.14345293847570695,0.0008798230073681825,True,0.27373653871008097,0.36666666666666664,0.07357859531772576,0.5384615384615384,0.00892500181676739,0.008510037284745586,True,0.2891676333469364,0.36666666666666664,0.10033444816053512,0.5418060200668896,0.14808054628176667,1.6150010577749079,True,0.9622703858297427,0.7,0.3177257525083612,0.05351170568561873,0.30342330932282546,0.9619073116426027,0.9496951219512195,2624,-0.2521005953282492,0.7894736842105263,19,0.2706294318764642,0.4,15
99,both_success,lewm,1,29,300,1.0,1.07,2.6732666016192947,0.96,0.22333333333333333,ald_tf,0.03077985718846321,1.036266548003115,0.7956734978708252,predictor_raw,1.6100384767292115,True,0.6683700930010333,0.16666666666666666,0.49498327759197325,0.19732441471571907,0.7415257358864925,0.007630509449344264,True,0.2165748508316759,0.06666666666666667,0.49498327759197325,0.45484949832775917,0.1423842269936967,0.0008798230073681825,True,0.20951477238635985,0.06666666666666667,0.3979933110367893,0.44816053511705684,0.00879333338720821,0.008510037284745586,True,0.21663707374526384,0.06666666666666667,0.15719063545150502,0.45484949832775917,0.14688016637019724,1.6150010577749079,True,0.6687989866554073,0.16666666666666666,0.49498327759197325,0.19732441471571907,0.8777073165262789,0.651779517759659,0.7541920731707317,2624,-0.07877066902975978,0.7894736842105263,19,0.09025881048173047,0.3333333333333333,15
99,both_success,ald_tf,0,0,300,1.0,7.09,26.444728460080743,0.0,0.0,factor,0.05315237492322922,0.23946349234481176,0.9124456938410427,encoder_raw,33.280811679358166,True,0.6217273525261392,0.6,0.0033444816053511705,0.020066889632107024,4.745455588967932,12.114331616205071,True,0.7386037622640251,0.5333333333333333,0.006688963210702341,0.056856187290969896,3.615573055292666,3.9681932962845545,True,0.9094021044678274,0.7,0.010033444816053512,0.013377926421404682,0.6309968456028295,14.554239587655005,True,0.8171948577206414,0.6333333333333333,0.006688963210702341,0.016722408026755852,4.119632545859726,42.05466349988323,True,0.7191751019455772,0.6333333333333333,0.0033444816053511705,0.020066889632107024,8.026683125003848,0.5699283041839746,0.7256894049346879,1378,-0.1809048307996777,0.5431472081218274,197,0.8712693498264705,0.8602620087336245,458
99,both_success,ald_tf,0,0,300,1.0,7.09,26.444728460080743,0.0,0.0,factor,0.05315237492322922,0.23946349234481176,0.9124456938410427,predictor_raw,33.280811679358166,True,0.705712730141446,0.6,0.0033444816053511705,0.020066889632107024,4.745455588967932,12.114331616205071,True,0.707262969588551,0.5333333333333333,0.006688963210702341,0.056856187290969896,3.615573055292666,3.9681932962845545,True,0.7698654429493661,0.6666666666666666,0.05351170568561873,0.013377926421404682,0.6309968456028295,14.554239587655005,True,0.7451776130845899,0.6333333333333333,0.006688963210702341,0.016722408026755852,4.119632545859726,42.05466349988323,True,0.7605746730519228,0.6,0.0033444816053511705,0.020066889632107024,8.026683125003848,0.5918906351372174,0.6676342525399129,1378,-0.15082312372003348,0.5786802030456852,197,0.673237091580331,0.7685589519650655,458
99,both_success,ald_tf,0,0,300,1.0,7.09,26.444728460080743,0.0,0.0,factor,0.05315237492322922,0.23946349234481176,0.9124456938410427,encoder_factor_head_diagnostic_only,33.280811679358166,True,0.9437331525905843,0.9,0.0033444816053511705,0.006688963210702341,1.5029441923923776,12.114331616205071,True,0.8680363115145724,0.7666666666666667,0.0,0.0,0.0,3.9681932962845545,True,0.6112005688952099,0.5,0.05016722408026756,0.006688963210702341,0.12693735503577008,14.554239587655005,True,0.847106745630507,0.8666666666666667,0.0,0.0,0.0,42.05466349988323,True,0.9819477994199935,0.9666666666666667,0.0033444816053511705,0.0033444816053511705,0.6645391825685674,0.9200241007864635,0.9484760522496372,1378,0.6045672244350339,0.9187817258883249,197,0.35464238133002185,0.7925764192139738,458
99,both_success,ald_tf,0,0,300,1.0,7.09,26.444728460080743,0.0,0.0,lewm,0.0476607009768486,0.20715083491335132,0.9388824320270225,encoder_raw,33.280811679358166,True,0.7380842009355659,0.6333333333333333,0.0,0.0,0.0,12.114331616205071,True,0.6903761152901698,0.5666666666666667,0.006688963210702341,0.013377926421404682,0.522299725444307,3.9681932962845545,True,0.79182613140146,0.6333333333333333,0.013377926421404682,0.010033444816053512,0.4430426394152728,14.554239587655005,True,0.742668696318848,0.6666666666666666,0.006688963210702341,0.0033444816053511705,0.8384050098238098,42.05466349988323,True,0.7906683407593418,0.6666666666666666,0.0,0.0,0.0,0.736887045760076,0.8076923076923077,1378,-0.37507277415684853,0.45685279187817257,197,0.785412535119808,0.8187772925764192,458
99,both_success,ald_tf,0,0,300,1.0,7.09,26.444728460080743,0.0,0.0,lewm,0.0476607009768486,0.20715083491335132,0.9388824320270225,predictor_raw,33.280811679358166,True,0.7402646696074401,0.5666666666666667,0.006688963210702341,0.020066889632107024,4.745455588967932,12.114331616205071,True,0.6303376704185603,0.5333333333333333,0.0033444816053511705,0.056856187290969896,3.615573055292666,3.9681932962845545,True,0.6819240213780153,0.6333333333333333,0.2842809364548495,0.013377926421404682,0.6309968456028295,14.554239587655005,True,0.6602051133901488,0.6,0.0033444816053511705,0.016722408026755852,4.119632545859726,42.05466349988323,True,0.7663916265736286,0.6,0.006688963210702341,0.020066889632107024,8.026683125003848,0.6853674963162825,0.7685050798258345,1378,-0.322558883998503,0.43147208121827413,197,0.6320399132962871,0.759825327510917,458
99,both_success,ald_tf,0,0,300,1.0,7.09,26.444728460080743,0.0,0.0,ald_tf,0.0343637578189373,0.14935745755000332,0.9336632629251436,encoder_raw,33.280811679358166,True,0.7380842009355659,0.6333333333333333,0.0,0.0,0.0,12.114331616205071,True,0.6903761152901698,0.5666666666666667,0.006688963210702341,0.013377926421404682,0.522299725444307,3.9681932962845545,True,0.79182613140146,0.6333333333333333,0.013377926421404682,0.010033444816053512,0.4430426394152728,14.554239587655005,True,0.742668696318848,0.6666666666666666,0.006688963210702341,0.0033444816053511705,0.8384050098238098,42.05466349988323,True,0.7906683407593418,0.6666666666666666,0.0,0.0,0.0,0.736887045760076,0.8076923076923077,1378,-0.37507277415684853,0.45685279187817257,197,0.785412535119808,0.8187772925764192,458
99,both_success,ald_tf,0,0,300,1.0,7.09,26.444728460080743,0.0,0.0,ald_tf,0.0343637578189373,0.14935745755000332,0.9336632629251436,predictor_raw,33.280811679358166,True,0.7357250636118179,0.6333333333333333,0.0033444816053511705,0.020066889632107024,4.745455588967932,12.114331616205071,True,0.5886185402060022,0.5666666666666667,0.006688963210702341,0.056856187290969896,3.615573055292666,3.9681932962845545,True,0.6467214080156446,0.6333333333333333,0.023411371237458192,0.013377926421404682,0.6309968456028295,14.554239587655005,True,0.6135694841053789,0.6666666666666666,0.006688963210702341,0.016722408026755852,4.119632545859726,42.05466349988323,True,0.7483918710207891,0.6666666666666666,0.0033444816053511705,0.020066889632107024,8.026683125003848,0.7005698481359353,0.7699564586357039,1378,-0.3799725800490664,0.38071065989847713,197,0.6192000044130368,0.7794759825327511,458
99,both_success,ald_tf,0,3,300,1.0,17.723333333333333,89.99200657936274,0.25333333333333335,0.08,factor,0.12443756312131882,0.1990242551876326,0.9080469782997589,encoder_raw,8.425402305381777,True,0.5675987510972345,0.3,0.5418060200668896,0.04013377926421405,0.1382369311663051,4.992711878699043,True,0.6196051067234081,0.23333333333333334,0.16722408026755853,0.043478260869565216,0.06741237788700419,2.8509742685803166,True,0.7672320803564484,0.36666666666666664,0.013377926421404682,0.0903010033444816,0.018098209326814694,7.049731351229468,True,0.8014489049878332,0.3333333333333333,0.020066889632107024,0.006688963210702341,0.06901446674038281,17.031962107403537,True,0.8156321736908188,0.5333333333333333,0.023411371237458192,0.010033444816053512,0.04617933748270031,0.3615576486146707,0.7796875,1920,0.2692844445896017,0.7503075030750308,813,0.6517328794822718,0.8983957219251337,748
99,both_success,ald_tf,0,3,300,1.0,17.723333333333333,89.99200657936274,0.25333333333333335,0.08,factor,0.12443756312131882,0.1990242551876326,0.9080469782997589,predictor_raw,8.425402305381777,True,0.5867389637662641,0.4,0.5484949832775919,0.09364548494983277,0.4911949053120315,4.992711878699043,True,0.5702952255025056,0.23333333333333334,0.6120401337792643,0.25418060200668896,0.5095492361271169,2.8509742685803166,True,0.7199404437827087,0.3,0.16387959866220736,0.05016722408026756,0.0073263972045261765,7.049731351229468,True,0.7510016777964199,0.36666666666666664,0.0903010033444816,0.13377926421404682,0.5003795128582069,17.031962107403537,True,0.7683943154923943,0.5333333333333333,0.010033444816053512,0.07023411371237458,0.8305023577462509,0.40885034443438906,0.7515625,1920,0.17520545838948837,0.6838868388683886,813,0.5902798775913835,0.8101604278074866,748
99,both_success,ald_tf,0,3,300,1.0,17.723333333333333,89.99200657936274,0.25333333333333335,0.08,factor,0.12443756312131882,0.1990242551876326,0.9080469782997589,encoder_factor_head_diagnostic_only,8.425402305381777,True,0.8145330503672263,0.5666666666666667,0.14046822742474915,0.04013377926421405,0.1382369311663051,4.992711878699043,True,0.7891212124579162,0.43333333333333335,0.05016722408026756,0.043478260869565216,0.06741237788700419,2.8509742685803166,True,0.6233615929065879,0.3,0.046822742474916385,0.0903010033444816,0.018098209326814694,7.049731351229468,True,0.8315190168779653,0.4666666666666667,0.09364548494983277,0.006688963210702341,0.06901446674038281,17.031962107403537,True,0.9727676974188602,0.7666666666666667,0.013377926421404682,0.010033444816053512,0.04617933748270031,0.8005135395689668,0.9182291666666667,1920,0.7030050475968994,0.8474784747847478,813,0.4277374945224648,0.6978609625668449,748
99,both_success,ald_tf,0,3,300,1.0,17.723333333333333,89.99200657936274,0.25333333333333335,0.08,lewm,0.1252739280462265,0.19921109289687408,0.9071109678996433,encoder_raw,8.425402305381777,True,0.565310281225347,0.3333333333333333,0.5083612040133779,0.04013377926421405,0.1382369311663051,4.992711878699043,True,0.6129050322781364,0.23333333333333334,0.20066889632107024,0.043478260869565216,0.06741237788700419,2.8509742685803166,True,0.7618444649384993,0.3333333333333333,0.016722408026755852,0.0903010033444816,0.018098209326814694,7.049731351229468,True,0.8025853620595784,0.36666666666666664,0.023411371237458192,0.006688963210702341,0.06901446674038281,17.031962107403537,True,0.8049800553339481,0.5333333333333333,0.020066889632107024,0.010033444816053512,0.04617933748270031,0.3588931702279217,0.7869791666666667,1920,0.257606988413924,0.7478474784747847,813,0.6438215314848648,0.8943850267379679,748
99,both_success,ald_tf,0,3,300,1.0,17.723333333333333,89.99200657936274,0.25333333333333335,0.08,lewm,0.1252739280462265,0.19921109289687408,0.9071109678996433,predictor_raw,8.425402305381777,True,0.5532568139645996,0.4,0.4916387959866221,0.04013377926421405,0.1382369311663051,4.992711878699043,True,0.5715356837298192,0.23333333333333334,0.2842809364548495,0.043478260869565216,0.06741237788700419,2.8509742685803166,True,0.6904938943766041,0.36666666666666664,0.0903010033444816,0.0903010033444816,0.018098209326814694,7.049731351229468,True,0.7476785297614418,0.4,0.08361204013377926,0.006688963210702341,0.06901446674038281,17.031962107403537,True,0.7430291447682752,0.5,0.010033444816053512,0.010033444816053512,0.04617933748270031,0.34498703322084134,0.7494791666666667,1920,0.2104659222396653,0.7047970479704797,813,0.5392035207260903,0.8221925133689839,748
99,both_success,ald_tf,0,3,300,1.0,17.723333333333333,89.99200657936274,0.25333333333333335,0.08,ald_tf,0.09710246324539185,0.15441271881372712,0.916189735441505,encoder_raw,8.425402305381777,True,0.565310281225347,0.3333333333333333,0.5083612040133779,0.04013377926421405,0.1382369311663051,4.992711878699043,True,0.6129050322781364,0.23333333333333334,0.20066889632107024,0.043478260869565216,0.06741237788700419,2.8509742685803166,True,0.7618444649384993,0.3333333333333333,0.016722408026755852,0.0903010033444816,0.018098209326814694,7.049731351229468,True,0.8025853620595784,0.36666666666666664,0.023411371237458192,0.006688963210702341,0.06901446674038281,17.031962107403537,True,0.8049800553339481,0.5333333333333333,0.020066889632107024,0.010033444816053512,0.04617933748270031,0.3588931702279217,0.7869791666666667,1920,0.257606988413924,0.7478474784747847,813,0.6438215314848648,0.8943850267379679,748
99,both_success,ald_tf,0,3,300,1.0,17.723333333333333,89.99200657936274,0.25333333333333335,0.08,ald_tf,0.09710246324539185,0.15441271881372712,0.916189735441505,predictor_raw,8.425402305381777,True,0.5837042633807042,0.4,0.47491638795986624,0.006688963210702341,0.06720893116422753,4.992711878699043,True,0.5471358570650785,0.2,0.19063545150501673,0.0802675585284281,0.09070935806916937,2.8509742685803166,True,0.7312232358137313,0.3333333333333333,0.013377926421404682,0.11036789297658862,0.02587336007436325,7.049731351229468,True,0.7517830198113312,0.4,0.033444816053511704,0.020066889632107024,0.10008659767009653,17.031962107403537,True,0.7537785975399727,0.5666666666666667,0.023411371237458192,0.0033444816053511705,0.006223468410336552,0.4176073840485299,0.79375,1920,0.12159067072215568,0.7183271832718328,813,0.6154673987093364,0.9010695187165776,748
99,both_success,ald_tf,0,9,300,1.0,19.953333333333333,93.36551831550763,0.36666666666666664,0.14,factor,0.1007646918296814,0.19450474235543488,0.9389944332714808,encoder_raw,4.719489864229317,True,0.6197979977555306,0.5,0.07357859531772576,0.0802675585284281,0.2792707806185323,3.0067105200452318,True,0.4945877176413071,0.3333333333333333,0.07023411371237458,0.25418060200668896,0.2712643944482417,0.9224359927499205,True,0.7101612240136002,0.3,0.22408026755852842,0.09698996655518395,0.006598072126327722,3.444661008295337,True,0.6580984233158146,0.5,0.07023411371237458,0.12374581939799331,0.2690421926555752,8.381567134406243,True,0.7461518461316237,0.5666666666666667,0.006688963210702341,0.07357859531772576,0.5433073766749557,0.3740926570156804,0.7501904036557502,1313,0.08716731550365821,0.6532374100719425,695,0.5735090806376416,0.8734015345268542,782
99,both_success,ald_tf,0,9,300,1.0,19.953333333333333,93.36551831550763,0.36666666666666664,0.14,factor,0.1007646918296814,0.19450474235543488,0.9389944332714808,predictor_raw,4.719489864229317,True,0.6258229535883733,0.4,0.033444816053511704,0.026755852842809364,0.06552798116846249,3.0067105200452318,True,0.46198291092123245,0.26666666666666666,0.14715719063545152,0.046822742474916385,0.041438809294916015,0.9224359927499205,True,0.6879085323170258,0.3,0.1939799331103679,0.23411371237458195,0.04579324610553397,3.444661008295337,True,0.6271376348626095,0.4,0.14715719063545152,0.023411371237458192,0.0784117814814558,8.381567134406243,True,0.7148572761919577,0.5333333333333333,0.006688963210702341,0.016722408026755852,0.1389341660507664,0.40788608828173983,0.7425742574257426,1313,0.025770056469660532,0.6143884892086331,695,0.5467296002446491,0.8286445012787724,782
99,both_success,ald_tf,0,9,300,1.0,19.953333333333333,93.36551831550763,0.36666666666666664,0.14,factor,0.1007646918296814,0.19450474235543488,0.9389944332714808,encoder_factor_head_diagnostic_only,4.719489864229317,True,0.8575464171824131,0.6,0.08361204013377926,0.033444816053511704,0.09126846588013078,3.0067105200452318,True,0.7535861509572328,0.4666666666666667,0.05016722408026756,0.1505016722408027,0.13233342021079145,0.9224359927499205,True,0.6176286403182257,0.3,0.32441471571906355,0.030100334448160536,0.0018428426005560924,3.444661008295337,True,0.8205162279580884,0.6333333333333333,0.05016722408026756,0.05016722408026756,0.12535598889235336,8.381567134406243,True,0.9584293158812875,0.7333333333333333,0.026755852842809364,0.030100334448160536,0.21161885817333226,0.7641523613262982,0.8926123381568926,1313,0.5828613645763336,0.7784172661870503,695,0.3846139051849594,0.7864450127877238,782
99,both_success,ald_tf,0,9,300,1.0,19.953333333333333,93.36551831550763,0.36666666666666664,0.14,lewm,0.1118711307644844,0.2123272827133385,0.9395366615184613,encoder_raw,4.719489864229317,True,0.6130379226435849,0.5333333333333333,0.06354515050167224,0.0802675585284281,0.2792707806185323,3.0067105200452318,True,0.4919103545594951,0.4,0.07692307692307693,0.25418060200668896,0.2712643944482417,0.9224359927499205,True,0.7098407760086223,0.26666666666666666,0.21739130434782608,0.09698996655518395,0.006598072126327722,3.444661008295337,True,0.6567917421304681,0.5666666666666667,0.07692307692307693,0.12374581939799331,0.2690421926555752,8.381567134406243,True,0.7404171157457305,0.6333333333333333,0.006688963210702341,0.07357859531772576,0.5433073766749557,0.36308364186455055,0.7585681645087585,1313,0.08770506141265642,0.6532374100719425,695,0.5737924528845502,0.8682864450127877,782
99,both_success,ald_tf,0,9,300,1.0,19.953333333333333,93.36551831550763,0.36666666666666664,0.14,lewm,0.1118711307644844,0.2123272827133385,0.9395366615184613,predictor_raw,4.719489864229317,True,0.6326141401571128,0.4666666666666667,0.013377926421404682,0.0802675585284281,0.2792707806185323,3.0067105200452318,True,0.4940294892165468,0.3333333333333333,0.16722408026755853,0.25418060200668896,0.2712643944482417,0.9224359927499205,True,0.6728225869176324,0.3,0.2408026755852843,0.09698996655518395,0.006598072126327722,3.444661008295337,True,0.6528276980855343,0.4666666666666667,0.16722408026755853,0.12374581939799331,0.2690421926555752,8.381567134406243,True,0.7385326503627818,0.5666666666666667,0.010033444816053512,0.07357859531772576,0.5433073766749557,0.4002275363053804,0.7555217060167555,1313,0.08805636658244874,0.6086330935251798,695,0.5152415187340521,0.8056265984654731,782
99,both_success,ald_tf,0,9,300,1.0,19.953333333333333,93.36551831550763,0.36666666666666664,0.14,ald_tf,0.09387653321027756,0.17817419982148494,0.938924210269003,encoder_raw,4.719489864229317,True,0.6130379226435849,0.5333333333333333,0.06354515050167224,0.0802675585284281,0.2792707806185323,3.0067105200452318,True,0.4919103545594951,0.4,0.07692307692307693,0.25418060200668896,0.2712643944482417,0.9224359927499205,True,0.7098407760086223,0.26666666666666666,0.21739130434782608,0.09698996655518395,0.006598072126327722,3.444661008295337,True,0.6567917421304681,0.5666666666666667,0.07692307692307693,0.12374581939799331,0.2690421926555752,8.381567134406243,True,0.7404171157457305,0.6333333333333333,0.006688963210702341,0.07357859531772576,0.5433073766749557,0.36308364186455055,0.7585681645087585,1313,0.08770506141265642,0.6532374100719425,695,0.5737924528845502,0.8682864450127877,782
99,both_success,ald_tf,0,9,300,1.0,19.953333333333333,93.36551831550763,0.36666666666666664,0.14,ald_tf,0.09387653321027756,0.17817419982148494,0.938924210269003,predictor_raw,4.719489864229317,True,0.7050887232080356,0.5,0.020066889632107024,0.06020066889632107,0.17375116874713314,3.0067105200452318,True,0.4965308503427816,0.3333333333333333,0.05351170568561873,0.03678929765886288,0.027178176860186254,0.9224359927499205,True,0.6988944321603573,0.3,0.2040133779264214,0.18394648829431437,0.0298914738765534,3.444661008295337,True,0.6701367792975478,0.5,0.05351170568561873,0.016722408026755852,0.04824937681774548,8.381567134406243,True,0.7735641507127857,0.6333333333333333,0.010033444816053512,0.033444816053511704,0.21699494896572669,0.5333668628488454,0.7974105102817974,1313,0.01786325855215274,0.6575539568345323,695,0.5593017021177712,0.840153452685422,782
99,both_success,ald_tf,0,19,300,1.0,23.383333333333333,96.84525911600126,0.5466666666666666,0.44333333333333336,factor,0.025104017928242683,0.11910886608742892,0.904534939277103,encoder_raw,1.2151607088084884,True,0.5473567484083156,0.3333333333333333,0.5852842809364549,0.09698996655518395,0.13668309250480454,0.6668127130706842,True,0.2991886576517517,0.2,0.5618729096989966,0.27759197324414714,0.09050688256752931,0.16794897098425207,True,0.6139548217202413,0.26666666666666666,0.13043478260869565,0.2608695652173913,0.016561070591126173,0.7646344531174238,True,0.5595106612295693,0.4,0.11705685618729098,0.1705685618729097,0.10628296862448801,1.9176570777067288,True,0.5756650629451439,0.3333333333333333,0.07023411371237458,0.10033444816053512,0.21390572000866168,0.18043806634091655,0.5168869309838473,681,0.0902300905714499,0.6722306525037937,659,0.4598995431430587,0.8464351005484461,1094
99,both_success,ald_tf,0,19,300,1.0,23.383333333333333,96.84525911600126,0.5466666666666666,0.44333333333333336,factor,0.025104017928242683,0.11910886608742892,0.904534939277103,predictor_raw,1.2151607088084884,True,0.4143010477894199,0.2,0.5083612040133779,0.20735785953177258,0.2586089056504679,0.6668127130706842,True,0.2933703707818976,0.3,0.26755852842809363,0.3311036789297659,0.11541007064523402,0.16794897098425207,True,0.4373346370515228,0.03333333333333333,0.17725752508361203,0.4682274247491639,0.04893273992621498,0.7646344531174238,True,0.49993355481727575,0.26666666666666666,0.18394648829431437,0.2508361204013378,0.16355782603728153,1.9176570777067288,True,0.46512161246236067,0.2,0.06688963210702341,0.1939799331103679,0.39310639056711855,0.06000416393376192,0.47283406754772395,681,0.15527001323146977,0.6600910470409712,659,0.3230784538206114,0.7248628884826326,1094
99,both_success,ald_tf,0,19,300,1.0,23.383333333333333,96.84525911600126,0.5466666666666666,0.44333333333333336,factor,0.025104017928242683,0.11910886608742892,0.904534939277103,encoder_factor_head_diagnostic_only,1.2151607088084884,True,0.7921501350015,0.3333333333333333,0.1705685618729097,0.09698996655518395,0.13668309250480454,0.6668127130706842,True,0.5695272169690775,0.1,0.14715719063545152,0.27759197324414714,0.09050688256752931,0.16794897098425207,True,0.5713850153890598,0.3,0.06688963210702341,0.2608695652173913,0.016561070591126173,0.7646344531174238,True,0.748316314625718,0.26666666666666666,0.16722408026755853,0.1705685618729097,0.10628296862448801,1.9176570777067288,True,0.810061445127168,0.3333333333333333,0.17725752508361203,0.10033444816053512,0.21390572000866168,0.46513520036804895,0.6696035242290749,681,0.23735630141124167,0.6176024279210925,659,0.3792851630802955,0.7257769652650823,1094
99,both_success,ald_tf,0,19,300,1.0,23.383333333333333,96.84525911600126,0.5466666666666666,0.44333333333333336,lewm,0.026096759364008904,0.12716945016536596,0.9369868554095045,encoder_raw,1.2151607088084884,True,0.5224955832842587,0.36666666666666664,0.6086956521739131,0.09698996655518395,0.13668309250480454,0.6668127130706842,True,0.280207557861754,0.23333333333333334,0.5518394648829431,0.27759197324414714,0.09050688256752931,0.16794897098425207,True,0.590982122023578,0.23333333333333334,0.12374581939799331,0.2608695652173913,0.016561070591126173,0.7646344531174238,True,0.5367521861354015,0.43333333333333335,0.10367892976588629,0.1705685618729097,0.10628296862448801,1.9176570777067288,True,0.5513763486260959,0.36666666666666664,0.07357859531772576,0.10033444816053512,0.21390572000866168,0.16960900203778595,0.5374449339207048,681,0.07633616406055703,0.65402124430956,659,0.4346161739583528,0.8318098720292505,1094
99,both_success,ald_tf,0,19,300,1.0,23.383333333333333,96.84525911600126,0.5466666666666666,0.44333333333333336,lewm,0.026096759364008904,0.12716945016536596,0.9369868554095045,predictor_raw,1.2151607088084884,True,0.6178628651429461,0.36666666666666664,0.34782608695652173,0.20066889632107024,0.2558899520773344,0.6668127130706842,True,0.3113132368137424,0.16666666666666666,0.568561872909699,0.24414715719063546,0.07815808321433977,0.16794897098425207,True,0.6196055511727908,0.3,0.05016722408026756,0.36454849498327757,0.027706471295696648,0.7646344531174238,True,0.572273469705219,0.36666666666666664,0.1605351170568562,0.16387959866220736,0.10507956997586894,1.9176570777067288,True,0.6305452282803142,0.36666666666666664,0.18729096989966554,0.1605351170568562,0.33190918093257243,0.321332694953036,0.6196769456681351,681,-0.0007313389403036554,0.5918057663125948,659,0.4175273934770883,0.8171846435100548,1094
99,both_success,ald_tf,0,19,300,1.0,23.383333333333333,96.84525911600126,0.5466666666666666,0.44333333333333336,ald_tf,0.024294281378388405,0.11838597896232218,0.92295292169913,encoder_raw,1.2151607088084884,True,0.5224955832842587,0.36666666666666664,0.6086956521739131,0.09698996655518395,0.13668309250480454,0.6668127130706842,True,0.280207557861754,0.23333333333333334,0.5518394648829431,0.27759197324414714,0.09050688256752931,0.16794897098425207,True,0.590982122023578,0.23333333333333334,0.12374581939799331,0.2608695652173913,0.016561070591126173,0.7646344531174238,True,0.5367521861354015,0.43333333333333335,0.10367892976588629,0.1705685618729097,0.10628296862448801,1.9176570777067288,True,0.5513763486260959,0.36666666666666664,0.07357859531772576,0.10033444816053512,0.21390572000866168,0.16960900203778595,0.5374449339207048,681,0.07633616406055703,0.65402124430956,659,0.4346161739583528,0.8318098720292505,1094
99,both_success,ald_tf,0,19,300,1.0,23.383333333333333,96.84525911600126,0.5466666666666666,0.44333333333333336,ald_tf,0.024294281378388405,0.11838597896232218,0.92295292169913,predictor_raw,1.2151607088084884,True,0.6682514250158335,0.3333333333333333,0.4280936454849498,0.08361204013377926,0.1106636906600749,0.6668127130706842,True,0.3496523294703274,0.13333333333333333,0.68561872909699,0.22742474916387959,0.07091089155350057,0.16794897098425207,True,0.6769586328736986,0.4666666666666667,0.030100334448160536,0.0033444816053511705,3.697607479497241e-07,0.7646344531174238,True,0.6257073967488528,0.4,0.0903010033444816,0.11371237458193979,0.07012627678008104,1.9176570777067288,True,0.6833747041633796,0.3333333333333333,0.20735785953177258,0.0802675585284281,0.15172962631952508,0.35250018094951424,0.5873715124816447,681,0.03464366537299073,0.6342943854324734,659,0.4996965978061015,0.8656307129798904,1094
99,both_success,ald_tf,0,29,300,1.0,24.19,97.24485172994378,0.8033333333333333,0.79,factor,0.013217687606811523,0.16689958909379268,0.8716163512927921,encoder_raw,0.43759059183563714,True,0.25331881465349615,0.03333333333333333,0.40468227424749165,0.30434782608695654,0.15433886307436312,0.2494699576594349,True,0.17690241002677806,0.0,0.38461538461538464,0.42474916387959866,0.09765293377549426,0.050952302850890176,True,0.44563339592662143,0.06666666666666667,0.6387959866220736,0.33444816053511706,0.008898875274945895,0.2785768254401748,True,0.34073267480749786,0.1,0.1939799331103679,0.36454849498327757,0.10634758923478908,0.7142295314500627,True,0.2984775386393182,0.06666666666666667,0.36454849498327757,0.32441471571906355,0.2505980020837124,-0.11234384787294137,0.41624365482233505,591,0.1693589433095376,0.553680981595092,652,0.41127118443209465,0.8677859391395593,953
99,both_success,ald_tf,0,29,300,1.0,24.19,97.24485172994378,0.8033333333333333,0.79,factor,0.013217687606811523,0.16689958909379268,0.8716163512927921,predictor_raw,0.43759059183563714,True,0.07401060011777909,0.0,0.6989966555183946,0.46488294314381273,0.24057900043285246,0.2494699576594349,True,0.20707118967988533,0.13333333333333333,0.5083612040133779,0.3210702341137124,0.050311070292361065,0.050952302850890176,True,0.18721185790953232,0.0,0.7591973244147158,0.5351170568561873,0.022714244784021006,0.2785768254401748,True,0.3036713741263792,0.1,0.15719063545150502,0.29431438127090304,0.072821095260731,0.7142295314500627,True,0.16422493583262035,0.0,0.43812709030100333,0.3779264214046823,0.3033116454681437,-0.2929466164414109,0.3401015228426396,591,0.3427627643602831,0.6641104294478528,652,0.3100557779573587,0.8174186778593914,953
99,both_success,ald_tf,0,29,300,1.0,24.19,97.24485172994378,0.8033333333333333,0.79,factor,0.013217687606811523,0.16689958909379268,0.8716163512927921,encoder_factor_head_diagnostic_only,0.43759059183563714,True,0.4889783219813553,0.0,0.41471571906354515,0.44816053511705684,0.22718213891420666,0.2494699576594349,True,0.3274236380404227,0.0,0.36454849498327757,0.431438127090301,0.10105404597507552,0.050952302850890176,True,0.4920601340014889,0.16666666666666666,0.6321070234113713,0.45484949832775917,0.01552621295352122,0.2785768254401748,True,0.46574739719330216,0.0,0.3210702341137124,0.38127090301003347,0.11637603911294565,0.7142295314500627,True,0.49231791464349606,0.0,0.3277591973244147,0.4013377926421405,0.3334697278017126,0.13829486522662576,0.4500846023688663,591,0.0818907140216486,0.4233128834355828,652,0.33058583186782514,0.7282266526757608,953
99,both_success,ald_tf,0,29,300,1.0,24.19,97.24485172994378,0.8033333333333333,0.79,lewm,0.013642854988574982,0.1881586946147804,0.8644482716474627,encoder_raw,0.43759059183563714,True,0.2301834464827387,0.03333333333333333,0.4414715719063545,0.30434782608695654,0.15433886307436312,0.2494699576594349,True,0.1556030622562473,0.0,0.4782608695652174,0.42474916387959866,0.09765293377549426,0.050952302850890176,True,0.4192677696418849,0.1,0.5719063545150501,0.33444816053511706,0.008898875274945895,0.2785768254401748,True,0.3139337103745597,0.1,0.1939799331103679,0.36454849498327757,0.10634758923478908,0.7142295314500627,True,0.2733697041078234,0.06666666666666667,0.28762541806020064,0.32441471571906355,0.2505980020837124,-0.10516199396157254,0.4416243654822335,591,0.15079301199126321,0.5291411042944786,652,0.38655758624116654,0.8751311647429171,953
99,both_success,ald_tf,0,29,300,1.0,24.19,97.24485172994378,0.8033333333333333,0.79,lewm,0.013642854988574982,0.1881586946147804,0.8644482716474627,predictor_raw,0.43759059183563714,True,0.41295081056456184,0.03333333333333333,0.4882943143812709,0.2909698996655518,0.14441134533167835,0.2494699576594349,True,0.16381470905232282,0.0,0.38127090301003347,0.47491638795986624,0.11882322587363044,0.050952302850890176,True,0.6179841998244425,0.2,0.6488294314381271,0.22742474916387959,0.00397595886649299,0.2785768254401748,True,0.3516061289569884,0.03333333333333333,0.21739130434782608,0.391304347826087,0.12259496492447235,0.7142295314500627,True,0.4061747352748364,0.03333333333333333,0.17391304347826086,0.3277591973244147,0.25691786003071093,0.11500872337737854,0.5465313028764806,591,-0.027979668649309754,0.43558282208588955,652,0.475948206982153,0.8415529905561385,953
99,both_success,ald_tf,0,29,300,1.0,24.19,97.24485172994378,0.8033333333333333,0.79,ald_tf,0.016470305621623993,0.2271541556563117,0.7654107267858532,encoder_raw,0.43759059183563714,True,0.2301834464827387,0.03333333333333333,0.4414715719063545,0.30434782608695654,0.15433886307436312,0.2494699576594349,True,0.1556030622562473,0.0,0.4782608695652174,0.42474916387959866,0.09765293377549426,0.050952302850890176,True,0.4192677696418849,0.1,0.5719063545150501,0.33444816053511706,0.008898875274945895,0.2785768254401748,True,0.3139337103745597,0.1,0.1939799331103679,0.36454849498327757,0.10634758923478908,0.7142295314500627,True,0.2733697041078234,0.06666666666666667,0.28762541806020064,0.32441471571906355,0.2505980020837124,-0.10516199396157254,0.4416243654822335,591,0.15079301199126321,0.5291411042944786,652,0.38655758624116654,0.8751311647429171,953
99,both_success,ald_tf,0,29,300,1.0,24.19,97.24485172994378,0.8033333333333333,0.79,ald_tf,0.016470305621623993,0.2271541556563117,0.7654107267858532,predictor_raw,0.43759059183563714,True,0.5495261058456206,0.06666666666666667,0.26755852842809363,0.19732441471571907,0.10063870492872738,0.2494699576594349,True,0.23646084956499516,0.03333333333333333,0.2140468227424749,0.3979933110367893,0.08294332619515457,0.050952302850890176,True,0.72017644640496,0.36666666666666664,0.5652173913043478,0.10702341137123746,0.0007793914270610747,0.2785768254401748,True,0.43703463371815243,0.1,0.17725752508361203,0.31438127090301005,0.08351849780656456,0.7142295314500627,True,0.527356970633007,0.06666666666666667,0.0903010033444816,0.23076923076923078,0.17406875250985215,0.25751821246667117,0.6040609137055838,591,-0.0817076495937344,0.4570552147239264,652,0.5588700440082223,0.8583420776495279,953
99,both_success,ald_tf,1,0,300,1.0,7.236666666666666,30.202386837270776,0.99,0.043333333333333335,factor,0.08304190635681152,0.1652059489281805,0.9468056311736797,encoder_raw,8.59525108062537,True,0.4821689129879221,0.3,0.043478260869565216,0.09698996655518395,0.8356983324135826,3.2000551181383274,True,0.7075025278058645,0.2,0.4916387959866221,0.14046822742474915,0.041277107203433486,0.3547280517657209,True,0.617824198046645,0.26666666666666666,0.4280936454849498,0.07357859531772576,0.0008903165711250055,3.6318717253031165,True,0.7300023333592596,0.26666666666666666,0.13712374581939799,0.11036789297658862,0.03685453367126913,11.133622709336127,True,0.7004971166346293,0.5,0.043478260869565216,0.033444816053511704,0.5752668608697047,0.6532923882755651,0.8902529761904762,2688,0.5379731757498842,0.746031746031746,504,0.4692675947806247,0.8317307692307693,624
99,both_success,ald_tf,1,0,300,1.0,7.236666666666666,30.202386837270776,0.99,0.043333333333333335,factor,0.08304190635681152,0.1652059489281805,0.9468056311736797,predictor_raw,8.59525108062537,True,0.4510747897198858,0.26666666666666666,0.16387959866220736,0.22408026755852842,1.830926280133484,3.2000551181383274,True,0.6959206213402371,0.13333333333333333,0.5217391304347826,0.3177257525083612,0.2851520250602667,0.3547280517657209,True,0.6086280958677318,0.2,0.5351170568561873,0.6354515050167224,0.22380774720929317,3.6318717253031165,True,0.7174195268836321,0.23333333333333334,0.12374581939799331,0.35451505016722407,0.5036468821662705,11.133622709336127,True,0.6638278203091146,0.4,0.16387959866220736,0.1505016722408027,2.0372871570846076,0.5966407907484149,0.8020833333333334,2688,0.5062969968806655,0.6765873015873016,504,0.4330923245825624,0.655448717948718,624
99,both_success,ald_tf,1,0,300,1.0,7.236666666666666,30.202386837270776,0.99,0.043333333333333335,factor,0.08304190635681152,0.1652059489281805,0.9468056311736797,encoder_factor_head_diagnostic_only,8.59525108062537,True,0.839691552128357,0.5,0.030100334448160536,0.09698996655518395,0.8356983324135826,3.2000551181383274,True,0.5269542994922166,0.16666666666666666,0.7759197324414716,0.14046822742474915,0.041277107203433486,0.3547280517657209,True,0.30653318370204113,0.13333333333333333,0.6254180602006689,0.07357859531772576,0.0008903165711250055,3.6318717253031165,True,0.5354219491327682,0.23333333333333334,0.25752508361204013,0.11036789297658862,0.03685453367126913,11.133622709336127,True,0.9711516794631051,0.7333333333333333,0.030100334448160536,0.033444816053511704,0.5752668608697047,0.9288593325893013,0.9761904761904762,2688,0.67909088189165,0.9206349206349206,504,0.20295935967090867,0.7419871794871795,624
99,both_success,ald_tf,1,0,300,1.0,7.236666666666666,30.202386837270776,0.99,0.043333333333333335,lewm,0.09260692447423935,0.18094495333030378,0.9551288347648307,encoder_raw,8.59525108062537,True,0.485071611906799,0.3333333333333333,0.043478260869565216,0.11371237458193979,0.8947846426907583,3.2000551181383274,True,0.7450513894598829,0.2,0.5083612040133779,0.25752508361204013,0.13574158857255117,0.3547280517657209,True,0.6182459805108945,0.26666666666666666,0.44816053511705684,0.1605351170568562,0.006325263446412387,3.6318717253031165,True,0.7642053800597784,0.26666666666666666,0.13377926421404682,0.22408026755852842,0.1367539619156742,11.133622709336127,True,0.7196595517727975,0.5,0.043478260869565216,0.04013377926421405,0.7342525993912854,0.6776728346119406,0.8991815476190477,2688,0.6215671907450284,0.7976190476190477,504,0.45310821066598894,0.8237179487179487,624
99,both_success,ald_tf,1,0,300,1.0,7.236666666666666,30.202386837270776,0.99,0.043333333333333335,lewm,0.09260692447423935,0.18094495333030378,0.9551288347648307,predictor_raw,8.59525108062537,True,0.4525828064756275,0.26666666666666666,0.24749163879598662,0.09698996655518395,0.8356983324135826,3.2000551181383274,True,0.7578857542861588,0.2,0.4983277591973244,0.14046822742474915,0.041277107203433486,0.3547280517657209,True,0.6284945388282092,0.3,0.42474916387959866,0.07357859531772576,0.0008903165711250055,3.6318717253031165,True,0.7786557628418094,0.26666666666666666,0.22073578595317725,0.11036789297658862,0.03685453367126913,11.133622709336127,True,0.6864907387859865,0.4,0.24749163879598662,0.033444816053511704,0.5752668608697047,0.6405609701987725,0.8028273809523809,2688,0.6284894595554367,0.7757936507936508,504,0.44371116905812746,0.7259615384615384,624
99,both_success,ald_tf,1,0,300,1.0,7.236666666666666,30.202386837270776,0.99,0.043333333333333335,ald_tf,0.05688290297985077,0.11114367833092685,0.9648600540006,encoder_raw,8.59525108062537,True,0.485071611906799,0.3333333333333333,0.043478260869565216,0.11371237458193979,0.8947846426907583,3.2000551181383274,True,0.7450513894598829,0.2,0.5083612040133779,0.25752508361204013,0.13574158857255117,0.3547280517657209,True,0.6182459805108945,0.26666666666666666,0.44816053511705684,0.1605351170568562,0.006325263446412387,3.6318717253031165,True,0.7642053800597784,0.26666666666666666,0.13377926421404682,0.22408026755852842,0.1367539619156742,11.133622709336127,True,0.7196595517727975,0.5,0.043478260869565216,0.04013377926421405,0.7342525993912854,0.6776728346119406,0.8991815476190477,2688,0.6215671907450284,0.7976190476190477,504,0.45310821066598894,0.8237179487179487,624
99,both_success,ald_tf,1,0,300,1.0,7.236666666666666,30.202386837270776,0.99,0.043333333333333335,ald_tf,0.05688290297985077,0.11114367833092685,0.9648600540006,predictor_raw,8.59525108062537,True,0.47918754652829476,0.26666666666666666,0.15384615384615385,0.09698996655518395,0.8356983324135826,3.2000551181383274,True,0.691705018944655,0.13333333333333333,0.4782608695652174,0.14046822742474915,0.041277107203433486,0.3547280517657209,True,0.6332990366559629,0.3,0.451505016722408,0.07357859531772576,0.0008903165711250055,3.6318717253031165,True,0.7197839975999734,0.26666666666666666,0.25418060200668896,0.11036789297658862,0.03685453367126913,11.133622709336127,True,0.6948641651573907,0.4,0.15384615384615385,0.033444816053511704,0.5752668608697047,0.6532779938880304,0.8180803571428571,2688,0.4939875229810578,0.6527777777777778,504,0.5098836890973037,0.7772435897435898,624
99,both_success,ald_tf,1,3,300,1.0,3.2933333333333334,12.006406375583605,0.9333333333333333,0.12,factor,0.06257523596286774,0.21732811872497754,0.9121754686163179,encoder_raw,6.674369558671174,True,0.7885994288825431,0.7,0.010033444816053512,0.023411371237458192,0.11083913548466495,0.29968886127388816,True,0.4310012333470372,0.26666666666666666,0.18394648829431437,0.46488294314381273,0.06639690003189058,0.045374553077906096,True,0.3321232458138424,0.06666666666666667,0.411371237458194,0.20066889632107024,0.00011040819661728835,0.5121425066820138,True,0.45488105423393593,0.26666666666666666,0.6086956521739131,0.44481605351170567,0.06461867348576335,6.847918929504848,True,0.8581397571084123,0.7,0.010033444816053512,0.016722408026755852,0.1448737509394773,0.8998249591754032,0.9465268953833121,9444,0.44033552746319304,0.605009633911368,519,0.6693662350385124,0.8401360544217688,294
99,both_success,ald_tf,1,3,300,1.0,3.2933333333333334,12.006406375583605,0.9333333333333333,0.12,factor,0.06257523596286774,0.21732811872497754,0.9121754686163179,predictor_raw,6.674369558671174,True,0.6681367570750786,0.36666666666666664,0.0903010033444816,0.033444816053511704,0.19026769462621182,0.29968886127388816,True,0.47779108656762853,0.16666666666666666,0.13377926421404682,0.5819397993311036,0.06954012139867452,0.045374553077906096,True,0.41727530305892285,0.1,0.5183946488294314,0.0802675585284281,6.573617427076576e-05,0.5121425066820138,True,0.5025731397015523,0.2,0.802675585284281,0.5652173913043478,0.06771722283020076,6.847918929504848,True,0.7587790975455283,0.36666666666666664,0.0903010033444816,0.030100334448160536,0.22740085942546162,0.8100422896281343,0.8750529436679373,9444,0.4233743056389837,0.605009633911368,519,0.6294331209273961,0.8061224489795918,294
99,both_success,ald_tf,1,3,300,1.0,3.2933333333333334,12.006406375583605,0.9333333333333333,0.12,factor,0.06257523596286774,0.21732811872497754,0.9121754686163179,encoder_factor_head_diagnostic_only,6.674369558671174,True,0.8927823642484917,0.7,0.016722408026755852,0.030100334448160536,0.18270085693010069,0.29968886127388816,True,0.4090405448949433,0.2,0.27759197324414714,0.3177257525083612,0.056754330104753115,0.045374553077906096,True,0.1770290781008678,0.03333333333333333,0.6020066889632107,0.35785953177257523,0.0003433949710798119,0.5121425066820138,True,0.40979255325059166,0.23333333333333334,0.7324414715719063,0.2976588628762542,0.0552090903330884,6.847918929504848,True,0.9525554728385871,0.7333333333333333,0.016722408026755852,0.026755852842809364,0.20732588923223816,0.9560877026492993,0.9788225328250741,9444,0.607988500085618,0.6666666666666666,519,0.6124880700241718,0.8809523809523809,294
99,both_success,ald_tf,1,3,300,1.0,3.2933333333333334,12.006406375583605,0.9333333333333333,0.12,lewm,0.09433230757713318,0.3139070826141682,0.8851511683463149,encoder_raw,6.674369558671174,True,0.7815082389804331,0.7333333333333333,0.010033444816053512,0.023411371237458192,0.11083913548466495,0.29968886127388816,True,0.4688416537961533,0.26666666666666666,0.1806020066889632,0.46488294314381273,0.06639690003189058,0.045374553077906096,True,0.35786708741208234,0.06666666666666667,0.44481605351170567,0.20066889632107024,0.00011040819661728835,0.5121425066820138,True,0.4920739119323548,0.3,0.6421404682274248,0.44481605351170567,0.06461867348576335,6.847918929504848,True,0.8577673085256503,0.7666666666666667,0.010033444816053512,0.016722408026755852,0.1448737509394773,0.9127578939176707,0.9650571791613723,9444,0.5329934926572447,0.651252408477842,519,0.7147090283866959,0.8469387755102041,294
99,both_success,ald_tf,1,3,300,1.0,3.2933333333333334,12.006406375583605,0.9333333333333333,0.12,lewm,0.09433230757713318,0.3139070826141682,0.8851511683463149,predictor_raw,6.674369558671174,True,0.5560026222513583,0.2,0.27759197324414714,0.15719063545150502,1.1004292315590705,0.29968886127388816,True,0.5307823420260225,0.13333333333333333,0.09364548494983277,0.046822742474916385,0.006000545583439899,0.045374553077906096,True,0.5175253058367315,0.06666666666666667,0.6923076923076923,0.5986622073578596,0.0068925635174262425,0.5121425066820138,True,0.5689396548850543,0.13333333333333333,0.8260869565217391,0.04013377926421405,0.011004474358121618,6.847918929504848,True,0.6643824931388127,0.2,0.27759197324414714,0.13712374581939799,1.0808496478862413,0.7447876470342378,0.8532401524777636,9444,0.464764933250486,0.605009633911368,519,0.6707486608240119,0.8401360544217688,294
99,both_success,ald_tf,1,3,300,1.0,3.2933333333333334,12.006406375583605,0.9333333333333333,0.12,ald_tf,0.05331220105290413,0.17740557747485683,0.9470718563539595,encoder_raw,6.674369558671174,True,0.7815082389804331,0.7333333333333333,0.010033444816053512,0.023411371237458192,0.11083913548466495,0.29968886127388816,True,0.4688416537961533,0.26666666666666666,0.1806020066889632,0.46488294314381273,0.06639690003189058,0.045374553077906096,True,0.35786708741208234,0.06666666666666667,0.44481605351170567,0.20066889632107024,0.00011040819661728835,0.5121425066820138,True,0.4920739119323548,0.3,0.6421404682274248,0.44481605351170567,0.06461867348576335,6.847918929504848,True,0.8577673085256503,0.7666666666666667,0.010033444816053512,0.016722408026755852,0.1448737509394773,0.9127578939176707,0.9650571791613723,9444,0.5329934926572447,0.651252408477842,519,0.7147090283866959,0.8469387755102041,294
99,both_success,ald_tf,1,3,300,1.0,3.2933333333333334,12.006406375583605,0.9333333333333333,0.12,ald_tf,0.05331220105290413,0.17740557747485683,0.9470718563539595,predictor_raw,6.674369558671174,True,0.680355115056834,0.36666666666666664,0.09364548494983277,0.07692307692307693,0.38312977635522383,0.29968886127388816,True,0.4410849009433438,0.2,0.12374581939799331,0.3745819397993311,0.06041494116979333,0.045374553077906096,True,0.3876269736330404,0.03333333333333333,0.4816053511705686,0.30434782608695654,0.00023521508959352045,0.5121425066820138,True,0.4772190802120024,0.23333333333333334,0.7424749163879598,0.35451505016722407,0.05876152151664233,6.847918929504848,True,0.7607591195457727,0.36666666666666664,0.09364548494983277,0.07357859531772576,0.41130723984091516,0.801904907263274,0.8818297331639136,9444,0.3598066871854313,0.6204238921001927,519,0.5953931520083388,0.7040816326530612,294
99,both_success,ald_tf,1,9,300,1.0,2.2933333333333334,9.274515039754787,0.9866666666666667,0.15333333333333332,factor,0.07514620572328568,0.3461226464511248,0.7940354892832142,encoder_raw,4.505216972462918,True,0.8240624895832176,0.7,0.010033444816053512,0.046822742474916385,0.2275882170374976,0.038824633284241475,True,0.4172050800564451,0.3333333333333333,0.056856187290969896,0.6053511705685619,0.06792618945772276,0.018305467673657476,True,0.17424504716719075,0.06666666666666667,0.7190635451505016,0.13043478260869565,4.890136288306725e-05,0.07828506059242851,True,0.42125534728163644,0.36666666666666664,0.41471571906354515,0.5886287625418061,0.06391160055170819,4.923549098630605,True,0.895121501350015,0.7,0.010033444816053512,0.05351170568561873,0.2647359295148042,0.9048344575051248,0.9323814213031347,6093,0.46110732394561105,0.5088161209068011,1191,0.6439904519530231,0.5121951219512195,41
99,both_success,ald_tf,1,9,300,1.0,2.2933333333333334,9.274515039754787,0.9866666666666667,0.15333333333333332,factor,0.07514620572328568,0.3461226464511248,0.7940354892832142,predictor_raw,4.505216972462918,True,0.5165572950810564,0.13333333333333333,0.23411371237458195,0.023411371237458192,0.09488993425540611,0.038824633284241475,True,0.4336025955843954,0.03333333333333333,0.023411371237458192,0.5250836120401338,0.06684583481862263,0.018305467673657476,True,0.5155883954266158,0.16666666666666666,0.5551839464882943,0.2140468227424749,6.604222675506793e-05,0.07828506059242851,True,0.47728174757497305,0.03333333333333333,0.4013377926421405,0.5083612040133779,0.06284838677648007,4.923549098630605,True,0.625786508738986,0.13333333333333333,0.23411371237458195,0.023411371237458192,0.13097443295748462,0.7467790984345225,0.8467093385852618,6093,0.4003787653116863,0.3719563392107473,1191,0.7554265751785053,0.8292682926829268,41
99,both_success,ald_tf,1,9,300,1.0,2.2933333333333334,9.274515039754787,0.9866666666666667,0.15333333333333332,factor,0.07514620572328568,0.3461226464511248,0.7940354892832142,encoder_factor_head_diagnostic_only,4.505216972462918,True,0.8657687307636751,0.6666666666666666,0.016722408026755852,0.10367892976588629,0.49372729306460794,0.038824633284241475,True,0.4385453171701908,0.26666666666666666,0.10033444816053512,0.19063545150501673,0.0561227976649523,0.018305467673657476,True,0.1677351970577451,0.1,0.7625418060200669,0.5551839464882943,0.00032854544436408055,0.07828506059242851,True,0.42748386093178814,0.3,0.4180602006688963,0.17391304347826086,0.05238785284041874,4.923549098630605,True,0.9364841831575906,0.6666666666666666,0.016722408026755852,0.10367892976588629,0.5193512578306251,0.9555684018807741,0.9752174626620712,6093,0.6287871282426172,0.46851385390428213,1191,0.7757329746015603,0.7560975609756098,41
99,both_success,ald_tf,1,9,300,1.0,2.2933333333333334,9.274515039754787,0.9866666666666667,0.15333333333333332,lewm,0.13902413845062256,0.6069376443141572,0.6854467271858576,encoder_raw,4.505216972462918,True,0.8212949032767031,0.7,0.013377926421404682,0.046822742474916385,0.2275882170374976,0.038824633284241475,True,0.4402564472938588,0.3333333333333333,0.046822742474916385,0.6053511705685619,0.06792618945772276,0.018305467673657476,True,0.20325070278558652,0.06666666666666667,0.7090301003344481,0.13043478260869565,4.890136288306725e-05,0.07828506059242851,True,0.4496396626629185,0.36666666666666664,0.3979933110367893,0.5886287625418061,0.06391160055170819,4.923549098630605,True,0.8987370970788564,0.7,0.013377926421404682,0.05351170568561873,0.2647359295148042,0.919290128718396,0.9561792220580995,6093,0.5306182801746333,0.4920235096557515,1191,0.7063791986366459,0.5609756097560976,41
99,both_success,ald_tf,1,9,300,1.0,2.2933333333333334,9.274515039754787,0.9866666666666667,0.15333333333333332,lewm,0.13902413845062256,0.6069376443141572,0.6854467271858576,predictor_raw,4.505216972462918,True,0.3476660851787242,0.06666666666666667,0.36789297658862874,0.23411371237458195,1.1615183071010355,0.038824633284241475,True,0.45667840753786154,0.03333333333333333,0.04013377926421405,0.6254180602006689,0.06808202404309537,0.018305467673657476,True,0.577777530861454,0.03333333333333333,0.49498327759197325,0.12040133779264214,4.762287301710515e-05,0.07828506059242851,True,0.5057331748130535,0.03333333333333333,0.3511705685618729,0.6086956521739131,0.06406615664721484,4.923549098630605,True,0.4702412249024989,0.06666666666666667,0.36789297658862874,0.21070234113712374,1.1988205756738488,0.5700654420178053,0.7598883965205974,6093,0.42449520813348135,0.44920235096557515,1191,0.7165812626438696,0.8292682926829268,41
99,both_success,ald_tf,1,9,300,1.0,2.2933333333333334,9.274515039754787,0.9866666666666667,0.15333333333333332,ald_tf,0.05940082669258118,0.25932617331711494,0.916618184646496,encoder_raw,4.505216972462918,True,0.8212949032767031,0.7,0.013377926421404682,0.046822742474916385,0.2275882170374976,0.038824633284241475,True,0.4402564472938588,0.3333333333333333,0.046822742474916385,0.6053511705685619,0.06792618945772276,0.018305467673657476,True,0.20325070278558652,0.06666666666666667,0.7090301003344481,0.13043478260869565,4.890136288306725e-05,0.07828506059242851,True,0.4496396626629185,0.36666666666666664,0.3979933110367893,0.5886287625418061,0.06391160055170819,4.923549098630605,True,0.8987370970788564,0.7,0.013377926421404682,0.05351170568561873,0.2647359295148042,0.919290128718396,0.9561792220580995,6093,0.5306182801746333,0.4920235096557515,1191,0.7063791986366459,0.5609756097560976,41
99,both_success,ald_tf,1,9,300,1.0,2.2933333333333334,9.274515039754787,0.9866666666666667,0.15333333333333332,ald_tf,0.05940082669258118,0.25932617331711494,0.916618184646496,predictor_raw,4.505216972462918,True,0.6628940321559128,0.3,0.10033444816053512,0.20066889632107024,1.046928145483445,0.038824633284241475,True,0.43077545306058956,0.2,0.043478260869565216,0.15384615384615385,0.051537862730572016,0.018305467673657476,True,0.37157835087056523,0.1,0.6655518394648829,0.5953177257525084,0.0005147722004369315,0.07828506059242851,True,0.4700238891543239,0.23333333333333334,0.44816053511705684,0.13377926421404682,0.04798914466211131,4.923549098630605,True,0.7576186402071134,0.3,0.10033444816053512,0.16387959866220736,1.0681534020711547,0.8218768647828497,0.8938125718037092,6093,0.4067159625048344,0.44080604534005036,1191,0.7082362253372696,0.8292682926829268,41
99,both_success,ald_tf,1,19,300,1.0,1.69,6.114864460587552,0.9966666666666667,0.35333333333333333,factor,0.0771869346499443,0.6745210621824018,0.5066003518483961,encoder_raw,2.344515962815743,True,0.8105450961171948,0.5333333333333333,0.033444816053511704,0.016722408026755852,0.035475803013010856,0.014930093033582961,True,0.38471631737200845,0.26666666666666666,0.08695652173913043,0.33444816053511706,0.058029674057182026,0.006830847225275018,True,0.062438700700974924,0.03333333333333333,0.782608695652174,0.4782608695652174,0.0003118720357646907,0.014212930713799851,True,0.3754184352513313,0.26666666666666666,0.2809364548494983,0.31438127090301005,0.05609394296450934,2.428331858475364,True,0.8688806396605171,0.5333333333333333,0.046822742474916385,0.033444816053511704,0.0753911529998608,0.889216881829951,0.9197368421052632,2280,0.5055002152238993,0.49216621253405995,1468,0.6239394703208363,0.7692307692307693,26
99,both_success,ald_tf,1,19,300,1.0,1.69,6.114864460587552,0.9966666666666667,0.35333333333333333,factor,0.0771869346499443,0.6745210621824018,0.5066003518483961,predictor_raw,2.344515962815743,True,0.1844029378104201,0.03333333333333333,0.6053511705685619,0.4782608695652174,1.2838046567574508,0.014930093033582961,True,0.2949686107623418,0.03333333333333333,0.5986622073578596,0.5518394648829431,0.06361360486231656,0.006830847225275018,True,0.5718770208557873,0.1,0.8695652173913043,0.25418060200668896,0.00016716537178640786,0.014212930713799851,True,0.35814086823186925,0.03333333333333333,0.5317725752508361,0.5317725752508361,0.06153316710566558,2.428331858475364,True,0.2868227424749164,0.03333333333333333,0.5183946488294314,0.45484949832775917,1.329159230885457,0.4339463046117355,0.7640350877192983,2280,0.3981710786776204,0.4891008174386921,1468,0.7083861027425633,0.6153846153846154,26
99,both_success,ald_tf,1,19,300,1.0,1.69,6.114864460587552,0.9966666666666667,0.35333333333333333,factor,0.0771869346499443,0.6745210621824018,0.5066003518483961,encoder_factor_head_diagnostic_only,2.344515962815743,True,0.7880510659064112,0.43333333333333335,0.06354515050167224,0.056856187290969896,0.1055825092819197,0.014930093033582961,True,0.38134161283365753,0.1,0.1505016722408027,0.3311036789297659,0.05802016756515438,0.006830847225275018,True,0.17383195078078206,0.06666666666666667,0.8862876254180602,0.4682274247491639,0.00030916800706244277,0.014212930713799851,True,0.37812602119201794,0.1,0.4882943143812709,0.3110367892976589,0.056081732443779446,2.428331858475364,True,0.8551898193524224,0.43333333333333335,0.09698996655518395,0.06020066889632107,0.14548564874803974,0.9189394644555776,0.9653508771929824,2280,0.5775615120588465,0.46764305177111715,1468,0.781799453025405,0.8846153846153846,26
99,both_success,ald_tf,1,19,300,1.0,1.69,6.114864460587552,0.9966666666666667,0.35333333333333333,lewm,0.12982815504074097,1.1170768210681696,0.3963702259325379,encoder_raw,2.344515962815743,True,0.8013525485119383,0.5,0.033444816053511704,0.016722408026755852,0.035475803013010856,0.014930093033582961,True,0.38952614912678707,0.26666666666666666,0.06020066889632107,0.33444816053511706,0.058029674057182026,0.006830847225275018,True,0.10524629220839099,0.03333333333333333,0.8561872909698997,0.4782608695652174,0.0003118720357646907,0.014212930713799851,True,0.38555632679878094,0.26666666666666666,0.27424749163879597,0.31438127090301005,0.05609394296450934,2.428331858475364,True,0.8651005972400411,0.5333333333333333,0.05016722408026756,0.033444816053511704,0.0753911529998608,0.8996947192224976,0.9464912280701754,2280,0.5391827166037002,0.47377384196185285,1468,0.6889117721455063,0.9615384615384616,26
99,both_success,ald_tf,1,19,300,1.0,1.69,6.114864460587552,0.9966666666666667,0.35333333333333333,lewm,0.12982815504074097,1.1170768210681696,0.3963702259325379,predictor_raw,2.344515962815743,True,0.01891354348381649,0.0,0.5852842809364549,0.5250836120401338,1.4064782521422325,0.014930093033582961,True,0.2559837331525906,0.0,0.6889632107023411,0.3377926421404682,0.05807599912075309,0.006830847225275018,True,0.64615606840076,0.23333333333333334,0.882943143812709,0.47491638795986624,0.0003112498493975906,0.014212930713799851,True,0.3294712163468483,0.0,0.6254180602006689,0.3177257525083612,0.056139645841713305,2.428331858475364,True,0.12468627429193657,0.0,0.6321070234113713,0.49498327759197325,1.4464393050062863,0.2526156599796813,0.6644736842105263,2280,0.3893548822199593,0.48705722070844687,1468,0.7194769051864813,0.6538461538461539,26
99,both_success,ald_tf,1,19,300,1.0,1.69,6.114864460587552,0.9966666666666667,0.35333333333333333,ald_tf,0.05494080111384392,0.47272562285069847,0.8371013941378728,encoder_raw,2.344515962815743,True,0.8013525485119383,0.5,0.033444816053511704,0.016722408026755852,0.035475803013010856,0.014930093033582961,True,0.38952614912678707,0.26666666666666666,0.06020066889632107,0.33444816053511706,0.058029674057182026,0.006830847225275018,True,0.10524629220839099,0.03333333333333333,0.8561872909698997,0.4782608695652174,0.0003118720357646907,0.014212930713799851,True,0.38555632679878094,0.26666666666666666,0.27424749163879597,0.31438127090301005,0.05609394296450934,2.428331858475364,True,0.8651005972400411,0.5333333333333333,0.05016722408026756,0.033444816053511704,0.0753911529998608,0.8996947192224976,0.9464912280701754,2280,0.5391827166037002,0.47377384196185285,1468,0.6889117721455063,0.9615384615384616,26
99,both_success,ald_tf,1,19,300,1.0,1.69,6.114864460587552,0.9966666666666667,0.35333333333333333,ald_tf,0.05494080111384392,0.47272562285069847,0.8371013941378728,predictor_raw,2.344515962815743,True,0.5346206068956322,0.1,0.19732441471571907,0.2608695652173913,0.5855567546713719,0.014930093033582961,True,0.3282409804553384,0.0,0.35451505016722407,0.6889632107023411,0.06753865342106094,0.006830847225275018,True,0.4131637018189091,0.13333333333333333,0.8327759197324415,0.10702341137123746,9.71715503023516e-05,0.014212930713799851,True,0.3696725519172435,0.0,0.42474916387959866,0.6688963210702341,0.06538822184292592,2.428331858475364,True,0.6237975977510861,0.06666666666666667,0.3210702341137124,0.2408026755852843,0.6347663835366385,0.7690645963003563,0.9114035087719298,2280,0.42967350892825296,0.44141689373297005,1468,0.7562152983700717,0.6538461538461539,26
99,both_success,ald_tf,1,29,300,1.0,1.25,3.020072613399769,1.0,0.5966666666666667,factor,0.08087141811847687,1.725934514721451,-0.012778820012511866,encoder_raw,1.0370205919814173,True,0.7670687603809832,0.26666666666666666,0.23411371237458195,0.12709030100334448,0.18146907436487905,0.0029564239926634303,True,0.2621769239009682,0.0,0.1806020066889632,0.8394648829431438,0.06508217269852991,7.432897939989975e-05,True,-0.06240385995745525,0.13333333333333333,0.7959866220735786,0.10033444816053512,0.00014052310012985513,0.0028900301702267372,True,0.2747264078281136,0.06666666666666667,0.68561872909699,0.8294314381270903,0.06275213775607878,1.0389883810519283,True,0.7934795217545746,0.26666666666666666,0.23411371237458195,0.13043478260869565,0.23007888245437608,0.8132763918037733,0.8748514851485149,2525,0.41185096904158225,0.6153846153846154,39,0.4916368628449942,0.8181818181818182,11
99,both_success,ald_tf,1,29,300,1.0,1.25,3.020072613399769,1.0,0.5966666666666667,factor,0.08087141811847687,1.725934514721451,-0.012778820012511866,predictor_raw,1.0370205919814173,True,-0.18865320725785842,0.0,0.7993311036789298,0.6120401337792643,0.9621923742863968,0.0029564239926634303,True,-0.09971044122712475,0.0,0.903010033444816,0.7658862876254181,0.06433019654147884,7.432897939989975e-05,True,0.41687529861442907,0.13333333333333333,0.9531772575250836,0.17725752508361203,0.00015526391874698048,0.0028900301702267372,True,-0.049751219457993975,0.0,0.9230769230769231,0.7558528428093646,0.06201490241764484,1.0389883810519283,True,-0.15904843387148745,0.0,0.7993311036789298,0.6053511705685619,1.0100649470374599,-0.07598882631984526,0.5065346534653465,2525,0.25474255639608656,0.358974358974359,39,0.4465278042391257,0.36363636363636365,11
99,both_success,ald_tf,1,29,300,1.0,1.25,3.020072613399769,1.0,0.5966666666666667,factor,0.08087141811847687,1.725934514721451,-0.012778820012511866,encoder_factor_head_diagnostic_only,1.0370205919814173,True,0.7089809522161511,0.23333333333333334,0.28762541806020064,0.08361204013377926,0.13263431548577298,0.0029564239926634303,True,0.18347197944160357,0.0,0.4882943143812709,0.3177257525083612,0.06175681595068636,7.432897939989975e-05,True,0.06518433776763452,0.03333333333333333,0.9531772575250836,0.6321070234113713,0.00021356816851417738,0.0028900301702267372,True,0.21076030690154388,0.0,0.8963210702341137,0.30434782608695654,0.05949982607661956,1.0389883810519283,True,0.7371126231295465,0.16666666666666666,0.28762541806020064,0.09364548494983277,0.1779918118958108,0.7967135992995691,0.8962376237623763,2525,0.40909118389542004,0.41025641025641024,39,0.5780540147933529,0.7272727272727273,11
99,both_success,ald_tf,1,29,300,1.0,1.25,3.020072613399769,1.0,0.5966666666666667,lewm,0.11758106201887131,2.4784022477558443,-0.08767571877532661,encoder_raw,1.0370205919814173,True,0.762286036321626,0.2,0.18394648829431437,0.04013377926421405,0.07055019182294445,0.0029564239926634303,True,0.2658787461006138,0.03333333333333333,0.17391304347826086,0.8561872909698997,0.06521336588886084,7.432897939989975e-05,True,-0.04055559777830047,0.1,0.8862876254180602,0.08695652173913043,0.0001376825423495368,0.0028900301702267372,True,0.28309628604443327,0.1,0.7090301003344481,0.8461538461538461,0.0628804903886294,1.0389883810519283,True,0.7913986078947185,0.23333333333333334,0.18394648829431437,0.05016722408026756,0.1192883525449921,0.8201313212330733,0.8998019801980198,2525,0.4517136797448838,0.5641025641025641,39,0.5367550943097499,0.8181818181818182,11
99,both_success,ald_tf,1,29,300,1.0,1.25,3.020072613399769,1.0,0.5966666666666667,lewm,0.11758106201887131,2.4784022477558443,-0.08767571877532661,predictor_raw,1.0370205919814173,True,-0.31927332525916957,0.0,0.8294314381270903,0.6153846153846154,0.9661829677557333,0.0029564239926634303,True,-0.11273369704107823,0.0,0.8662207357859532,0.35451505016722407,0.06206666626823561,7.432897939989975e-05,True,0.43125056945077167,0.13333333333333333,0.9565217391304348,0.5886287625418061,0.00020576777875492397,0.0028900301702267372,True,-0.05939799331103679,0.0,0.882943143812709,0.3411371237458194,0.059801876004409546,1.0389883810519283,True,-0.29074811942354917,0.0,0.8294314381270903,0.6086956521739131,1.011842514093561,-0.22888664262989997,0.4293069306930693,2525,0.26448253548225026,0.358974358974359,39,0.43886504411110827,0.6363636363636364,11
99,both_success,ald_tf,1,29,300,1.0,1.25,3.020072613399769,1.0,0.5966666666666667,ald_tf,0.04909636080265045,1.0348650444268954,0.6724069577726478,encoder_raw,1.0370205919814173,True,0.762286036321626,0.2,0.18394648829431437,0.04013377926421405,0.07055019182294445,0.0029564239926634303,True,0.2658787461006138,0.03333333333333333,0.17391304347826086,0.8561872909698997,0.06521336588886084,7.432897939989975e-05,True,-0.04055559777830047,0.1,0.8862876254180602,0.08695652173913043,0.0001376825423495368,0.0028900301702267372,True,0.28309628604443327,0.1,0.7090301003344481,0.8461538461538461,0.0628804903886294,1.0389883810519283,True,0.7913986078947185,0.23333333333333334,0.18394648829431437,0.05016722408026756,0.1192883525449921,0.8201313212330733,0.8998019801980198,2525,0.4517136797448838,0.5641025641025641,39,0.5367550943097499,0.8181818181818182,11
99,both_success,ald_tf,1,29,300,1.0,1.25,3.020072613399769,1.0,0.5966666666666667,ald_tf,0.04909636080265045,1.0348650444268954,0.6724069577726478,predictor_raw,1.0370205919814173,True,0.4247802753363926,0.06666666666666667,0.6254180602006689,0.18394648829431437,0.22891271561650411,0.0029564239926634303,True,0.06548028311425683,0.0,0.6755852842809364,0.7357859531772575,0.06419383126925308,7.432897939989975e-05,True,0.23334125934732608,0.03333333333333333,0.919732441471572,0.20735785953177258,0.00015788075561983097,0.0028900301702267372,True,0.10640251558350648,0.0,0.8662207357859532,0.725752508361204,0.06188115398229193,1.0389883810519283,True,0.4568361870687452,0.06666666666666667,0.6254180602006689,0.17391304347826086,0.27665153993221425,0.5559950143852345,0.8368316831683168,2525,0.3192005445830141,0.41025641025641024,39,0.5206427702822257,0.8181818181818182,11
